{"type":"FeatureCollection","features":[{"type":"Feature","properties":{"areaM2":946,"compactness":0.246},"geometry":{"type":"Polygon","coordinates":[[[-87.6571861,41.895088],[-87.6562606,41.8944807],[-87.6563336,41.894394],[-87.6571014,41.8949245],[-87.6571861,41.895088]]]}},{"type":"Feature","properties":{"areaM2":2581,"compactness":0.112},"geometry":{"type":"Polygon","coordinates":[[[-87.6562606,41.8944807],[-87.6571861,41.895088],[-87.6574556,41.8952805],[-87.6577192,41.8954934],[-87.6580053,41.8957521],[-87.6582551,41.8959998],[-87.658455,41.8962164],[-87.6582944,41.8962194],[-87.6581742,41.8960767],[-87.6577411,41.8956743],[-87.6571402,41.8951832],[-87.6566781,41.8948552],[-87.6562378,41.8945077],[-87.6562606,41.8944807]]]}},{"type":"Feature","properties":{"areaM2":3634,"compactness":0.375},"geometry":{"type":"Polygon","coordinates":[[[-87.6561077,41.8943842],[-87.6548636,41.8935339],[-87.6549903,41.893476],[-87.6551238,41.8933945],[-87.655273,41.893281],[-87.6553538,41.8931996],[-87.6555201,41.8935591],[-87.655657,41.8937696],[-87.6558243,41.8939707],[-87.6559875,41.8941324],[-87.6561854,41.8942917],[-87.6561077,41.8943842]]]}},{"type":"Feature","properties":{"areaM2":450135,"compactness":0.797},"geometry":{"type":"Polygon","coordinates":[[[-87.6571014,41.8949245],[-87.6563336,41.894394],[-87.657416,41.893069],[-87.6582207,41.8921371],[-87.6585109,41.8918184],[-87.659133,41.891059],[-87.667085,41.890974],[-87.6671755,41.8941859],[-87.667238,41.894266],[-87.6671799,41.8943458],[-87.6672063,41.8952624],[-87.6672011,41.8955471],[-87.667222,41.896071],[-87.658455,41.8962164],[-87.6582551,41.8959998],[-87.6580053,41.8957521],[-87.6577192,41.8954934],[-87.6574556,41.8952805],[-87.6571861,41.895088],[-87.6571014,41.8949245]]]}},{"type":"Feature","properties":{"areaM2":6061,"compactness":0.095},"geometry":{"type":"Polygon","coordinates":[[[-87.6561854,41.8942917],[-87.6563872,41.8940679],[-87.657064,41.893262],[-87.6582454,41.8918851],[-87.6585759,41.8914823],[-87.6588414,41.8911819],[-87.65893,41.891061],[-87.659133,41.891059],[-87.6585109,41.8918184],[-87.6582207,41.8921371],[-87.657416,41.893069],[-87.6563336,41.894394],[-87.6561854,41.8942917]]]}},{"type":"Feature","properties":{"areaM2":81652,"compactness":0.356},"geometry":{"type":"Polygon","coordinates":[[[-87.6561854,41.8942917],[-87.6559875,41.8941324],[-87.6558243,41.8939707],[-87.655657,41.8937696],[-87.6555201,41.8935591],[-87.6553893,41.8932902],[-87.6553538,41.8931996],[-87.655448,41.893086],[-87.655509,41.8929752],[-87.6555628,41.8928139],[-87.6555809,41.8926052],[-87.6555669,41.8925139],[-87.6555394,41.892412],[-87.6554937,41.8923237],[-87.6554612,41.8922639],[-87.6553844,41.892166],[-87.6552189,41.8920167],[-87.6551055,41.8919378],[-87.6549086,41.8918411],[-87.6546716,41.8917687],[-87.6545149,41.8917436],[-87.6543732,41.8917357],[-87.6542496,41.8917412],[-87.6533906,41.891798],[-87.6531157,41.8918075],[-87.6528625,41.8917903],[-87.6526434,41.8917528],[-87.6524924,41.8917137],[-87.6521459,41.8915826],[-87.6514387,41.8911485],[-87.6533601,41.8911234],[-87.653449,41.891006],[-87.6535645,41.8911206],[-87.6540437,41.891114],[-87.654622,41.890991],[-87.655796,41.891228],[-87.6563672,41.8910865],[-87.65893,41.891061],[-87.6588414,41.8911819],[-87.6585759,41.8914823],[-87.6582454,41.8918851],[-87.657064,41.893262],[-87.6563872,41.8940679],[-87.6561854,41.8942917]]]}},{"type":"Feature","properties":{"areaM2":12638,"compactness":0.165},"geometry":{"type":"Polygon","coordinates":[[[-87.6551876,41.8927753],[-87.6550857,41.8925836],[-87.6549588,41.8924019],[-87.6548309,41.8922602],[-87.6546421,41.8921312],[-87.6544608,41.8920442],[-87.6541938,41.8919689],[-87.6539628,41.891931],[-87.6537561,41.8919212],[-87.6535831,41.8919331],[-87.6534116,41.8919621],[-87.6527282,41.8921621],[-87.6522224,41.8918421],[-87.6511991,41.8911505],[-87.6514387,41.8911485],[-87.6521459,41.8915826],[-87.6524924,41.8917137],[-87.6527705,41.8917777],[-87.6531157,41.8918075],[-87.6533906,41.891798],[-87.6543732,41.8917357],[-87.6545149,41.8917436],[-87.6546716,41.8917687],[-87.6549086,41.8918411],[-87.6551055,41.8919378],[-87.6552189,41.8920167],[-87.6553162,41.8921006],[-87.6553844,41.892166],[-87.6554612,41.8922639],[-87.6555394,41.892412],[-87.6555809,41.8926052],[-87.6555628,41.8928139],[-87.655509,41.8929752],[-87.655448,41.893086],[-87.6553538,41.8931996],[-87.6551876,41.8927753]]]}},{"type":"Feature","properties":{"areaM2":19160,"compactness":0.685},"geometry":{"type":"Polygon","coordinates":[[[-87.6534116,41.8919621],[-87.6535831,41.8919331],[-87.6537561,41.8919212],[-87.6539628,41.891931],[-87.6541938,41.8919689],[-87.6544608,41.8920442],[-87.6546421,41.8921312],[-87.6548309,41.8922602],[-87.6549588,41.8924019],[-87.6550857,41.8925836],[-87.6551876,41.8927753],[-87.6553538,41.8931996],[-87.655273,41.893281],[-87.655081,41.893423],[-87.6549903,41.893476],[-87.6548636,41.8935339],[-87.6536133,41.8927047],[-87.6527282,41.8921621],[-87.6534116,41.8919621]]]}},{"type":"Feature","properties":{"areaM2":1993,"compactness":0.247},"geometry":{"type":"Polygon","coordinates":[[[-87.6548686,41.8935372],[-87.655976,41.894301],[-87.6560972,41.8943967],[-87.6560091,41.8945015],[-87.6556393,41.8942326],[-87.6546923,41.8935917],[-87.6548686,41.8935372]]]}},{"type":"Feature","properties":{"areaM2":3181,"compactness":0.157},"geometry":{"type":"Polygon","coordinates":[[[-87.6527282,41.8921621],[-87.6536133,41.8927047],[-87.6548636,41.8935339],[-87.6546923,41.8935917],[-87.6533959,41.8926954],[-87.6532676,41.8926222],[-87.653065,41.892534],[-87.6528895,41.8924757],[-87.6525272,41.892221],[-87.6527282,41.8921621]]]}},{"type":"Feature","properties":{"areaM2":2871,"compactness":0.236},"geometry":{"type":"Polygon","coordinates":[[[-87.6511991,41.8911505],[-87.6522224,41.8918421],[-87.6527282,41.8921621],[-87.6525272,41.892221],[-87.6522715,41.8920412],[-87.651689,41.891703],[-87.6509102,41.8911529],[-87.6511991,41.8911505]]]}},{"type":"Feature","properties":{"areaM2":7578,"compactness":0.123},"geometry":{"type":"Polygon","coordinates":[[[-87.6511991,41.8911505],[-87.6509102,41.8911529],[-87.6506972,41.8910043],[-87.6495249,41.890248],[-87.6490982,41.8899622],[-87.6486098,41.8896148],[-87.6483173,41.889375],[-87.648003,41.8891],[-87.6475744,41.8886699],[-87.647566,41.8883817],[-87.6477938,41.888636],[-87.648301,41.889096],[-87.6486017,41.8893525],[-87.6494483,41.8899642],[-87.6511991,41.8911505]]]}},{"type":"Feature","properties":{"areaM2":2578,"compactness":0.371},"geometry":{"type":"Polygon","coordinates":[[[-87.6461909,41.8836812],[-87.6462521,41.8832191],[-87.6463277,41.8832197],[-87.64638,41.8832317],[-87.6464181,41.8832603],[-87.6464259,41.8834459],[-87.6464089,41.8836967],[-87.6463107,41.8844064],[-87.6460833,41.8844068],[-87.646069,41.883997],[-87.6461909,41.8836812]]]}},{"type":"Feature","properties":{"areaM2":990,"compactness":0.332},"geometry":{"type":"Polygon","coordinates":[[[-87.6462521,41.8832191],[-87.6461909,41.8836812],[-87.646069,41.883997],[-87.6460236,41.8832194],[-87.6462521,41.8832191]]]}},{"type":"Feature","properties":{"areaM2":11901,"compactness":0.633},"geometry":{"type":"Polygon","coordinates":[[[-87.6462521,41.8832191],[-87.6462614,41.8831545],[-87.647404,41.883158],[-87.6474162,41.8835602],[-87.647278,41.883733],[-87.6474243,41.8838511],[-87.647439,41.884414],[-87.6463107,41.8844064],[-87.6464089,41.8836967],[-87.6464259,41.8834459],[-87.6464181,41.8832603],[-87.64638,41.8832317],[-87.6463277,41.8832197],[-87.6462521,41.8832191]]]}},{"type":"Feature","properties":{"areaM2":12711,"compactness":0.686},"geometry":{"type":"Polygon","coordinates":[[[-87.6463336,41.882696],[-87.646431,41.8822467],[-87.6464721,41.881891],[-87.64639,41.881793],[-87.647361,41.881782],[-87.647404,41.883158],[-87.6462614,41.8831545],[-87.6463336,41.882696]]]}},{"type":"Feature","properties":{"areaM2":3294,"compactness":0.354},"geometry":{"type":"Polygon","coordinates":[[[-87.6464721,41.881891],[-87.646431,41.8822467],[-87.6463336,41.882696],[-87.6462614,41.8831545],[-87.6460203,41.8831565],[-87.6460111,41.882978],[-87.6460998,41.8827967],[-87.6460988,41.8825649],[-87.6461182,41.8823469],[-87.6461837,41.8820137],[-87.6462145,41.8817952],[-87.64639,41.881793],[-87.6464721,41.881891]]]}},{"type":"Feature","properties":{"areaM2":12522,"compactness":0.074},"geometry":{"type":"Polygon","coordinates":[[[-87.6169886,41.870035],[-87.6170034,41.8697991],[-87.6170356,41.8696301],[-87.6170904,41.8694567],[-87.6171678,41.8692672],[-87.6172646,41.8690957],[-87.6173916,41.868915],[-87.6175295,41.8687472],[-87.61874,41.867474],[-87.6192449,41.867465],[-87.6190317,41.867505],[-87.6190589,41.8675434],[-87.618882,41.867618],[-87.6177266,41.8688563],[-87.6175572,41.8690578],[-87.6174731,41.8691955],[-87.6173988,41.8693329],[-87.6172894,41.8696408],[-87.6172608,41.869765],[-87.6172361,41.8700415],[-87.6173033,41.8730201],[-87.61752,41.873245],[-87.6172564,41.8732054],[-87.6172034,41.8731553],[-87.6171768,41.8730908],[-87.617167,41.873014],[-87.6171449,41.8719958],[-87.617031,41.871631],[-87.6169886,41.870035]]]}},{"type":"Feature","properties":{"areaM2":32759,"compactness":0.481},"geometry":{"type":"Polygon","coordinates":[[[-87.6583963,41.8967333],[-87.6586001,41.8970028],[-87.658806,41.897308],[-87.658842,41.8976107],[-87.6590137,41.8979182],[-87.6591109,41.8981624],[-87.6591762,41.8983734],[-87.6592135,41.8985371],[-87.659222,41.8986582],[-87.6587764,41.8983723],[-87.658551,41.898273],[-87.6577386,41.8977507],[-87.657547,41.897776],[-87.6573171,41.8974761],[-87.6559491,41.8965906],[-87.655403,41.896255],[-87.6577688,41.896229],[-87.6578448,41.8963035],[-87.65809,41.896395],[-87.6583963,41.8967333]]]}},{"type":"Feature","properties":{"areaM2":15919,"compactness":0.11},"geometry":{"type":"Polygon","coordinates":[[[-87.6586001,41.8970028],[-87.6583963,41.8967333],[-87.65809,41.896395],[-87.6579194,41.8962263],[-87.6581535,41.896222],[-87.6584036,41.8964809],[-87.6586798,41.8968363],[-87.6590661,41.8973943],[-87.6592461,41.897685],[-87.6591549,41.8973896],[-87.6589896,41.8971238],[-87.6588676,41.8969361],[-87.6585484,41.8965209],[-87.6582944,41.8962194],[-87.658455,41.8962164],[-87.6585627,41.8963332],[-87.658834,41.8966675],[-87.6590492,41.896968],[-87.659384,41.897539],[-87.659541,41.897886],[-87.6597667,41.8980581],[-87.6600249,41.8985182],[-87.6601899,41.8987857],[-87.6607754,41.8996129],[-87.6609831,41.899842],[-87.660737,41.8996405],[-87.6604441,41.899443],[-87.659222,41.8986582],[-87.6592135,41.8985371],[-87.6591762,41.8983734],[-87.6591109,41.8981624],[-87.6590137,41.8979182],[-87.658842,41.8976107],[-87.658806,41.897308],[-87.6586001,41.8970028]]]}},{"type":"Feature","properties":{"areaM2":34427,"compactness":0.515},"geometry":{"type":"Polygon","coordinates":[[[-87.6504897,41.8909887],[-87.650701,41.8911546],[-87.647627,41.891194],[-87.647611,41.890088],[-87.647636,41.8899843],[-87.6476205,41.8895547],[-87.647593,41.889448],[-87.6475744,41.8886699],[-87.648003,41.8891],[-87.6483173,41.889375],[-87.6486098,41.8896148],[-87.6490982,41.8899622],[-87.650313,41.890759],[-87.6504897,41.8909887]]]}},{"type":"Feature","properties":{"areaM2":27226,"compactness":0.67},"geometry":{"type":"Polygon","coordinates":[[[-87.6508425,41.8912658],[-87.6509818,41.8914176],[-87.6510677,41.8915574],[-87.651108,41.8916991],[-87.651108,41.8918309],[-87.6510704,41.8919507],[-87.6510006,41.8920565],[-87.6508961,41.8921643],[-87.6507754,41.8922502],[-87.6505956,41.892338],[-87.650424,41.892392],[-87.6502604,41.8924199],[-87.6500699,41.8924339],[-87.6498618,41.8924254],[-87.6496686,41.8924439],[-87.649417,41.892235],[-87.6491242,41.8921864],[-87.647627,41.891194],[-87.650701,41.8911546],[-87.6508425,41.8912658]]]}},{"type":"Feature","properties":{"areaM2":11243,"compactness":0.32},"geometry":{"type":"Polygon","coordinates":[[[-87.6498618,41.8924254],[-87.6500699,41.8924339],[-87.6502604,41.8924199],[-87.650424,41.892392],[-87.6505956,41.892338],[-87.6507754,41.8922502],[-87.6508961,41.8921643],[-87.6510006,41.8920565],[-87.6510704,41.8919507],[-87.651108,41.8918309],[-87.651108,41.8916991],[-87.6510677,41.8915574],[-87.6509818,41.8914176],[-87.6508425,41.8912658],[-87.650701,41.8911546],[-87.6509102,41.8911529],[-87.651689,41.891703],[-87.6524168,41.8922533],[-87.6519072,41.8923999],[-87.6516845,41.8924532],[-87.65113,41.892551],[-87.6506516,41.892557],[-87.6504374,41.8925451],[-87.6497047,41.8924739],[-87.6496686,41.8924439],[-87.6498618,41.8924254]]]}},{"type":"Feature","properties":{"areaM2":10212,"compactness":0.474},"geometry":{"type":"Polygon","coordinates":[[[-87.649531,41.892457],[-87.648834,41.8923961],[-87.6485249,41.8923794],[-87.6480932,41.8923678],[-87.6476649,41.8923729],[-87.647627,41.891194],[-87.6491242,41.8921864],[-87.649417,41.892235],[-87.6496686,41.8924439],[-87.649531,41.892457]]]}},{"type":"Feature","properties":{"areaM2":17861,"compactness":0.706},"geometry":{"type":"Polygon","coordinates":[[[-87.6461992,41.8866811],[-87.6462584,41.8868005],[-87.645827,41.8868025],[-87.6457079,41.886913],[-87.645582,41.8868032],[-87.644278,41.886809],[-87.644241,41.88571],[-87.6452379,41.8856988],[-87.645415,41.885812],[-87.6458442,41.8857072],[-87.6459097,41.8859313],[-87.6461992,41.8866811]]]}},{"type":"Feature","properties":{"areaM2":2376,"compactness":0.353},"geometry":{"type":"Polygon","coordinates":[[[-87.6461992,41.8866811],[-87.646049,41.886307],[-87.6460735,41.8859888],[-87.6459993,41.8856928],[-87.646176,41.8856906],[-87.6462194,41.8859287],[-87.646315,41.886261],[-87.6464734,41.8866764],[-87.6465321,41.8867995],[-87.6462584,41.8868005],[-87.6461992,41.8866811]]]}},{"type":"Feature","properties":{"areaM2":87715,"compactness":0.647},"geometry":{"type":"Polygon","coordinates":[[[-87.6462584,41.8868005],[-87.646463,41.8871775],[-87.646837,41.8877521],[-87.647091,41.888098],[-87.6474042,41.8884833],[-87.6475744,41.8886699],[-87.647593,41.889448],[-87.6475587,41.8895575],[-87.6475684,41.889986],[-87.647611,41.890088],[-87.647627,41.891194],[-87.6468796,41.89073],[-87.645902,41.890103],[-87.645826,41.890052],[-87.6457985,41.8900154],[-87.6450622,41.8895151],[-87.644975,41.889498],[-87.6445564,41.8892278],[-87.6443369,41.889054],[-87.644278,41.886809],[-87.645582,41.8868032],[-87.6457079,41.886913],[-87.645827,41.8868025],[-87.6462584,41.8868005]]]}},{"type":"Feature","properties":{"areaM2":4056,"compactness":0.216},"geometry":{"type":"Polygon","coordinates":[[[-87.646463,41.8871775],[-87.6462584,41.8868005],[-87.6465321,41.8867995],[-87.6466145,41.8869727],[-87.646851,41.887383],[-87.6470989,41.8877785],[-87.647566,41.8883817],[-87.6475744,41.8886699],[-87.6474042,41.8884833],[-87.647091,41.888098],[-87.646837,41.8877521],[-87.646463,41.8871775]]]}},{"type":"Feature","properties":{"areaM2":31607,"compactness":0.749},"geometry":{"type":"Polygon","coordinates":[[[-87.6396202,41.8781317],[-87.639656,41.879327],[-87.6369561,41.879357],[-87.636932,41.878083],[-87.639592,41.878055],[-87.6396202,41.8781317]]]}},{"type":"Feature","properties":{"areaM2":17708,"compactness":0.761},"geometry":{"type":"Polygon","coordinates":[[[-87.639656,41.879327],[-87.6396202,41.8781317],[-87.639592,41.878055],[-87.6411089,41.878034],[-87.6411116,41.8782184],[-87.641256,41.87864],[-87.6411191,41.8786785],[-87.6411289,41.879309],[-87.639656,41.879327]]]}},{"type":"Feature","properties":{"areaM2":31695,"compactness":0.737},"geometry":{"type":"Polygon","coordinates":[[[-87.639592,41.878055],[-87.636932,41.878083],[-87.6368896,41.8778037],[-87.6368513,41.8768115],[-87.6396179,41.876771],[-87.6395439,41.8773377],[-87.6395708,41.8779716],[-87.639592,41.878055]]]}},{"type":"Feature","properties":{"areaM2":17097,"compactness":0.786},"geometry":{"type":"Polygon","coordinates":[[[-87.6366931,41.87809],[-87.63524,41.878107],[-87.635204,41.876831],[-87.636629,41.876812],[-87.6366588,41.876908],[-87.6366931,41.87809]]]}},{"type":"Feature","properties":{"areaM2":17395,"compactness":0.766},"geometry":{"type":"Polygon","coordinates":[[[-87.63524,41.878107],[-87.6366931,41.87809],[-87.6367231,41.879359],[-87.635274,41.879369],[-87.6352572,41.8787556],[-87.635081,41.878711],[-87.6352423,41.878185],[-87.63524,41.878107]]]}},{"type":"Feature","properties":{"areaM2":17564,"compactness":0.782},"geometry":{"type":"Polygon","coordinates":[[[-87.63524,41.878107],[-87.633745,41.878123],[-87.633707,41.876853],[-87.635204,41.876831],[-87.63524,41.878107]]]}},{"type":"Feature","properties":{"areaM2":16956,"compactness":0.728},"geometry":{"type":"Polygon","coordinates":[[[-87.633745,41.878123],[-87.63524,41.878107],[-87.6352423,41.878185],[-87.635081,41.878711],[-87.6352572,41.8787556],[-87.635274,41.879369],[-87.633782,41.87939],[-87.633745,41.878123]]]}},{"type":"Feature","properties":{"areaM2":35053,"compactness":0.724},"geometry":{"type":"Polygon","coordinates":[[[-87.633745,41.878123],[-87.63078,41.87816],[-87.6307431,41.876886],[-87.6328017,41.8768621],[-87.6331191,41.876757],[-87.6333563,41.8768559],[-87.633707,41.876853],[-87.633745,41.878123]]]}},{"type":"Feature","properties":{"areaM2":17324,"compactness":0.782},"geometry":{"type":"Polygon","coordinates":[[[-87.632262,41.878144],[-87.633745,41.878123],[-87.633782,41.87939],[-87.632294,41.879406],[-87.632262,41.878144]]]}},{"type":"Feature","properties":{"areaM2":17337,"compactness":0.782},"geometry":{"type":"Polygon","coordinates":[[[-87.63078,41.87816],[-87.632262,41.878144],[-87.632294,41.879406],[-87.630805,41.879429],[-87.63078,41.87816]]]}},{"type":"Feature","properties":{"areaM2":17173,"compactness":0.756},"geometry":{"type":"Polygon","coordinates":[[[-87.63078,41.87816],[-87.6302359,41.8781673],[-87.6297709,41.878076],[-87.629524,41.8781776],[-87.629291,41.878179],[-87.629257,41.876904],[-87.6307431,41.876886],[-87.63078,41.87816]]]}},{"type":"Feature","properties":{"areaM2":17647,"compactness":0.783},"geometry":{"type":"Polygon","coordinates":[[[-87.6302359,41.8781673],[-87.63078,41.87816],[-87.630805,41.879429],[-87.629327,41.879444],[-87.629291,41.878179],[-87.629524,41.8781776],[-87.6297709,41.878076],[-87.6302359,41.8781673]]]}},{"type":"Feature","properties":{"areaM2":18847,"compactness":0.784},"geometry":{"type":"Polygon","coordinates":[[[-87.626099,41.878262],[-87.626066,41.876978],[-87.6262151,41.8769689],[-87.627123,41.8769644],[-87.6275153,41.8769532],[-87.627664,41.876938],[-87.627695,41.878211],[-87.6275355,41.8782242],[-87.6269392,41.8782443],[-87.626099,41.878262]]]}},{"type":"Feature","properties":{"areaM2":19916,"compactness":0.783},"geometry":{"type":"Polygon","coordinates":[[[-87.626066,41.876978],[-87.626099,41.878262],[-87.6244129,41.8782936],[-87.6243796,41.87701],[-87.6252223,41.8770008],[-87.626066,41.876978]]]}},{"type":"Feature","properties":{"areaM2":19667,"compactness":0.785},"geometry":{"type":"Polygon","coordinates":[[[-87.6244129,41.8782936],[-87.626099,41.878262],[-87.62613,41.879529],[-87.6244445,41.8795564],[-87.6244129,41.8782936]]]}},{"type":"Feature","properties":{"areaM2":18658,"compactness":0.784},"geometry":{"type":"Polygon","coordinates":[[[-87.626099,41.878262],[-87.6269392,41.8782443],[-87.6275355,41.8782242],[-87.627695,41.878211],[-87.627723,41.87948],[-87.6275644,41.8794975],[-87.62613,41.879529],[-87.626099,41.878262]]]}},{"type":"Feature","properties":{"areaM2":18423,"compactness":0.757},"geometry":{"type":"Polygon","coordinates":[[[-87.627695,41.878211],[-87.627664,41.876938],[-87.6278096,41.8769252],[-87.6280559,41.8769189],[-87.629257,41.876904],[-87.629291,41.878179],[-87.6291853,41.8781812],[-87.628767,41.878077],[-87.6284962,41.878191],[-87.6278499,41.8781998],[-87.627695,41.878211]]]}},{"type":"Feature","properties":{"areaM2":19024,"compactness":0.783},"geometry":{"type":"Polygon","coordinates":[[[-87.627723,41.87948],[-87.627695,41.878211],[-87.6278499,41.8781998],[-87.6284962,41.878191],[-87.628767,41.878077],[-87.6291853,41.8781812],[-87.629291,41.878179],[-87.629327,41.879444],[-87.6278856,41.8794657],[-87.627723,41.87948]]]}},{"type":"Feature","properties":{"areaM2":10966,"compactness":0.285},"geometry":{"type":"Polygon","coordinates":[[[-87.635204,41.876831],[-87.633707,41.876853],[-87.633684,41.87567],[-87.6350974,41.8756968],[-87.6351008,41.8757644],[-87.6344293,41.8757716],[-87.6342553,41.8757957],[-87.6341324,41.8758337],[-87.6340644,41.8758801],[-87.634015,41.875932],[-87.6339944,41.8760347],[-87.6340056,41.8761326],[-87.6340239,41.8761819],[-87.6340906,41.8762641],[-87.6341575,41.8763061],[-87.6342642,41.8763357],[-87.6343911,41.8763385],[-87.6345209,41.8763027],[-87.6350103,41.8760994],[-87.6351237,41.8760695],[-87.6351417,41.876306],[-87.6351891,41.876431],[-87.635204,41.876831]]]}},{"type":"Feature","properties":{"areaM2":8888,"compactness":0.76},"geometry":{"type":"Polygon","coordinates":[[[-87.636629,41.876812],[-87.635204,41.876831],[-87.6351891,41.876431],[-87.6352168,41.8763014],[-87.6352265,41.8760424],[-87.6356032,41.8759581],[-87.6359085,41.8759275],[-87.6360172,41.8759351],[-87.6362541,41.8762912],[-87.6365939,41.876739],[-87.636629,41.876812]]]}},{"type":"Feature","properties":{"areaM2":32203,"compactness":0.699},"geometry":{"type":"Polygon","coordinates":[[[-87.633684,41.87567],[-87.633707,41.876853],[-87.6333563,41.8768559],[-87.6331191,41.876757],[-87.6328017,41.8768621],[-87.6307431,41.876886],[-87.630715,41.875701],[-87.632575,41.875675],[-87.633684,41.87567]]]}},{"type":"Feature","properties":{"areaM2":979,"compactness":0.232},"geometry":{"type":"Polygon","coordinates":[[[-87.636629,41.876812],[-87.6365939,41.876739],[-87.6362541,41.8762912],[-87.6360172,41.8759351],[-87.6360727,41.875939],[-87.6362871,41.87616],[-87.6366113,41.8765398],[-87.6366601,41.876659],[-87.6366828,41.876812],[-87.636629,41.876812]]]}},{"type":"Feature","properties":{"areaM2":1211,"compactness":0.164},"geometry":{"type":"Polygon","coordinates":[[[-87.6367778,41.876812],[-87.6368049,41.8775118],[-87.636895,41.878024],[-87.6368959,41.8780841],[-87.6367393,41.8780886],[-87.6366997,41.8769255],[-87.6366828,41.876812],[-87.6367778,41.876812]]]}},{"type":"Feature","properties":{"areaM2":795,"compactness":0.189},"geometry":{"type":"Polygon","coordinates":[[[-87.6366828,41.876812],[-87.6366601,41.876659],[-87.6366113,41.8765398],[-87.6362871,41.87616],[-87.6361293,41.8759495],[-87.6362427,41.8759793],[-87.6366866,41.8765023],[-87.63675,41.876633],[-87.6367778,41.876812],[-87.6366828,41.876812]]]}},{"type":"Feature","properties":{"areaM2":18329,"compactness":0.768},"geometry":{"type":"Polygon","coordinates":[[[-87.6275153,41.8769532],[-87.627123,41.8769644],[-87.6262151,41.8769689],[-87.626066,41.876978],[-87.626035,41.875694],[-87.626887,41.875675],[-87.6270919,41.8757158],[-87.627633,41.875711],[-87.627639,41.876367],[-87.6275772,41.8765119],[-87.627592,41.8768639],[-87.627664,41.876938],[-87.6275153,41.8769532]]]}},{"type":"Feature","properties":{"areaM2":19562,"compactness":0.804},"geometry":{"type":"Polygon","coordinates":[[[-87.626035,41.875694],[-87.626066,41.876978],[-87.6252223,41.8770008],[-87.6243796,41.87701],[-87.6243639,41.8763164],[-87.624521,41.875721],[-87.626035,41.875694]]]}},{"type":"Feature","properties":{"areaM2":2431,"compactness":0.305},"geometry":{"type":"Polygon","coordinates":[[[-87.6242419,41.8769915],[-87.6243796,41.87701],[-87.6244129,41.8782936],[-87.624195,41.878161],[-87.6241759,41.8775602],[-87.624175,41.876967],[-87.6242419,41.8769915]]]}},{"type":"Feature","properties":{"areaM2":2407,"compactness":0.291},"geometry":{"type":"Polygon","coordinates":[[[-87.6243796,41.87701],[-87.6242419,41.8769915],[-87.624175,41.876967],[-87.6241987,41.8763549],[-87.6242038,41.8757665],[-87.624521,41.875721],[-87.6243639,41.8763164],[-87.6243796,41.87701]]]}},{"type":"Feature","properties":{"areaM2":6071,"compactness":0.613},"geometry":{"type":"Polygon","coordinates":[[[-87.624175,41.876967],[-87.6240325,41.8768593],[-87.6235863,41.8764589],[-87.6234151,41.8762194],[-87.6233648,41.8761257],[-87.6233104,41.8759751],[-87.623299,41.87589],[-87.6239733,41.8758109],[-87.6242038,41.8757665],[-87.6241987,41.8763549],[-87.624175,41.876967]]]}},{"type":"Feature","properties":{"areaM2":71751,"compactness":0.829},"geometry":{"type":"Polygon","coordinates":[[[-87.6240325,41.8768593],[-87.624175,41.876967],[-87.6241759,41.8775602],[-87.624195,41.878161],[-87.6240883,41.8782918],[-87.6208982,41.8783318],[-87.62071,41.878341],[-87.620638,41.876231],[-87.620833,41.876037],[-87.6209058,41.8759826],[-87.621081,41.875931],[-87.622327,41.875917],[-87.623299,41.87589],[-87.6233104,41.8759751],[-87.6233648,41.8761257],[-87.6234151,41.8762194],[-87.6235264,41.8763819],[-87.6236534,41.8765264],[-87.6240325,41.8768593]]]}},{"type":"Feature","properties":{"areaM2":17627,"compactness":0.772},"geometry":{"type":"Polygon","coordinates":[[[-87.629257,41.876904],[-87.6278096,41.8769252],[-87.627664,41.876938],[-87.627705,41.8768527],[-87.6276968,41.8765096],[-87.627639,41.876367],[-87.627633,41.875711],[-87.629226,41.875702],[-87.629257,41.876904]]]}},{"type":"Feature","properties":{"areaM2":16370,"compactness":0.784},"geometry":{"type":"Polygon","coordinates":[[[-87.6307431,41.876886],[-87.629257,41.876904],[-87.629226,41.875702],[-87.630715,41.875701],[-87.6307431,41.876886]]]}},{"type":"Feature","properties":{"areaM2":18787,"compactness":0.785},"geometry":{"type":"Polygon","coordinates":[[[-87.62613,41.879529],[-87.6275644,41.8794975],[-87.627723,41.87948],[-87.62776,41.880755],[-87.6275897,41.8807761],[-87.626161,41.880802],[-87.62613,41.879529]]]}},{"type":"Feature","properties":{"areaM2":1547,"compactness":0.534},"geometry":{"type":"Polygon","coordinates":[[[-87.623299,41.87589],[-87.623299,41.875614],[-87.6240938,41.8756748],[-87.6241986,41.8756897],[-87.6242038,41.8757665],[-87.6239733,41.8758109],[-87.623299,41.87589]]]}},{"type":"Feature","properties":{"areaM2":7322,"compactness":0.385},"geometry":{"type":"Polygon","coordinates":[[[-87.623299,41.875614],[-87.623299,41.87589],[-87.622327,41.875917],[-87.621081,41.875931],[-87.6207845,41.8758863],[-87.6206884,41.8758524],[-87.620622,41.875816],[-87.6206482,41.8757889],[-87.6207528,41.8757215],[-87.6208667,41.8756691],[-87.620923,41.875589],[-87.623299,41.875614]]]}},{"type":"Feature","properties":{"areaM2":31731,"compactness":0.621},"geometry":{"type":"Polygon","coordinates":[[[-87.6396179,41.876771],[-87.6368513,41.8768115],[-87.6368379,41.8765958],[-87.6368114,41.8764902],[-87.6367384,41.8763352],[-87.636639,41.876205],[-87.6365426,41.8761208],[-87.6363328,41.8760148],[-87.63607,41.875762],[-87.6360257,41.8757038],[-87.6396334,41.8756553],[-87.6396613,41.8767027],[-87.6396179,41.876771]]]}},{"type":"Feature","properties":{"areaM2":1822,"compactness":0.241},"geometry":{"type":"Polygon","coordinates":[[[-87.6368959,41.8780841],[-87.6369159,41.8793573],[-87.6367619,41.8793586],[-87.6367393,41.8780886],[-87.6368959,41.8780841]]]}},{"type":"Feature","properties":{"areaM2":120001,"compactness":0.793},"geometry":{"type":"Polygon","coordinates":[[[-87.62402,41.896745],[-87.620387,41.896781],[-87.620283,41.893412],[-87.6209573,41.893392],[-87.62414,41.8933381],[-87.6242085,41.8962706],[-87.6241909,41.8965528],[-87.62402,41.896745]]]}},{"type":"Feature","properties":{"areaM2":120256,"compactness":0.725},"geometry":{"type":"Polygon","coordinates":[[[-87.62821,41.896678],[-87.6251568,41.8967224],[-87.624851,41.896859],[-87.62402,41.896745],[-87.6243638,41.8966355],[-87.6243883,41.8964434],[-87.6243162,41.8933353],[-87.628116,41.893279],[-87.62821,41.896678]]]}},{"type":"Feature","properties":{"areaM2":49027,"compactness":0.597},"geometry":{"type":"Polygon","coordinates":[[[-87.62978,41.896656],[-87.62821,41.896678],[-87.628116,41.893279],[-87.6296809,41.893255],[-87.6297401,41.8955682],[-87.62978,41.896656]]]}},{"type":"Feature","properties":{"areaM2":18764,"compactness":0.783},"geometry":{"type":"Polygon","coordinates":[[[-87.62776,41.880755],[-87.627723,41.87948],[-87.6278856,41.8794657],[-87.629327,41.879444],[-87.629359,41.880712],[-87.6279151,41.880737],[-87.62776,41.880755]]]}},{"type":"Feature","properties":{"areaM2":18903,"compactness":0.778},"geometry":{"type":"Polygon","coordinates":[[[-87.626161,41.880802],[-87.6275897,41.8807761],[-87.62776,41.880755],[-87.6277882,41.8819598],[-87.627809,41.882045],[-87.6276422,41.8820598],[-87.626192,41.882079],[-87.626161,41.880802]]]}},{"type":"Feature","properties":{"areaM2":18925,"compactness":0.785},"geometry":{"type":"Polygon","coordinates":[[[-87.6277882,41.8819598],[-87.62776,41.880755],[-87.6279151,41.880737],[-87.629359,41.880712],[-87.629399,41.881987],[-87.6283138,41.8820053],[-87.627809,41.882045],[-87.6277882,41.8819598]]]}},{"type":"Feature","properties":{"areaM2":19958,"compactness":0.659},"geometry":{"type":"Polygon","coordinates":[[[-87.62613,41.879529],[-87.626161,41.880802],[-87.624101,41.880841],[-87.624469,41.8807471],[-87.6244684,41.8803315],[-87.6244445,41.8795564],[-87.62613,41.879529]]]}},{"type":"Feature","properties":{"areaM2":21010,"compactness":0.675},"geometry":{"type":"Polygon","coordinates":[[[-87.624101,41.880841],[-87.626161,41.880802],[-87.626192,41.882079],[-87.6246323,41.8821108],[-87.624505,41.88224],[-87.6244923,41.881491],[-87.6242269,41.88105],[-87.6242374,41.8809335],[-87.624101,41.880841]]]}},{"type":"Feature","properties":{"areaM2":17459,"compactness":0.785},"geometry":{"type":"Polygon","coordinates":[[[-87.626192,41.882079],[-87.626985,41.882066],[-87.6272203,41.8821191],[-87.627824,41.882115],[-87.627866,41.883248],[-87.626228,41.883253],[-87.626192,41.882079]]]}},{"type":"Feature","properties":{"areaM2":17429,"compactness":0.785},"geometry":{"type":"Polygon","coordinates":[[[-87.627809,41.882045],[-87.6283138,41.8820053],[-87.629399,41.881987],[-87.629431,41.883235],[-87.6287531,41.883241],[-87.6285691,41.8831829],[-87.627862,41.883175],[-87.6278307,41.882143],[-87.627809,41.882045]]]}},{"type":"Feature","properties":{"areaM2":18469,"compactness":0.811},"geometry":{"type":"Polygon","coordinates":[[[-87.626192,41.882079],[-87.626228,41.883253],[-87.6257014,41.883253],[-87.625353,41.883357],[-87.624714,41.883255],[-87.6245322,41.8832559],[-87.624505,41.88224],[-87.6246323,41.8821108],[-87.626192,41.882079]]]}},{"type":"Feature","properties":{"areaM2":18951,"compactness":0.699},"geometry":{"type":"Polygon","coordinates":[[[-87.6257014,41.883253],[-87.626228,41.883253],[-87.626263,41.884493],[-87.6246906,41.8844905],[-87.6245731,41.884631],[-87.6245322,41.8832559],[-87.624714,41.883255],[-87.625353,41.883357],[-87.6257014,41.883253]]]}},{"type":"Feature","properties":{"areaM2":18741,"compactness":0.785},"geometry":{"type":"Polygon","coordinates":[[[-87.626263,41.884493],[-87.626228,41.883253],[-87.627866,41.883248],[-87.627902,41.884489],[-87.626263,41.884493]]]}},{"type":"Feature","properties":{"areaM2":19487,"compactness":0.767},"geometry":{"type":"Polygon","coordinates":[[[-87.626263,41.884493],[-87.627902,41.884489],[-87.627936,41.885755],[-87.626286,41.885761],[-87.6262851,41.8853646],[-87.626096,41.885128],[-87.6262768,41.8849888],[-87.626263,41.884493]]]}},{"type":"Feature","properties":{"areaM2":17626,"compactness":0.782},"geometry":{"type":"Polygon","coordinates":[[[-87.633782,41.87939],[-87.635274,41.879369],[-87.635307,41.88065],[-87.633814,41.88067],[-87.633782,41.87939]]]}},{"type":"Feature","properties":{"areaM2":17528,"compactness":0.781},"geometry":{"type":"Polygon","coordinates":[[[-87.633782,41.87939],[-87.633814,41.88067],[-87.632331,41.880685],[-87.632294,41.879406],[-87.633782,41.87939]]]}},{"type":"Feature","properties":{"areaM2":17340,"compactness":0.78},"geometry":{"type":"Polygon","coordinates":[[[-87.632331,41.880685],[-87.633814,41.88067],[-87.633848,41.881941],[-87.6324821,41.8819464],[-87.632362,41.881953],[-87.632331,41.880685]]]}},{"type":"Feature","properties":{"areaM2":17533,"compactness":0.782},"geometry":{"type":"Polygon","coordinates":[[[-87.633848,41.881941],[-87.633814,41.88067],[-87.635307,41.88065],[-87.635343,41.881924],[-87.633848,41.881941]]]}},{"type":"Feature","properties":{"areaM2":17235,"compactness":0.78},"geometry":{"type":"Polygon","coordinates":[[[-87.633848,41.881941],[-87.6345229,41.881936],[-87.6347459,41.8819904],[-87.6353449,41.881988],[-87.635376,41.883239],[-87.634711,41.883242],[-87.6344208,41.8831813],[-87.6338811,41.88318],[-87.633848,41.881941]]]}},{"type":"Feature","properties":{"areaM2":17664,"compactness":0.782},"geometry":{"type":"Polygon","coordinates":[[[-87.633882,41.883242],[-87.632417,41.883243],[-87.632362,41.881953],[-87.6324821,41.8819464],[-87.633848,41.881941],[-87.633882,41.883242]]]}},{"type":"Feature","properties":{"areaM2":15827,"compactness":0.759},"geometry":{"type":"Polygon","coordinates":[[[-87.632417,41.883243],[-87.633882,41.883242],[-87.633916,41.884468],[-87.632527,41.884474],[-87.632482,41.883305],[-87.632417,41.883243]]]}},{"type":"Feature","properties":{"areaM2":16836,"compactness":0.783},"geometry":{"type":"Polygon","coordinates":[[[-87.633916,41.884468],[-87.633882,41.883242],[-87.635376,41.883239],[-87.635401,41.884465],[-87.633916,41.884468]]]}},{"type":"Feature","properties":{"areaM2":17272,"compactness":0.782},"geometry":{"type":"Polygon","coordinates":[[[-87.633916,41.884468],[-87.635401,41.884465],[-87.635419,41.885733],[-87.633948,41.885735],[-87.633916,41.884468]]]}},{"type":"Feature","properties":{"areaM2":14461,"compactness":0.753},"geometry":{"type":"Polygon","coordinates":[[[-87.629504,41.885752],[-87.6295251,41.886823],[-87.628066,41.886819],[-87.6280371,41.8858576],[-87.627936,41.885755],[-87.629504,41.885752]]]}},{"type":"Feature","properties":{"areaM2":14569,"compactness":0.727},"geometry":{"type":"Polygon","coordinates":[[[-87.6295251,41.886823],[-87.629504,41.885752],[-87.6301774,41.8857467],[-87.63021,41.885872],[-87.6303683,41.8857466],[-87.6309861,41.885747],[-87.6310089,41.88682],[-87.6295251,41.886823]]]}},{"type":"Feature","properties":{"areaM2":18312,"compactness":0.784},"geometry":{"type":"Polygon","coordinates":[[[-87.629504,41.885752],[-87.627936,41.885755],[-87.627902,41.884489],[-87.6294679,41.884483],[-87.629504,41.885752]]]}},{"type":"Feature","properties":{"areaM2":17226,"compactness":0.781},"geometry":{"type":"Polygon","coordinates":[[[-87.629399,41.881987],[-87.6298403,41.8819815],[-87.6302086,41.8819916],[-87.630875,41.881984],[-87.630934,41.883247],[-87.629431,41.883235],[-87.629399,41.881987]]]}},{"type":"Feature","properties":{"areaM2":17437,"compactness":0.782},"geometry":{"type":"Polygon","coordinates":[[[-87.630875,41.881984],[-87.6302086,41.8819916],[-87.6298403,41.8819815],[-87.629399,41.881987],[-87.629359,41.880712],[-87.630838,41.880701],[-87.630875,41.881984]]]}},{"type":"Feature","properties":{"areaM2":17529,"compactness":0.782},"geometry":{"type":"Polygon","coordinates":[[[-87.630875,41.881984],[-87.630838,41.880701],[-87.632331,41.880685],[-87.632362,41.881953],[-87.630875,41.881984]]]}},{"type":"Feature","properties":{"areaM2":16740,"compactness":0.782},"geometry":{"type":"Polygon","coordinates":[[[-87.630875,41.881984],[-87.631509,41.881974],[-87.6317794,41.8820191],[-87.632365,41.88201],[-87.632417,41.883243],[-87.631797,41.883246],[-87.6313752,41.8831848],[-87.630932,41.883184],[-87.630875,41.881984]]]}},{"type":"Feature","properties":{"areaM2":17315,"compactness":0.782},"geometry":{"type":"Polygon","coordinates":[[[-87.630838,41.880701],[-87.629359,41.880712],[-87.629327,41.879444],[-87.630805,41.879429],[-87.630838,41.880701]]]}},{"type":"Feature","properties":{"areaM2":17540,"compactness":0.782},"geometry":{"type":"Polygon","coordinates":[[[-87.630838,41.880701],[-87.630805,41.879429],[-87.632294,41.879406],[-87.632331,41.880685],[-87.630838,41.880701]]]}},{"type":"Feature","properties":{"areaM2":17965,"compactness":0.785},"geometry":{"type":"Polygon","coordinates":[[[-87.627902,41.884489],[-87.627866,41.883248],[-87.629431,41.883235],[-87.6294679,41.884483],[-87.627902,41.884489]]]}},{"type":"Feature","properties":{"areaM2":17455,"compactness":0.736},"geometry":{"type":"Polygon","coordinates":[[[-87.629504,41.885752],[-87.6294679,41.884483],[-87.630953,41.884477],[-87.6309861,41.885747],[-87.6303683,41.8857466],[-87.63021,41.885872],[-87.6301774,41.8857467],[-87.629504,41.885752]]]}},{"type":"Feature","properties":{"areaM2":17066,"compactness":0.783},"geometry":{"type":"Polygon","coordinates":[[[-87.630953,41.884477],[-87.6294679,41.884483],[-87.629431,41.883235],[-87.630934,41.883247],[-87.630953,41.884477]]]}},{"type":"Feature","properties":{"areaM2":16328,"compactness":0.765},"geometry":{"type":"Polygon","coordinates":[[[-87.630953,41.884477],[-87.630934,41.883247],[-87.632417,41.883243],[-87.6323628,41.8833089],[-87.632402,41.884474],[-87.630953,41.884477]]]}},{"type":"Feature","properties":{"areaM2":16691,"compactness":0.78},"geometry":{"type":"Polygon","coordinates":[[[-87.630953,41.884477],[-87.632402,41.884474],[-87.6324121,41.8849057],[-87.6323822,41.8853027],[-87.6323871,41.885742],[-87.6309861,41.885747],[-87.630953,41.884477]]]}},{"type":"Feature","properties":{"areaM2":1350,"compactness":0.206},"geometry":{"type":"Polygon","coordinates":[[[-87.632402,41.884474],[-87.6323628,41.8833089],[-87.632417,41.883243],[-87.632482,41.883305],[-87.632527,41.884474],[-87.632402,41.884474]]]}},{"type":"Feature","properties":{"areaM2":31246,"compactness":0.692},"geometry":{"type":"Polygon","coordinates":[[[-87.629527,41.886949],[-87.631015,41.886949],[-87.631063,41.889218],[-87.62958,41.889242],[-87.629527,41.886949]]]}},{"type":"Feature","properties":{"areaM2":31391,"compactness":0.676},"geometry":{"type":"Polygon","coordinates":[[[-87.629527,41.886949],[-87.62958,41.889242],[-87.628007,41.889259],[-87.62801,41.888652],[-87.6280895,41.8885035],[-87.6281228,41.8879581],[-87.628079,41.886947],[-87.629527,41.886949]]]}},{"type":"Feature","properties":{"areaM2":29803,"compactness":0.685},"geometry":{"type":"Polygon","coordinates":[[[-87.631015,41.886949],[-87.632499,41.886947],[-87.632518,41.888008],[-87.6324558,41.8881129],[-87.6324263,41.8885158],[-87.632435,41.88919],[-87.631063,41.889218],[-87.631015,41.886949]]]}},{"type":"Feature","properties":{"areaM2":948,"compactness":0.18},"geometry":{"type":"Polygon","coordinates":[[[-87.6310102,41.8868475],[-87.6324446,41.8868488],[-87.6324835,41.886919],[-87.6310136,41.886919],[-87.6310102,41.8868475]]]}},{"type":"Feature","properties":{"areaM2":988,"compactness":0.18},"geometry":{"type":"Polygon","coordinates":[[[-87.6310136,41.886919],[-87.6295266,41.8869215],[-87.6295254,41.8868487],[-87.6310102,41.8868475],[-87.6310136,41.886919]]]}},{"type":"Feature","properties":{"areaM2":29341,"compactness":0.688},"geometry":{"type":"Polygon","coordinates":[[[-87.632518,41.888008],[-87.632499,41.886947],[-87.63398,41.886948],[-87.6340211,41.889159],[-87.632656,41.889185],[-87.6326385,41.8885224],[-87.6325845,41.8881106],[-87.632518,41.888008]]]}},{"type":"Feature","properties":{"areaM2":924,"compactness":0.177},"geometry":{"type":"Polygon","coordinates":[[[-87.6325518,41.8868489],[-87.6339762,41.8868503],[-87.6339788,41.886919],[-87.6325141,41.886919],[-87.6325518,41.8868489]]]}},{"type":"Feature","properties":{"areaM2":241779,"compactness":0.585},"geometry":{"type":"Polygon","coordinates":[[[-87.63544,41.886906],[-87.6356618,41.8868181],[-87.6358088,41.8867313],[-87.6367539,41.8861036],[-87.6368314,41.8860225],[-87.6368912,41.885935],[-87.636973,41.885732],[-87.6369942,41.8856358],[-87.6370894,41.8846402],[-87.637084,41.884462],[-87.6396855,41.8844403],[-87.639799,41.884448],[-87.6398262,41.8845512],[-87.6398518,41.8855486],[-87.639866,41.885734],[-87.640047,41.8858843],[-87.6405911,41.8862869],[-87.6411494,41.8866797],[-87.641353,41.886808],[-87.644278,41.886809],[-87.6443369,41.889054],[-87.6430136,41.8890663],[-87.642951,41.888926],[-87.6427978,41.8890683],[-87.6422229,41.8890724],[-87.641592,41.8890551],[-87.6410342,41.8890596],[-87.6410161,41.889102],[-87.6406796,41.8890765],[-87.6400111,41.889064],[-87.639256,41.889074],[-87.6390754,41.8890887],[-87.638968,41.889117],[-87.638119,41.889119],[-87.63717,41.889134],[-87.6369603,41.8891292],[-87.6369577,41.888875],[-87.636943,41.888771],[-87.6369003,41.8886452],[-87.6368344,41.8885182],[-87.6364616,41.8880737],[-87.6358901,41.887461],[-87.6354655,41.8869819],[-87.63544,41.886906]]]}},{"type":"Feature","properties":{"areaM2":47806,"compactness":0.751},"geometry":{"type":"Polygon","coordinates":[[[-87.6354655,41.8869819],[-87.6358901,41.887461],[-87.6364616,41.8880737],[-87.6368344,41.8885182],[-87.6369003,41.8886452],[-87.636943,41.888771],[-87.6369577,41.888875],[-87.6369603,41.8891292],[-87.636604,41.889122],[-87.6340211,41.889159],[-87.63398,41.886948],[-87.635198,41.8869489],[-87.6352976,41.8869405],[-87.63544,41.886906],[-87.6354655,41.8869819]]]}},{"type":"Feature","properties":{"areaM2":634,"compactness":0.094},"geometry":{"type":"Polygon","coordinates":[[[-87.6368893,41.8857324],[-87.6369522,41.8850469],[-87.6369693,41.8847183],[-87.636965,41.884459],[-87.6370329,41.8844607],[-87.6370189,41.8848882],[-87.636963,41.8855051],[-87.6369289,41.885721],[-87.636925,41.8857322],[-87.6368893,41.8857324]]]}},{"type":"Feature","properties":{"areaM2":922,"compactness":0.131},"geometry":{"type":"Polygon","coordinates":[[[-87.6368008,41.8857328],[-87.6368315,41.8855171],[-87.6368898,41.8848772],[-87.6368856,41.8844583],[-87.636965,41.884459],[-87.6369693,41.8847183],[-87.6369522,41.8850469],[-87.6368893,41.8857324],[-87.6368008,41.8857328]]]}},{"type":"Feature","properties":{"areaM2":1427,"compactness":0.136},"geometry":{"type":"Polygon","coordinates":[[[-87.6368893,41.8857324],[-87.636873,41.88588],[-87.636802,41.8859874],[-87.6367188,41.8860772],[-87.6365955,41.8861791],[-87.6356588,41.8867827],[-87.6354952,41.8868531],[-87.6354397,41.8868666],[-87.6354393,41.8868004],[-87.6356235,41.8867075],[-87.6365456,41.8861186],[-87.6366601,41.8860104],[-87.6367422,41.885888],[-87.6368008,41.8857328],[-87.6368893,41.8857324]]]}},{"type":"Feature","properties":{"areaM2":31131,"compactness":0.739},"geometry":{"type":"Polygon","coordinates":[[[-87.637084,41.884462],[-87.637054,41.88322],[-87.6385761,41.8831969],[-87.6396177,41.8832019],[-87.639745,41.883185],[-87.6397676,41.8833086],[-87.6397879,41.8843609],[-87.639799,41.884448],[-87.6396855,41.8844403],[-87.637084,41.884462]]]}},{"type":"Feature","properties":{"areaM2":1329,"compactness":0.193},"geometry":{"type":"Polygon","coordinates":[[[-87.6370132,41.8832205],[-87.6370365,41.8843507],[-87.6370329,41.8844607],[-87.636965,41.884459],[-87.6369492,41.8840467],[-87.6368693,41.8836591],[-87.6368596,41.8832225],[-87.6370132,41.8832205]]]}},{"type":"Feature","properties":{"areaM2":32339,"compactness":0.752},"geometry":{"type":"Polygon","coordinates":[[[-87.637054,41.88322],[-87.637022,41.881916],[-87.6387135,41.8818929],[-87.639706,41.881889],[-87.639745,41.883185],[-87.6396177,41.8832019],[-87.6385761,41.8831969],[-87.637054,41.88322]]]}},{"type":"Feature","properties":{"areaM2":15308,"compactness":0.76},"geometry":{"type":"Polygon","coordinates":[[[-87.627892,41.886817],[-87.6264709,41.8867948],[-87.626312,41.886804],[-87.626286,41.885761],[-87.627936,41.885755],[-87.6278731,41.8858577],[-87.627892,41.886817]]]}},{"type":"Feature","properties":{"areaM2":1141,"compactness":0.363},"geometry":{"type":"Polygon","coordinates":[[[-87.6264709,41.8867948],[-87.6268991,41.8867978],[-87.627308,41.886809],[-87.6270842,41.8868431],[-87.6268486,41.8868993],[-87.6267023,41.8869526],[-87.626404,41.887098],[-87.6263739,41.8870319],[-87.626312,41.886804],[-87.6264709,41.8867948]]]}},{"type":"Feature","properties":{"areaM2":1573,"compactness":0.305},"geometry":{"type":"Polygon","coordinates":[[[-87.627936,41.885755],[-87.6280371,41.8858576],[-87.628066,41.886819],[-87.627892,41.886817],[-87.6278731,41.8858577],[-87.627936,41.885755]]]}},{"type":"Feature","properties":{"areaM2":952,"compactness":0.181},"geometry":{"type":"Polygon","coordinates":[[[-87.6295266,41.8869215],[-87.628076,41.8869173],[-87.6280689,41.886848],[-87.6295254,41.8868487],[-87.6295266,41.8869215]]]}},{"type":"Feature","properties":{"areaM2":14004,"compactness":0.787},"geometry":{"type":"Polygon","coordinates":[[[-87.6310089,41.88682],[-87.6309861,41.885747],[-87.6323871,41.885742],[-87.6323852,41.8858415],[-87.6324085,41.886085],[-87.632428,41.886819],[-87.6310089,41.88682]]]}},{"type":"Feature","properties":{"areaM2":905,"compactness":0.169},"geometry":{"type":"Polygon","coordinates":[[[-87.6354397,41.8868666],[-87.6352694,41.8869079],[-87.6351711,41.8869195],[-87.6339788,41.886919],[-87.6339762,41.8868503],[-87.6351176,41.8868539],[-87.6353345,41.8868306],[-87.6354393,41.8868004],[-87.6354397,41.8868666]]]}},{"type":"Feature","properties":{"areaM2":14660,"compactness":0.799},"geometry":{"type":"Polygon","coordinates":[[[-87.6352809,41.8868071],[-87.6350487,41.8868229],[-87.633975,41.886821],[-87.633948,41.885735],[-87.635419,41.885733],[-87.635439,41.886769],[-87.6352809,41.8868071]]]}},{"type":"Feature","properties":{"areaM2":7605,"compactness":0.633},"geometry":{"type":"Polygon","coordinates":[[[-87.63676,41.885733],[-87.6366884,41.8859057],[-87.6366449,41.8859697],[-87.6365687,41.8860509],[-87.6364799,41.886123],[-87.6360991,41.8863685],[-87.635439,41.886769],[-87.635419,41.885733],[-87.63676,41.885733]]]}},{"type":"Feature","properties":{"areaM2":16532,"compactness":0.787},"geometry":{"type":"Polygon","coordinates":[[[-87.63676,41.885733],[-87.635419,41.885733],[-87.635401,41.884465],[-87.6368431,41.884458],[-87.636848,41.8846172],[-87.6368302,41.8850958],[-87.6367808,41.8856322],[-87.63676,41.885733]]]}},{"type":"Feature","properties":{"areaM2":17439,"compactness":0.778},"geometry":{"type":"Polygon","coordinates":[[[-87.636818,41.883223],[-87.635376,41.883239],[-87.635343,41.881924],[-87.636785,41.881915],[-87.636818,41.883223]]]}},{"type":"Feature","properties":{"areaM2":16361,"compactness":0.782},"geometry":{"type":"Polygon","coordinates":[[[-87.635376,41.883239],[-87.636818,41.883223],[-87.6368431,41.884458],[-87.635401,41.884465],[-87.635376,41.883239]]]}},{"type":"Feature","properties":{"areaM2":772,"compactness":0.113},"geometry":{"type":"Polygon","coordinates":[[[-87.6368213,41.8819152],[-87.6367989,41.8806306],[-87.636864,41.88063],[-87.636889,41.88179],[-87.636839,41.8819152],[-87.6368213,41.8819152]]]}},{"type":"Feature","properties":{"areaM2":1096,"compactness":0.147},"geometry":{"type":"Polygon","coordinates":[[[-87.636839,41.8819152],[-87.636889,41.88179],[-87.636864,41.88063],[-87.636954,41.8806286],[-87.6369813,41.8819158],[-87.636839,41.8819152]]]}},{"type":"Feature","properties":{"areaM2":46320,"compactness":0.582},"geometry":{"type":"Polygon","coordinates":[[[-87.62978,41.896656],[-87.6297401,41.8955682],[-87.6296809,41.893255],[-87.631163,41.893233],[-87.631243,41.896634],[-87.62978,41.896656]]]}},{"type":"Feature","properties":{"areaM2":10868,"compactness":0.764},"geometry":{"type":"Polygon","coordinates":[[[-87.6296809,41.893255],[-87.629666,41.892457],[-87.631145,41.892439],[-87.631163,41.893233],[-87.6296809,41.893255]]]}},{"type":"Feature","properties":{"areaM2":11162,"compactness":0.767},"geometry":{"type":"Polygon","coordinates":[[[-87.6296381,41.891644],[-87.631127,41.891621],[-87.631145,41.892439],[-87.629666,41.892457],[-87.6296381,41.891644]]]}},{"type":"Feature","properties":{"areaM2":10938,"compactness":0.764},"geometry":{"type":"Polygon","coordinates":[[[-87.631127,41.891621],[-87.6296381,41.891644],[-87.629616,41.890844],[-87.6311091,41.89083],[-87.631127,41.891621]]]}},{"type":"Feature","properties":{"areaM2":11740,"compactness":0.759},"geometry":{"type":"Polygon","coordinates":[[[-87.6296381,41.891644],[-87.629666,41.892457],[-87.6280941,41.892476],[-87.628071,41.891667],[-87.6296381,41.891644]]]}},{"type":"Feature","properties":{"areaM2":11537,"compactness":0.757},"geometry":{"type":"Polygon","coordinates":[[[-87.629616,41.890844],[-87.6296381,41.891644],[-87.628071,41.891667],[-87.628048,41.890871],[-87.629616,41.890844]]]}},{"type":"Feature","properties":{"areaM2":11661,"compactness":0.758},"geometry":{"type":"Polygon","coordinates":[[[-87.629616,41.890844],[-87.628048,41.890871],[-87.628021,41.890065],[-87.6295979,41.890042],[-87.629616,41.890844]]]}},{"type":"Feature","properties":{"areaM2":11084,"compactness":0.765},"geometry":{"type":"Polygon","coordinates":[[[-87.629616,41.890844],[-87.6295979,41.890042],[-87.631091,41.890022],[-87.6311091,41.89083],[-87.629616,41.890844]]]}},{"type":"Feature","properties":{"areaM2":11007,"compactness":0.765},"geometry":{"type":"Polygon","coordinates":[[[-87.631091,41.890022],[-87.6295979,41.890042],[-87.62958,41.889242],[-87.631063,41.889218],[-87.631091,41.890022]]]}},{"type":"Feature","properties":{"areaM2":11700,"compactness":0.76},"geometry":{"type":"Polygon","coordinates":[[[-87.6295979,41.890042],[-87.628021,41.890065],[-87.628001,41.8895061],[-87.628007,41.889259],[-87.62958,41.889242],[-87.6295979,41.890042]]]}},{"type":"Feature","properties":{"areaM2":43844,"compactness":0.565},"geometry":{"type":"Polygon","coordinates":[[[-87.631243,41.896634],[-87.631163,41.893233],[-87.6325656,41.8932119],[-87.632607,41.894814],[-87.632605,41.895614],[-87.632635,41.896613],[-87.631243,41.896634]]]}},{"type":"Feature","properties":{"areaM2":10228,"compactness":0.77},"geometry":{"type":"Polygon","coordinates":[[[-87.631163,41.893233],[-87.631145,41.892439],[-87.6325446,41.8924228],[-87.6325656,41.8932119],[-87.631163,41.893233]]]}},{"type":"Feature","properties":{"areaM2":9999,"compactness":0.771},"geometry":{"type":"Polygon","coordinates":[[[-87.631127,41.891621],[-87.6311091,41.89083],[-87.632487,41.890819],[-87.632508,41.8916],[-87.631127,41.891621]]]}},{"type":"Feature","properties":{"areaM2":10521,"compactness":0.775},"geometry":{"type":"Polygon","coordinates":[[[-87.631127,41.891621],[-87.632508,41.8916],[-87.6325446,41.8924228],[-87.631145,41.892439],[-87.631127,41.891621]]]}},{"type":"Feature","properties":{"areaM2":10250,"compactness":0.774},"geometry":{"type":"Polygon","coordinates":[[[-87.631091,41.890022],[-87.631063,41.889218],[-87.632435,41.88919],[-87.632466,41.890004],[-87.631091,41.890022]]]}},{"type":"Feature","properties":{"areaM2":10302,"compactness":0.774},"geometry":{"type":"Polygon","coordinates":[[[-87.631091,41.890022],[-87.632466,41.890004],[-87.632487,41.890819],[-87.6311091,41.89083],[-87.631091,41.890022]]]}},{"type":"Feature","properties":{"areaM2":92848,"compactness":0.751},"geometry":{"type":"Polygon","coordinates":[[[-87.63421,41.896586],[-87.634111,41.893188],[-87.6370489,41.893151],[-87.6370658,41.893246],[-87.637178,41.896556],[-87.63421,41.896586]]]}},{"type":"Feature","properties":{"areaM2":43981,"compactness":0.566},"geometry":{"type":"Polygon","coordinates":[[[-87.634111,41.893188],[-87.63421,41.896586],[-87.6327931,41.89661],[-87.6327225,41.8932091],[-87.634111,41.893188]]]}},{"type":"Feature","properties":{"areaM2":20970,"compactness":0.601},"geometry":{"type":"Polygon","coordinates":[[[-87.634111,41.893188],[-87.634078,41.892404],[-87.635611,41.892386],[-87.637042,41.892389],[-87.637005,41.8925099],[-87.6370106,41.8929436],[-87.6370489,41.893151],[-87.634111,41.893188]]]}},{"type":"Feature","properties":{"areaM2":10022,"compactness":0.774},"geometry":{"type":"Polygon","coordinates":[[[-87.634078,41.892404],[-87.634111,41.893188],[-87.6327225,41.8932091],[-87.6327037,41.8925076],[-87.6327139,41.8924205],[-87.634078,41.892404]]]}},{"type":"Feature","properties":{"areaM2":22736,"compactness":0.621},"geometry":{"type":"Polygon","coordinates":[[[-87.634078,41.892404],[-87.634055,41.891576],[-87.6370189,41.891543],[-87.637042,41.892389],[-87.635611,41.892386],[-87.634078,41.892404]]]}},{"type":"Feature","properties":{"areaM2":10302,"compactness":0.774},"geometry":{"type":"Polygon","coordinates":[[[-87.634055,41.891576],[-87.634078,41.892404],[-87.6327139,41.8924205],[-87.6327235,41.8923153],[-87.632704,41.891596],[-87.634055,41.891576]]]}},{"type":"Feature","properties":{"areaM2":21568,"compactness":0.608},"geometry":{"type":"Polygon","coordinates":[[[-87.634055,41.891576],[-87.6340339,41.890794],[-87.637002,41.890748],[-87.6370189,41.891543],[-87.634055,41.891576]]]}},{"type":"Feature","properties":{"areaM2":9744,"compactness":0.773},"geometry":{"type":"Polygon","coordinates":[[[-87.6340339,41.890794],[-87.634055,41.891576],[-87.632704,41.891596],[-87.6326831,41.890814],[-87.6340339,41.890794]]]}},{"type":"Feature","properties":{"areaM2":22173,"compactness":0.615},"geometry":{"type":"Polygon","coordinates":[[[-87.637002,41.890748],[-87.6340339,41.890794],[-87.634012,41.889982],[-87.636984,41.889941],[-87.637002,41.890748]]]}},{"type":"Feature","properties":{"areaM2":10126,"compactness":0.776},"geometry":{"type":"Polygon","coordinates":[[[-87.634012,41.889982],[-87.6340339,41.890794],[-87.6326831,41.890814],[-87.632662,41.89],[-87.634012,41.889982]]]}},{"type":"Feature","properties":{"areaM2":152873,"compactness":0.7},"geometry":{"type":"Polygon","coordinates":[[[-87.6205959,41.873217],[-87.6206006,41.874518],[-87.620622,41.875816],[-87.62071,41.878341],[-87.6204604,41.8783517],[-87.617657,41.878384],[-87.6174184,41.8774231],[-87.6173316,41.8734003],[-87.61752,41.873245],[-87.6205959,41.873217]]]}},{"type":"Feature","properties":{"areaM2":74284,"compactness":0.723},"geometry":{"type":"Polygon","coordinates":[[[-87.6206006,41.874518],[-87.6205959,41.873217],[-87.6238117,41.8731586],[-87.624451,41.87316],[-87.6241378,41.8732517],[-87.624144,41.8735387],[-87.6241581,41.8739684],[-87.6243211,41.8742072],[-87.624326,41.874362],[-87.624484,41.874446],[-87.6238994,41.8747015],[-87.6237396,41.8748275],[-87.623604,41.8749573],[-87.6235212,41.8750575],[-87.6233824,41.8752913],[-87.6233184,41.8754883],[-87.623299,41.875614],[-87.622321,41.875602],[-87.6220206,41.8756059],[-87.620923,41.875589],[-87.6208665,41.8755793],[-87.620617,41.875407],[-87.6206006,41.874518]]]}},{"type":"Feature","properties":{"areaM2":183699,"compactness":0.657},"geometry":{"type":"Polygon","coordinates":[[[-87.6238117,41.8731586],[-87.6205959,41.873217],[-87.6206112,41.8730972],[-87.6205522,41.8704351],[-87.6205019,41.8685927],[-87.620447,41.867744],[-87.6206671,41.8675985],[-87.621776,41.867581],[-87.6223532,41.8675633],[-87.6232974,41.86752],[-87.6240707,41.8675071],[-87.6240394,41.8685861],[-87.6240396,41.8691978],[-87.6241191,41.8726222],[-87.6242923,41.8729028],[-87.6242968,41.8730918],[-87.624451,41.87316],[-87.6238117,41.8731586]]]}},{"type":"Feature","properties":{"areaM2":155829,"compactness":0.705},"geometry":{"type":"Polygon","coordinates":[[[-87.6205959,41.873217],[-87.61752,41.873245],[-87.6173033,41.8730201],[-87.6172361,41.8700415],[-87.6172608,41.869765],[-87.6172894,41.8696408],[-87.6173988,41.8693329],[-87.6175572,41.8690578],[-87.6177266,41.8688563],[-87.618882,41.867618],[-87.620141,41.867606],[-87.620447,41.867744],[-87.6205019,41.8685927],[-87.6206112,41.8730972],[-87.6205959,41.873217]]]}},{"type":"Feature","properties":{"areaM2":75944,"compactness":0.812},"geometry":{"type":"Polygon","coordinates":[[[-87.62071,41.878341],[-87.620794,41.880877],[-87.6199113,41.8808952],[-87.617692,41.880917],[-87.6174781,41.8802292],[-87.6174738,41.879547],[-87.6174443,41.8785166],[-87.617657,41.878384],[-87.6204604,41.8783517],[-87.62071,41.878341]]]}},{"type":"Feature","properties":{"areaM2":82320,"compactness":0.775},"geometry":{"type":"Polygon","coordinates":[[[-87.620794,41.880877],[-87.62071,41.878341],[-87.6208982,41.8783318],[-87.6240883,41.8782918],[-87.624195,41.878161],[-87.6242767,41.8792117],[-87.6243031,41.8801026],[-87.6242777,41.8804062],[-87.624101,41.880841],[-87.622535,41.880862],[-87.6224176,41.880833],[-87.6222225,41.8808377],[-87.6220841,41.88087],[-87.620794,41.880877]]]}},{"type":"Feature","properties":{"areaM2":132155,"compactness":0.599},"geometry":{"type":"Polygon","coordinates":[[[-87.6207112,41.8809901],[-87.6207157,41.8813324],[-87.6206965,41.8815717],[-87.6205579,41.8826227],[-87.6205428,41.8829698],[-87.620548,41.884195],[-87.6206055,41.8843569],[-87.614446,41.884388],[-87.6143672,41.8843538],[-87.6144629,41.8842258],[-87.614645,41.884041],[-87.6149229,41.8838079],[-87.6152661,41.8835993],[-87.6157036,41.8833907],[-87.616174,41.883193],[-87.616396,41.8830651],[-87.6166853,41.882873],[-87.6168739,41.8827148],[-87.6170304,41.8825575],[-87.6171398,41.8824363],[-87.6172489,41.8822874],[-87.6173214,41.8821673],[-87.6173913,41.8820058],[-87.6174529,41.8818209],[-87.6174844,41.8816425],[-87.6175059,41.8810428],[-87.617692,41.880917],[-87.6199113,41.8808952],[-87.620794,41.880877],[-87.6207112,41.8809901]]]}},{"type":"Feature","properties":{"areaM2":6178,"compactness":0.125},"geometry":{"type":"Polygon","coordinates":[[[-87.6206581,41.8818708],[-87.6207157,41.8813324],[-87.6207112,41.8809901],[-87.620794,41.880877],[-87.620887,41.8809885],[-87.6208975,41.8813294],[-87.6208675,41.881884],[-87.6207551,41.8826591],[-87.6207329,41.8832097],[-87.620757,41.884202],[-87.6207144,41.8843575],[-87.6206055,41.8843569],[-87.620548,41.884195],[-87.6205428,41.8829698],[-87.6205579,41.8826227],[-87.6206581,41.8818708]]]}},{"type":"Feature","properties":{"areaM2":111512,"compactness":0.753},"geometry":{"type":"Polygon","coordinates":[[[-87.620794,41.880877],[-87.6220841,41.88087],[-87.6222322,41.8809106],[-87.6224263,41.8809076],[-87.622535,41.880862],[-87.624101,41.880841],[-87.6242269,41.88105],[-87.624191,41.881523],[-87.624209,41.8824497],[-87.624407,41.883256],[-87.6242403,41.8833552],[-87.6242714,41.8838965],[-87.624335,41.884308],[-87.6241818,41.8843671],[-87.6221277,41.8843779],[-87.6207144,41.8843575],[-87.620757,41.884202],[-87.6207329,41.8832097],[-87.6207551,41.8826591],[-87.6208675,41.881884],[-87.6208975,41.8813294],[-87.620887,41.8809885],[-87.620794,41.880877]]]}},{"type":"Feature","properties":{"areaM2":94206,"compactness":0.721},"geometry":{"type":"Polygon","coordinates":[[[-87.620672,41.8885798],[-87.6207586,41.8879893],[-87.6215954,41.8881001],[-87.622307,41.888223],[-87.6229011,41.8882826],[-87.6234232,41.8883239],[-87.624286,41.888314],[-87.6243042,41.8882922],[-87.6244324,41.8882942],[-87.6241999,41.889336],[-87.6240384,41.8899217],[-87.6240734,41.8909328],[-87.6219738,41.8909672],[-87.621959,41.890861],[-87.6209021,41.8909983],[-87.6202099,41.891016],[-87.620233,41.890695],[-87.620395,41.889573],[-87.6205193,41.8894934],[-87.620672,41.8885798]]]}},{"type":"Feature","properties":{"areaM2":2648,"compactness":0.239},"geometry":{"type":"Polygon","coordinates":[[[-87.620672,41.8885798],[-87.6205193,41.8894934],[-87.620395,41.889573],[-87.6203409,41.8894808],[-87.620429,41.888892],[-87.6205684,41.8880501],[-87.620636,41.8879756],[-87.6207586,41.8879893],[-87.620672,41.8885798]]]}},{"type":"Feature","properties":{"areaM2":43545,"compactness":0.4},"geometry":{"type":"Polygon","coordinates":[[[-87.6202099,41.891016],[-87.620235,41.891803],[-87.617688,41.891833],[-87.6150927,41.8918769],[-87.614335,41.8919],[-87.6142246,41.8916047],[-87.6142382,41.8911279],[-87.6180681,41.8910603],[-87.618601,41.890917],[-87.619304,41.8910394],[-87.619633,41.890911],[-87.6200409,41.8910205],[-87.6202099,41.891016]]]}},{"type":"Feature","properties":{"areaM2":28834,"compactness":0.526},"geometry":{"type":"Polygon","coordinates":[[[-87.620235,41.891803],[-87.6202099,41.891016],[-87.6209021,41.8909983],[-87.621959,41.890861],[-87.6219738,41.8909672],[-87.6240734,41.8909328],[-87.6241019,41.8917306],[-87.6228965,41.8917459],[-87.620235,41.891803]]]}},{"type":"Feature","properties":{"areaM2":183208,"compactness":0.743},"geometry":{"type":"Polygon","coordinates":[[[-87.620233,41.890695],[-87.6202099,41.891016],[-87.6200409,41.8910205],[-87.619633,41.890911],[-87.619304,41.8910394],[-87.618601,41.890917],[-87.6180681,41.8910603],[-87.6142382,41.8911279],[-87.6142448,41.890483],[-87.614222,41.889647],[-87.6142498,41.8895393],[-87.6141937,41.8878639],[-87.6141952,41.8878102],[-87.6142157,41.8877777],[-87.6143328,41.8877126],[-87.6144566,41.8876842],[-87.6147742,41.8876897],[-87.6151049,41.887652],[-87.6153677,41.8877381],[-87.6160116,41.887779],[-87.6186585,41.8879062],[-87.6191163,41.8879088],[-87.61954,41.887866],[-87.620636,41.8879756],[-87.6205684,41.8880501],[-87.6203409,41.8894808],[-87.620395,41.889573],[-87.620233,41.890695]]]}},{"type":"Feature","properties":{"areaM2":994,"compactness":0.377},"geometry":{"type":"Polygon","coordinates":[[[-87.6450009,41.8760981],[-87.6452045,41.8762799],[-87.6452386,41.8763276],[-87.6446182,41.8760809],[-87.6444858,41.8759014],[-87.6444334,41.8758099],[-87.6445383,41.8758433],[-87.644772,41.875942],[-87.6450009,41.8760981]]]}},{"type":"Feature","properties":{"areaM2":3430,"compactness":0.52},"geometry":{"type":"Polygon","coordinates":[[[-87.6452045,41.8762799],[-87.6450009,41.8760981],[-87.644772,41.875942],[-87.6445383,41.8758433],[-87.6444334,41.8758099],[-87.6444044,41.8757462],[-87.6443747,41.8756325],[-87.6452933,41.8757133],[-87.6454787,41.8764103],[-87.6452386,41.8763276],[-87.6452045,41.8762799]]]}},{"type":"Feature","properties":{"areaM2":1836,"compactness":0.505},"geometry":{"type":"Polygon","coordinates":[[[-87.6453116,41.8764295],[-87.6453722,41.8765404],[-87.6454388,41.8767158],[-87.6451196,41.8767214],[-87.6449011,41.8764191],[-87.6446182,41.8760809],[-87.6452386,41.8763276],[-87.6453116,41.8764295]]]}},{"type":"Feature","properties":{"areaM2":2611,"compactness":0.312},"geometry":{"type":"Polygon","coordinates":[[[-87.6454388,41.8767158],[-87.6454969,41.876939],[-87.6456479,41.877134],[-87.6457112,41.8776646],[-87.6457159,41.8779626],[-87.645583,41.8779634],[-87.6455146,41.8775951],[-87.645377,41.8771755],[-87.6453078,41.8770296],[-87.6451196,41.8767214],[-87.6454388,41.8767158]]]}},{"type":"Feature","properties":{"areaM2":30997,"compactness":0.643},"geometry":{"type":"Polygon","coordinates":[[[-87.63061,41.872252],[-87.6306738,41.8744443],[-87.6306859,41.874518],[-87.6299711,41.8745288],[-87.629672,41.874635],[-87.6296073,41.8745344],[-87.629195,41.87454],[-87.6291595,41.8736988],[-87.629121,41.87229],[-87.6295275,41.8722845],[-87.629605,41.872416],[-87.6296876,41.8722815],[-87.6304796,41.872269],[-87.63061,41.872252]]]}},{"type":"Feature","properties":{"areaM2":63935,"compactness":0.767},"geometry":{"type":"Polygon","coordinates":[[[-87.6306738,41.8744443],[-87.63061,41.872252],[-87.631154,41.8721932],[-87.631539,41.872186],[-87.632481,41.872193],[-87.632974,41.872099],[-87.633062,41.8721692],[-87.633584,41.872151],[-87.633665,41.874478],[-87.633128,41.8744819],[-87.633042,41.874623],[-87.6326981,41.8744868],[-87.6306859,41.874518],[-87.6306738,41.8744443]]]}},{"type":"Feature","properties":{"areaM2":507324,"compactness":0.681},"geometry":{"type":"Polygon","coordinates":[[[-87.63061,41.872252],[-87.630526,41.869037],[-87.630641,41.8688633],[-87.6306079,41.8676267],[-87.630588,41.8674302],[-87.633607,41.867373],[-87.635144,41.867363],[-87.6389477,41.8673186],[-87.6390726,41.867222],[-87.6390954,41.867222],[-87.639224,41.867105],[-87.639418,41.873758],[-87.639329,41.8738894],[-87.639338,41.87441],[-87.633665,41.874478],[-87.633584,41.872151],[-87.633062,41.8721692],[-87.632974,41.872099],[-87.632481,41.872193],[-87.631539,41.872186],[-87.631154,41.8721932],[-87.63061,41.872252]]]}},{"type":"Feature","properties":{"areaM2":130178,"compactness":0.644},"geometry":{"type":"Polygon","coordinates":[[[-87.630534,41.869317],[-87.63061,41.872252],[-87.6304796,41.872269],[-87.6296876,41.8722815],[-87.629605,41.872416],[-87.6295275,41.8722845],[-87.6287153,41.8722924],[-87.628645,41.872427],[-87.6285594,41.872259],[-87.6282881,41.8722606],[-87.628142,41.872295],[-87.627625,41.8723],[-87.627592,41.870591],[-87.627511,41.867605],[-87.629116,41.8674487],[-87.630425,41.8674319],[-87.6303899,41.867629],[-87.6304264,41.8691724],[-87.630534,41.869317]]]}},{"type":"Feature","properties":{"areaM2":14726,"compactness":0.735},"geometry":{"type":"Polygon","coordinates":[[[-87.629195,41.87454],[-87.629223,41.875546],[-87.62763,41.875571],[-87.6276,41.874561],[-87.6286011,41.8745473],[-87.6286759,41.874655],[-87.6287938,41.8745457],[-87.629195,41.87454]]]}},{"type":"Feature","properties":{"areaM2":13599,"compactness":0.74},"geometry":{"type":"Polygon","coordinates":[[[-87.629223,41.875546],[-87.629195,41.87454],[-87.6296073,41.8745344],[-87.629672,41.874635],[-87.6299711,41.8745288],[-87.6306859,41.874518],[-87.630714,41.875521],[-87.6305761,41.8755173],[-87.629223,41.875546]]]}},{"type":"Feature","properties":{"areaM2":31265,"compactness":0.631},"geometry":{"type":"Polygon","coordinates":[[[-87.629195,41.87454],[-87.6287938,41.8745457],[-87.6286759,41.874655],[-87.6286011,41.8745473],[-87.6276,41.874561],[-87.627592,41.874386],[-87.6276712,41.8742851],[-87.627625,41.8723],[-87.628142,41.872295],[-87.6282902,41.8723403],[-87.6285613,41.8723366],[-87.628645,41.872427],[-87.6287153,41.8722924],[-87.629121,41.87229],[-87.6291595,41.8736988],[-87.629195,41.87454]]]}},{"type":"Feature","properties":{"areaM2":1002171,"compactness":0.622},"geometry":{"type":"Polygon","coordinates":[[[-87.647361,41.881782],[-87.6472415,41.8782283],[-87.6471872,41.8760975],[-87.6473492,41.8760209],[-87.647581,41.8759366],[-87.6488651,41.8758783],[-87.6510649,41.8757954],[-87.651463,41.8757953],[-87.651994,41.875743],[-87.6525877,41.8757632],[-87.6534888,41.8758196],[-87.6550206,41.8759688],[-87.65643,41.8761299],[-87.6569645,41.8761763],[-87.6572677,41.8761917],[-87.6576035,41.8761966],[-87.6589026,41.8761796],[-87.6665685,41.876048],[-87.6665985,41.8766385],[-87.666718,41.880897],[-87.6660609,41.881476],[-87.6645319,41.8815005],[-87.664416,41.881378],[-87.6643074,41.8815041],[-87.6637966,41.8815123],[-87.663696,41.881636],[-87.6635901,41.8815156],[-87.6613536,41.8815519],[-87.660568,41.881682],[-87.6604442,41.8815667],[-87.6588615,41.8815924],[-87.658755,41.881708],[-87.6586546,41.8815957],[-87.6548733,41.8816591],[-87.654701,41.881536],[-87.654474,41.8816657],[-87.654363,41.88179],[-87.6541882,41.8816702],[-87.647361,41.881782]]]}},{"type":"Feature","properties":{"areaM2":12196,"compactness":0.71},"geometry":{"type":"Polygon","coordinates":[[[-87.64732,41.880496],[-87.647361,41.881782],[-87.6462145,41.8817952],[-87.6462584,41.8814842],[-87.6463869,41.8807482],[-87.6463914,41.8805917],[-87.6463369,41.880506],[-87.64732,41.880496]]]}},{"type":"Feature","properties":{"areaM2":598290,"compactness":0.502},"geometry":{"type":"Polygon","coordinates":[[[-87.6474162,41.8835602],[-87.647361,41.881782],[-87.6541882,41.8816702],[-87.654363,41.88179],[-87.654474,41.8816657],[-87.654701,41.881536],[-87.6548733,41.8816591],[-87.6586546,41.8815957],[-87.658755,41.881708],[-87.6588615,41.8815924],[-87.6604442,41.8815667],[-87.660568,41.881682],[-87.6613536,41.8815519],[-87.6635901,41.8815156],[-87.663696,41.881636],[-87.6637966,41.8815123],[-87.6643074,41.8815041],[-87.664416,41.881378],[-87.6645319,41.8815005],[-87.6660609,41.881476],[-87.6653045,41.8822249],[-87.66536,41.882384],[-87.66499,41.8825304],[-87.6634866,41.8839851],[-87.663382,41.884192],[-87.6632362,41.8842799],[-87.6628495,41.8849695],[-87.6626099,41.885422],[-87.6555405,41.8855294],[-87.6513485,41.885607],[-87.650972,41.885494],[-87.649815,41.885516],[-87.6486501,41.885779],[-87.6475941,41.885671],[-87.64748,41.885673],[-87.6474243,41.8838511],[-87.647278,41.883733],[-87.6474162,41.8835602]]]}},{"type":"Feature","properties":{"areaM2":189333,"compactness":0.511},"geometry":{"type":"Polygon","coordinates":[[[-87.647627,41.891194],[-87.6458409,41.891211],[-87.645713,41.8911851],[-87.6453407,41.8911887],[-87.6452691,41.891215],[-87.6451094,41.8912183],[-87.6430038,41.8912388],[-87.6415694,41.8913889],[-87.6400133,41.8915027],[-87.6370189,41.891543],[-87.6369603,41.8891292],[-87.63717,41.889134],[-87.6386821,41.8891145],[-87.638968,41.889117],[-87.639082,41.8891331],[-87.6400111,41.889064],[-87.6406796,41.8890765],[-87.641057,41.8891096],[-87.6416763,41.8890961],[-87.641616,41.889056],[-87.6422229,41.8890724],[-87.6427978,41.8890683],[-87.642951,41.888926],[-87.6430136,41.8890663],[-87.6443369,41.889054],[-87.6445564,41.8892278],[-87.644975,41.889498],[-87.6450159,41.889559],[-87.6457229,41.8900185],[-87.645826,41.890052],[-87.6468796,41.89073],[-87.647627,41.891194]]]}},{"type":"Feature","properties":{"areaM2":78177,"compactness":0.443},"geometry":{"type":"Polygon","coordinates":[[[-87.6458409,41.891211],[-87.647627,41.891194],[-87.6476649,41.8923729],[-87.644744,41.892404],[-87.6406316,41.8924668],[-87.6405754,41.8923989],[-87.64036,41.892291],[-87.6401822,41.8919025],[-87.6398781,41.891506],[-87.6403419,41.8914834],[-87.6415694,41.8913889],[-87.6430038,41.8912388],[-87.6452691,41.891215],[-87.64534,41.8912485],[-87.6457128,41.8912449],[-87.6458409,41.891211]]]}},{"type":"Feature","properties":{"areaM2":31780,"compactness":0.299},"geometry":{"type":"Polygon","coordinates":[[[-87.6438607,41.8735424],[-87.6437379,41.86971],[-87.6438838,41.8697378],[-87.644372,41.869735],[-87.644445,41.869692],[-87.6444487,41.8697877],[-87.6444822,41.8699003],[-87.6445239,41.8710772],[-87.6445798,41.872121],[-87.6445974,41.8732285],[-87.644628,41.873521],[-87.6446042,41.8738007],[-87.6446048,41.8743536],[-87.643886,41.874359],[-87.6438941,41.8742675],[-87.6438607,41.8735424]]]}},{"type":"Feature","properties":{"areaM2":95772,"compactness":0.354},"geometry":{"type":"Polygon","coordinates":[[[-87.6436572,41.8672607],[-87.6438607,41.8735424],[-87.6438941,41.8742675],[-87.643886,41.874359],[-87.642425,41.874374],[-87.642356,41.871991],[-87.642322,41.871277],[-87.6421903,41.8673094],[-87.6420311,41.867286],[-87.6436572,41.8672607]]]}},{"type":"Feature","properties":{"areaM2":1208,"compactness":0.097},"geometry":{"type":"Polygon","coordinates":[[[-87.660737,41.8996405],[-87.6609831,41.899842],[-87.660832,41.8997801],[-87.6592223,41.8987311],[-87.659222,41.8986582],[-87.6604441,41.899443],[-87.660737,41.8996405]]]}},{"type":"Feature","properties":{"areaM2":18370,"compactness":0.673},"geometry":{"type":"Polygon","coordinates":[[[-87.6577688,41.896229],[-87.655403,41.896255],[-87.6549759,41.895983],[-87.6550477,41.8958965],[-87.655287,41.89551],[-87.655629,41.895215],[-87.6558082,41.8950097],[-87.6562523,41.8952193],[-87.6569806,41.8955913],[-87.6572982,41.8958047],[-87.6576395,41.8961024],[-87.6577688,41.896229]]]}},{"type":"Feature","properties":{"areaM2":868,"compactness":0.559},"geometry":{"type":"Polygon","coordinates":[[[-87.655403,41.896255],[-87.6548585,41.8962668],[-87.654734,41.896269],[-87.6549759,41.895983],[-87.655403,41.896255]]]}},{"type":"Feature","properties":{"areaM2":4922,"compactness":0.101},"geometry":{"type":"Polygon","coordinates":[[[-87.6327225,41.8932091],[-87.6327931,41.89661],[-87.632635,41.896613],[-87.632605,41.895614],[-87.632607,41.894814],[-87.6325656,41.8932119],[-87.6327225,41.8932091]]]}},{"type":"Feature","properties":{"areaM2":1895,"compactness":0.238},"geometry":{"type":"Polygon","coordinates":[[[-87.6327931,41.89661],[-87.6328285,41.8978824],[-87.632752,41.897955],[-87.6326722,41.8978845],[-87.632635,41.896613],[-87.6327931,41.89661]]]}},{"type":"Feature","properties":{"areaM2":10284,"compactness":0.779},"geometry":{"type":"Polygon","coordinates":[[[-87.632656,41.889185],[-87.6340211,41.889159],[-87.6340273,41.8893939],[-87.634012,41.889982],[-87.632662,41.89],[-87.632656,41.889185]]]}},{"type":"Feature","properties":{"areaM2":2055,"compactness":0.322},"geometry":{"type":"Polygon","coordinates":[[[-87.632656,41.889185],[-87.632435,41.88919],[-87.6324286,41.8891075],[-87.6324263,41.8885158],[-87.6324558,41.8881129],[-87.632518,41.888008],[-87.6325845,41.8881106],[-87.6326385,41.8885224],[-87.6326546,41.889095],[-87.632656,41.889185]]]}},{"type":"Feature","properties":{"areaM2":1566,"compactness":0.423},"geometry":{"type":"Polygon","coordinates":[[[-87.632656,41.889185],[-87.632662,41.89],[-87.632466,41.890004],[-87.632435,41.88919],[-87.632656,41.889185]]]}},{"type":"Feature","properties":{"areaM2":42128,"compactness":0.633},"geometry":{"type":"Polygon","coordinates":[[[-87.6395514,41.8744908],[-87.6396069,41.8747102],[-87.6396301,41.8755269],[-87.638037,41.875554],[-87.6359252,41.8755714],[-87.63528,41.874736],[-87.6352937,41.8745978],[-87.635401,41.874462],[-87.639519,41.874407],[-87.6395514,41.8744908]]]}},{"type":"Feature","properties":{"areaM2":14357,"compactness":0.766},"geometry":{"type":"Polygon","coordinates":[[[-87.6396301,41.8755269],[-87.6396069,41.8747102],[-87.6395514,41.8744908],[-87.639519,41.874407],[-87.640993,41.874394],[-87.6410161,41.8754972],[-87.6396301,41.8755269]]]}},{"type":"Feature","properties":{"areaM2":4281,"compactness":0.132},"geometry":{"type":"Polygon","coordinates":[[[-87.6396334,41.8756553],[-87.6360257,41.8757038],[-87.6359252,41.8755714],[-87.638037,41.875554],[-87.6396301,41.8755269],[-87.6396334,41.8756553]]]}},{"type":"Feature","properties":{"areaM2":1789,"compactness":0.329},"geometry":{"type":"Polygon","coordinates":[[[-87.6396301,41.8755269],[-87.6410161,41.8754972],[-87.6410194,41.8756487],[-87.6396334,41.8756553],[-87.6396301,41.8755269]]]}},{"type":"Feature","properties":{"areaM2":14254,"compactness":0.77},"geometry":{"type":"Polygon","coordinates":[[[-87.6396613,41.8767027],[-87.6396334,41.8756553],[-87.6410194,41.8756487],[-87.641055,41.876757],[-87.6396179,41.876771],[-87.6396613,41.8767027]]]}},{"type":"Feature","properties":{"areaM2":99840,"compactness":0.35},"geometry":{"type":"Polygon","coordinates":[[[-87.639519,41.874407],[-87.6394961,41.8743312],[-87.639418,41.873758],[-87.639224,41.867105],[-87.6393906,41.8673149],[-87.6402062,41.867308],[-87.6404287,41.8672101],[-87.6406108,41.8672074],[-87.640717,41.867083],[-87.640809,41.869752],[-87.640993,41.874394],[-87.639519,41.874407]]]}},{"type":"Feature","properties":{"areaM2":729,"compactness":0.35},"geometry":{"type":"Polygon","coordinates":[[[-87.639418,41.873758],[-87.6394961,41.8743312],[-87.639519,41.874407],[-87.639338,41.87441],[-87.639329,41.8738894],[-87.639418,41.873758]]]}},{"type":"Feature","properties":{"areaM2":95236,"compactness":0.348},"geometry":{"type":"Polygon","coordinates":[[[-87.6408069,41.8696758],[-87.640717,41.867083],[-87.6408543,41.8673002],[-87.6420311,41.867286],[-87.6421903,41.8673094],[-87.642322,41.871277],[-87.642356,41.871991],[-87.642425,41.874374],[-87.640993,41.874394],[-87.6408069,41.8696758]]]}},{"type":"Feature","properties":{"areaM2":16820,"compactness":0.779},"geometry":{"type":"Polygon","coordinates":[[[-87.641055,41.876757],[-87.642493,41.876736],[-87.642529,41.878011],[-87.6411089,41.878034],[-87.641055,41.876757]]]}},{"type":"Feature","properties":{"areaM2":14299,"compactness":0.811},"geometry":{"type":"Polygon","coordinates":[[[-87.642493,41.876736],[-87.641055,41.876757],[-87.641021,41.8757194],[-87.641365,41.875647],[-87.641651,41.875644],[-87.6424622,41.8757008],[-87.642493,41.876736]]]}},{"type":"Feature","properties":{"areaM2":17861,"compactness":0.798},"geometry":{"type":"Polygon","coordinates":[[[-87.6396179,41.876771],[-87.641055,41.876757],[-87.6411089,41.878034],[-87.639592,41.878055],[-87.6395708,41.8779716],[-87.6395439,41.8773377],[-87.6396179,41.876771]]]}},{"type":"Feature","properties":{"areaM2":2148,"compactness":0.357},"geometry":{"type":"Polygon","coordinates":[[[-87.6410161,41.8754972],[-87.6424535,41.8754613],[-87.6424597,41.8756334],[-87.6410194,41.8756487],[-87.6410161,41.8754972]]]}},{"type":"Feature","properties":{"areaM2":13925,"compactness":0.79},"geometry":{"type":"Polygon","coordinates":[[[-87.6410136,41.8753885],[-87.640993,41.874394],[-87.642425,41.874374],[-87.6424535,41.8754613],[-87.6419081,41.875475],[-87.6413482,41.8753912],[-87.6410136,41.8753885]]]}},{"type":"Feature","properties":{"areaM2":13021,"compactness":0.784},"geometry":{"type":"Polygon","coordinates":[[[-87.6438343,41.876721],[-87.642493,41.876736],[-87.6424622,41.8757008],[-87.6434349,41.875751],[-87.6437986,41.8758016],[-87.643782,41.875891],[-87.6439205,41.8759535],[-87.643946,41.876728],[-87.6438343,41.876721]]]}},{"type":"Feature","properties":{"areaM2":17199,"compactness":0.759},"geometry":{"type":"Polygon","coordinates":[[[-87.642493,41.876736],[-87.6438343,41.876721],[-87.643946,41.876728],[-87.6439579,41.8772527],[-87.644129,41.877354],[-87.6439668,41.8775265],[-87.643983,41.877983],[-87.642529,41.878011],[-87.642493,41.876736]]]}},{"type":"Feature","properties":{"areaM2":13619,"compactness":0.72},"geometry":{"type":"Polygon","coordinates":[[[-87.6440978,41.8767361],[-87.6448671,41.8767258],[-87.6450159,41.8769573],[-87.6451481,41.8772577],[-87.6453219,41.8777183],[-87.645364,41.877863],[-87.6453776,41.8779646],[-87.643983,41.877983],[-87.6439668,41.8775265],[-87.644129,41.877354],[-87.6439579,41.8772527],[-87.643946,41.876728],[-87.6440978,41.8767361]]]}},{"type":"Feature","properties":{"areaM2":5006,"compactness":0.583},"geometry":{"type":"Polygon","coordinates":[[[-87.6448671,41.8767258],[-87.6440978,41.8767361],[-87.643946,41.876728],[-87.6439205,41.8759535],[-87.643782,41.875891],[-87.6437986,41.8758016],[-87.6439659,41.8758418],[-87.644281,41.8759483],[-87.6447672,41.8765806],[-87.6448671,41.8767258]]]}},{"type":"Feature","properties":{"areaM2":10924,"compactness":0.741},"geometry":{"type":"Polygon","coordinates":[[[-87.647203,41.87668],[-87.647235,41.877947],[-87.646194,41.8779595],[-87.6462477,41.8773383],[-87.6462757,41.8771733],[-87.6463436,41.876954],[-87.6464785,41.8766976],[-87.647203,41.87668]]]}},{"type":"Feature","properties":{"areaM2":2276,"compactness":0.62},"geometry":{"type":"Polygon","coordinates":[[[-87.6471872,41.8760975],[-87.647203,41.87668],[-87.6464785,41.8766976],[-87.6466028,41.8765338],[-87.6467421,41.8763951],[-87.6469524,41.8762329],[-87.6471872,41.8760975]]]}},{"type":"Feature","properties":{"areaM2":422033,"compactness":0.365},"geometry":{"type":"Polygon","coordinates":[[[-87.6481583,41.8671923],[-87.6550269,41.8670822],[-87.6551889,41.867168],[-87.6554752,41.8670758],[-87.6590247,41.86702],[-87.6591159,41.866805],[-87.6592357,41.8670168],[-87.66633,41.8669],[-87.666399,41.869264],[-87.6643464,41.8692969],[-87.664075,41.869418],[-87.6638241,41.8693053],[-87.6568719,41.8694168],[-87.655255,41.869434],[-87.6512462,41.8695052],[-87.651118,41.869507],[-87.6510243,41.8694887],[-87.647041,41.869554],[-87.6470068,41.8684372],[-87.6469659,41.868214],[-87.6469223,41.8675257],[-87.646712,41.867216],[-87.6474962,41.8672037],[-87.647943,41.867151],[-87.6481583,41.8671923]]]}},{"type":"Feature","properties":{"areaM2":16624,"compactness":0.739},"geometry":{"type":"Polygon","coordinates":[[[-87.642529,41.878011],[-87.6425801,41.879291],[-87.6411289,41.879309],[-87.6411191,41.8786785],[-87.641256,41.87864],[-87.6411116,41.8782184],[-87.6411089,41.878034],[-87.642529,41.878011]]]}},{"type":"Feature","properties":{"areaM2":17758,"compactness":0.782},"geometry":{"type":"Polygon","coordinates":[[[-87.6425801,41.879291],[-87.642529,41.878011],[-87.643983,41.877983],[-87.6440033,41.8784858],[-87.644198,41.878626],[-87.6440233,41.8791845],[-87.64403,41.879263],[-87.6425801,41.879291]]]}},{"type":"Feature","properties":{"areaM2":11428,"compactness":0.708},"geometry":{"type":"Polygon","coordinates":[[[-87.647235,41.877947],[-87.647275,41.879223],[-87.6462387,41.8792407],[-87.6462973,41.8786582],[-87.6463059,41.8783344],[-87.6462996,41.8780418],[-87.646275,41.877959],[-87.647235,41.877947]]]}},{"type":"Feature","properties":{"areaM2":2174,"compactness":0.309},"geometry":{"type":"Polygon","coordinates":[[[-87.62763,41.875571],[-87.629223,41.875546],[-87.629226,41.875702],[-87.627633,41.875711],[-87.62763,41.875571]]]}},{"type":"Feature","properties":{"areaM2":2349,"compactness":0.364},"geometry":{"type":"Polygon","coordinates":[[[-87.629223,41.875546],[-87.6305761,41.8755173],[-87.630714,41.875521],[-87.630715,41.875701],[-87.629226,41.875702],[-87.629223,41.875546]]]}},{"type":"Feature","properties":{"areaM2":4469,"compactness":0.201},"geometry":{"type":"Polygon","coordinates":[[[-87.631639,41.8756855],[-87.630715,41.875701],[-87.630714,41.875521],[-87.6329242,41.8755166],[-87.6336781,41.875524],[-87.633684,41.87567],[-87.631639,41.8756855]]]}},{"type":"Feature","properties":{"areaM2":27764,"compactness":0.646},"geometry":{"type":"Polygon","coordinates":[[[-87.633665,41.874478],[-87.6336781,41.875524],[-87.6329242,41.8755166],[-87.630714,41.875521],[-87.6306859,41.874518],[-87.6326981,41.8744868],[-87.633042,41.874623],[-87.633128,41.8744819],[-87.633665,41.874478]]]}},{"type":"Feature","properties":{"areaM2":8042,"compactness":0.285},"geometry":{"type":"Polygon","coordinates":[[[-87.6336781,41.875524],[-87.633665,41.874478],[-87.635017,41.874458],[-87.6350519,41.8747887],[-87.6350226,41.8747703],[-87.6347841,41.8746965],[-87.6345968,41.8746918],[-87.6344379,41.8747209],[-87.6343044,41.8747939],[-87.6342114,41.8748789],[-87.6341551,41.8749813],[-87.634146,41.875065],[-87.6341904,41.8752361],[-87.6342459,41.8753116],[-87.6343152,41.8753667],[-87.6344199,41.8754171],[-87.6345556,41.8754584],[-87.6350876,41.8755016],[-87.6350907,41.8755634],[-87.6336781,41.875524]]]}},{"type":"Feature","properties":{"areaM2":228213,"compactness":0.787},"geometry":{"type":"Polygon","coordinates":[[[-87.620235,41.891803],[-87.620387,41.896781],[-87.616893,41.896844],[-87.6161085,41.8957179],[-87.6154728,41.8947512],[-87.6150584,41.8941556],[-87.614907,41.893955],[-87.6148573,41.8936935],[-87.614557,41.8932362],[-87.6144938,41.8930985],[-87.61445,41.8929608],[-87.6144291,41.8928397],[-87.61442,41.892541],[-87.6144619,41.8923801],[-87.6144821,41.8921616],[-87.6145055,41.8920468],[-87.6145286,41.8920001],[-87.6146244,41.8919194],[-87.614664,41.89189],[-87.6150927,41.8918769],[-87.617688,41.891833],[-87.620235,41.891803]]]}},{"type":"Feature","properties":{"areaM2":14305,"compactness":0.767},"geometry":{"type":"Polygon","coordinates":[[[-87.64403,41.879263],[-87.6453261,41.8792493],[-87.645275,41.879808],[-87.645265,41.880374],[-87.6452158,41.8805214],[-87.644087,41.880532],[-87.64403,41.879263]]]}},{"type":"Feature","properties":{"areaM2":15506,"compactness":0.729},"geometry":{"type":"Polygon","coordinates":[[[-87.6453261,41.8792493],[-87.64403,41.879263],[-87.6440233,41.8791845],[-87.644198,41.878626],[-87.6440033,41.8784858],[-87.643983,41.877983],[-87.6453776,41.8779646],[-87.6453901,41.8785416],[-87.6453261,41.8792493]]]}},{"type":"Feature","properties":{"areaM2":16820,"compactness":0.781},"geometry":{"type":"Polygon","coordinates":[[[-87.6411289,41.879309],[-87.6425801,41.879291],[-87.642627,41.880541],[-87.64117,41.880567],[-87.6411289,41.879309]]]}},{"type":"Feature","properties":{"areaM2":16903,"compactness":0.781},"geometry":{"type":"Polygon","coordinates":[[[-87.6425801,41.879291],[-87.64403,41.879263],[-87.644087,41.880532],[-87.642627,41.880541],[-87.6425801,41.879291]]]}},{"type":"Feature","properties":{"areaM2":17274,"compactness":0.785},"geometry":{"type":"Polygon","coordinates":[[[-87.639656,41.879327],[-87.6411289,41.879309],[-87.64117,41.880567],[-87.639693,41.880598],[-87.6396785,41.8805131],[-87.639656,41.879327]]]}},{"type":"Feature","properties":{"areaM2":31876,"compactness":0.745},"geometry":{"type":"Polygon","coordinates":[[[-87.6397031,41.8806738],[-87.6396991,41.8810765],[-87.6396857,41.8812841],[-87.639706,41.881889],[-87.6387135,41.8818929],[-87.637022,41.881916],[-87.636998,41.880628],[-87.639693,41.880598],[-87.6397031,41.8806738]]]}},{"type":"Feature","properties":{"areaM2":17882,"compactness":0.782},"geometry":{"type":"Polygon","coordinates":[[[-87.639706,41.881889],[-87.6396857,41.8812841],[-87.6396991,41.8810765],[-87.6397031,41.8806738],[-87.639693,41.880598],[-87.64117,41.880567],[-87.641214,41.88187],[-87.639706,41.881889]]]}},{"type":"Feature","properties":{"areaM2":31194,"compactness":0.752},"geometry":{"type":"Polygon","coordinates":[[[-87.639693,41.880598],[-87.636998,41.880628],[-87.6369561,41.879357],[-87.639539,41.879328],[-87.639542,41.8794038],[-87.6395882,41.8796672],[-87.639666,41.879814],[-87.6396785,41.8805131],[-87.639693,41.880598]]]}},{"type":"Feature","properties":{"areaM2":17288,"compactness":0.779},"geometry":{"type":"Polygon","coordinates":[[[-87.642627,41.880541],[-87.644087,41.880532],[-87.644106,41.881817],[-87.642672,41.881847],[-87.642627,41.880541]]]}},{"type":"Feature","properties":{"areaM2":12930,"compactness":0.728},"geometry":{"type":"Polygon","coordinates":[[[-87.644087,41.880532],[-87.6452158,41.8805214],[-87.6451793,41.8810631],[-87.6451751,41.8813047],[-87.6451788,41.8817253],[-87.64522,41.881808],[-87.644106,41.881817],[-87.644087,41.880532]]]}},{"type":"Feature","properties":{"areaM2":17539,"compactness":0.779},"geometry":{"type":"Polygon","coordinates":[[[-87.64117,41.880567],[-87.642627,41.880541],[-87.642672,41.881847],[-87.641214,41.88187],[-87.64117,41.880567]]]}},{"type":"Feature","properties":{"areaM2":27427,"compactness":0.602},"geometry":{"type":"Polygon","coordinates":[[[-87.6370189,41.891543],[-87.6398781,41.891506],[-87.6401822,41.8919025],[-87.64036,41.892291],[-87.6405754,41.8923989],[-87.6406316,41.8924668],[-87.6389898,41.8924903],[-87.637042,41.892389],[-87.6370189,41.891543]]]}},{"type":"Feature","properties":{"areaM2":89349,"compactness":0.455},"geometry":{"type":"Polygon","coordinates":[[[-87.6711843,41.8754643],[-87.669909,41.8754507],[-87.6667195,41.8754969],[-87.666684,41.874248],[-87.6683112,41.8742122],[-87.668482,41.874164],[-87.672448,41.874106],[-87.6725469,41.8741373],[-87.6727752,41.8741354],[-87.672881,41.8741],[-87.674878,41.874069],[-87.674129,41.8746856],[-87.673902,41.875059],[-87.673425,41.875279],[-87.6732408,41.8754334],[-87.6711843,41.8754643]]]}},{"type":"Feature","properties":{"areaM2":29391,"compactness":0.272},"geometry":{"type":"Polygon","coordinates":[[[-87.6667195,41.8754969],[-87.669909,41.8754507],[-87.6711843,41.8754643],[-87.6732408,41.8754334],[-87.6726774,41.8759064],[-87.6713043,41.8759281],[-87.6693874,41.8759982],[-87.6667335,41.8760451],[-87.6667195,41.8754969]]]}},{"type":"Feature","properties":{"areaM2":1951,"compactness":0.262},"geometry":{"type":"Polygon","coordinates":[[[-87.6665485,41.8754996],[-87.6665383,41.875104],[-87.666521,41.874244],[-87.666684,41.874248],[-87.666713,41.875179],[-87.6667195,41.8754969],[-87.6665485,41.8754996]]]}},{"type":"Feature","properties":{"areaM2":850,"compactness":0.476},"geometry":{"type":"Polygon","coordinates":[[[-87.6667195,41.8754969],[-87.6667335,41.8760451],[-87.6665685,41.876048],[-87.6665485,41.8754996],[-87.6667195,41.8754969]]]}},{"type":"Feature","properties":{"areaM2":201837,"compactness":0.216},"geometry":{"type":"Polygon","coordinates":[[[-87.6665485,41.8754996],[-87.6630431,41.875569],[-87.6598371,41.8756101],[-87.6585353,41.8756088],[-87.6555975,41.8755273],[-87.6546089,41.8754806],[-87.6533482,41.8754104],[-87.6523588,41.8753432],[-87.6519028,41.8753248],[-87.6511661,41.875318],[-87.649975,41.8752511],[-87.6490123,41.875262],[-87.6484207,41.8752511],[-87.647876,41.875188],[-87.6473152,41.8749845],[-87.6471475,41.8749067],[-87.647143,41.874793],[-87.6471853,41.8746283],[-87.647184,41.874376],[-87.6473317,41.8743808],[-87.6483909,41.8744683],[-87.6546769,41.8743531],[-87.659557,41.8742751],[-87.6595742,41.8742755],[-87.659754,41.874365],[-87.661129,41.874255],[-87.6626089,41.8742255],[-87.663515,41.8742225],[-87.6652302,41.8742573],[-87.666521,41.874244],[-87.6665485,41.8754996]]]}},{"type":"Feature","properties":{"areaM2":86669,"compactness":0.099},"geometry":{"type":"Polygon","coordinates":[[[-87.6630431,41.875569],[-87.6665485,41.8754996],[-87.6665685,41.876048],[-87.6619676,41.8761308],[-87.6576035,41.8761966],[-87.6572677,41.8761917],[-87.6566986,41.8761556],[-87.6542584,41.8758895],[-87.6534888,41.8758196],[-87.6525877,41.8757632],[-87.6513392,41.875719],[-87.650196,41.875713],[-87.6471764,41.87576],[-87.6471654,41.8754222],[-87.6499785,41.8753767],[-87.6511661,41.875318],[-87.6519028,41.8753248],[-87.6523588,41.8753432],[-87.6533482,41.8754104],[-87.6546089,41.8754806],[-87.6555975,41.8755273],[-87.6585353,41.8756088],[-87.6604997,41.8756045],[-87.6630431,41.875569]]]}},{"type":"Feature","properties":{"areaM2":17093,"compactness":0.782},"geometry":{"type":"Polygon","coordinates":[[[-87.6427529,41.884438],[-87.64279,41.885717],[-87.6413421,41.885723],[-87.641308,41.884445],[-87.6420183,41.8844354],[-87.6427529,41.884438]]]}},{"type":"Feature","properties":{"areaM2":17036,"compactness":0.779},"geometry":{"type":"Polygon","coordinates":[[[-87.64279,41.885717],[-87.6427529,41.884438],[-87.6441841,41.884425],[-87.644241,41.88571],[-87.64279,41.885717]]]}},{"type":"Feature","properties":{"areaM2":16395,"compactness":0.781},"geometry":{"type":"Polygon","coordinates":[[[-87.6441841,41.884425],[-87.6427529,41.884438],[-87.642712,41.883192],[-87.6441439,41.883187],[-87.6441841,41.884425]]]}},{"type":"Feature","properties":{"areaM2":16577,"compactness":0.775},"geometry":{"type":"Polygon","coordinates":[[[-87.642712,41.883192],[-87.6427529,41.884438],[-87.6420183,41.8844354],[-87.641308,41.884445],[-87.641267,41.883185],[-87.6413796,41.8831967],[-87.642712,41.883192]]]}},{"type":"Feature","properties":{"areaM2":17820,"compactness":0.778},"geometry":{"type":"Polygon","coordinates":[[[-87.642712,41.883192],[-87.6413796,41.8831967],[-87.641267,41.883185],[-87.6412295,41.8820274],[-87.641214,41.88187],[-87.642672,41.881847],[-87.642712,41.883192]]]}},{"type":"Feature","properties":{"areaM2":17717,"compactness":0.752},"geometry":{"type":"Polygon","coordinates":[[[-87.641214,41.88187],[-87.641267,41.883185],[-87.6399347,41.8831106],[-87.639745,41.883185],[-87.639706,41.881889],[-87.641214,41.88187]]]}},{"type":"Feature","properties":{"areaM2":16939,"compactness":0.735},"geometry":{"type":"Polygon","coordinates":[[[-87.6399347,41.8831106],[-87.641267,41.883185],[-87.641308,41.884445],[-87.6409045,41.884411],[-87.6406166,41.8844112],[-87.6403286,41.8844122],[-87.639799,41.884448],[-87.6398732,41.8843598],[-87.6398381,41.8833273],[-87.639745,41.883185],[-87.6399347,41.8831106]]]}},{"type":"Feature","properties":{"areaM2":14542,"compactness":0.787},"geometry":{"type":"Polygon","coordinates":[[[-87.64279,41.885717],[-87.644241,41.88571],[-87.644278,41.886809],[-87.6428631,41.886811],[-87.6428469,41.8864141],[-87.6428,41.886241],[-87.64279,41.885717]]]}},{"type":"Feature","properties":{"areaM2":13970,"compactness":0.695},"geometry":{"type":"Polygon","coordinates":[[[-87.644241,41.88571],[-87.6441841,41.884425],[-87.6454047,41.8844076],[-87.6453683,41.8852831],[-87.6453748,41.8856053],[-87.645415,41.885812],[-87.6452379,41.8856988],[-87.644241,41.88571]]]}},{"type":"Feature","properties":{"areaM2":11991,"compactness":0.742},"geometry":{"type":"Polygon","coordinates":[[[-87.64748,41.885673],[-87.646417,41.8856878],[-87.6464486,41.884533],[-87.6464771,41.884406],[-87.647439,41.884414],[-87.64748,41.885673]]]}},{"type":"Feature","properties":{"areaM2":11240,"compactness":0.794},"geometry":{"type":"Polygon","coordinates":[[[-87.646417,41.8856878],[-87.64748,41.885673],[-87.647513,41.886796],[-87.6465321,41.8867995],[-87.6464734,41.8866764],[-87.646315,41.886261],[-87.6464075,41.8860458],[-87.646417,41.8856878]]]}},{"type":"Feature","properties":{"areaM2":642005,"compactness":0.713},"geometry":{"type":"Polygon","coordinates":[[[-87.6475243,41.8871063],[-87.64748,41.885673],[-87.6475941,41.885671],[-87.6486501,41.885779],[-87.649815,41.885516],[-87.650972,41.885494],[-87.6513485,41.885607],[-87.6555405,41.8855294],[-87.6626099,41.885422],[-87.6625472,41.885516],[-87.66243,41.8857405],[-87.6619824,41.8865227],[-87.6615375,41.8873893],[-87.661593,41.887467],[-87.6614481,41.887547],[-87.660982,41.888286],[-87.6598351,41.889971],[-87.65893,41.891061],[-87.6563672,41.8910865],[-87.655796,41.891228],[-87.654622,41.890991],[-87.6540437,41.891114],[-87.6535645,41.8911206],[-87.653449,41.891006],[-87.6533601,41.8911234],[-87.6514387,41.8911485],[-87.6511612,41.8909788],[-87.650807,41.890881],[-87.6494483,41.8899642],[-87.6486017,41.8893525],[-87.648301,41.889096],[-87.6477938,41.888636],[-87.647566,41.8883817],[-87.647549,41.887729],[-87.6476651,41.887388],[-87.6475243,41.8871063]]]}},{"type":"Feature","properties":{"areaM2":14335,"compactness":0.776},"geometry":{"type":"Polygon","coordinates":[[[-87.6413421,41.885723],[-87.64279,41.885717],[-87.6428,41.886241],[-87.642756,41.8864165],[-87.6427591,41.8867157],[-87.642786,41.886812],[-87.641353,41.886808],[-87.6413634,41.8866369],[-87.6413421,41.885723]]]}},{"type":"Feature","properties":{"areaM2":7277,"compactness":0.529},"geometry":{"type":"Polygon","coordinates":[[[-87.6400841,41.8857683],[-87.6411806,41.8857635],[-87.6413421,41.885723],[-87.6413634,41.8866369],[-87.641353,41.886808],[-87.6411494,41.8866797],[-87.6405911,41.8862869],[-87.640047,41.8858843],[-87.639866,41.885734],[-87.6400841,41.8857683]]]}},{"type":"Feature","properties":{"areaM2":933,"compactness":0.191},"geometry":{"type":"Polygon","coordinates":[[[-87.6413421,41.885723],[-87.6411806,41.8857635],[-87.6400841,41.8857683],[-87.639866,41.885734],[-87.6400198,41.8856931],[-87.6411638,41.8856834],[-87.6413421,41.885723]]]}},{"type":"Feature","properties":{"areaM2":819,"compactness":0.127},"geometry":{"type":"Polygon","coordinates":[[[-87.6397879,41.8843609],[-87.6397676,41.8833086],[-87.639745,41.883185],[-87.6398381,41.8833273],[-87.6398732,41.8843598],[-87.639799,41.884448],[-87.6397879,41.8843609]]]}},{"type":"Feature","properties":{"areaM2":17887,"compactness":0.772},"geometry":{"type":"Polygon","coordinates":[[[-87.642712,41.883192],[-87.642672,41.881847],[-87.644106,41.881817],[-87.6441224,41.8827177],[-87.6441439,41.883187],[-87.642712,41.883192]]]}},{"type":"Feature","properties":{"areaM2":14632,"compactness":0.736},"geometry":{"type":"Polygon","coordinates":[[[-87.644106,41.881817],[-87.6453513,41.8818062],[-87.645355,41.881847],[-87.6453148,41.8820202],[-87.6452757,41.8824545],[-87.6452282,41.88307],[-87.645243,41.88318],[-87.6441439,41.883187],[-87.6441224,41.8827177],[-87.644106,41.881817]]]}},{"type":"Feature","properties":{"areaM2":12908,"compactness":0.731},"geometry":{"type":"Polygon","coordinates":[[[-87.6441841,41.884425],[-87.6441439,41.883187],[-87.6453937,41.8831793],[-87.645396,41.883308],[-87.6453357,41.8834323],[-87.6452676,41.8838985],[-87.645245,41.8843236],[-87.645287,41.884407],[-87.6441841,41.884425]]]}},{"type":"Feature","properties":{"areaM2":17070,"compactness":0.78},"geometry":{"type":"Polygon","coordinates":[[[-87.635307,41.88065],[-87.635274,41.879369],[-87.6367231,41.879359],[-87.636758,41.880631],[-87.635307,41.88065]]]}},{"type":"Feature","properties":{"areaM2":17061,"compactness":0.78},"geometry":{"type":"Polygon","coordinates":[[[-87.636785,41.881915],[-87.635343,41.881924],[-87.635307,41.88065],[-87.636758,41.880631],[-87.636785,41.881915]]]}},{"type":"Feature","properties":{"areaM2":882,"compactness":0.128},"geometry":{"type":"Polygon","coordinates":[[[-87.6351405,41.8745724],[-87.6353087,41.8747723],[-87.6359252,41.8755714],[-87.6358369,41.8755718],[-87.635398,41.8750038],[-87.6351197,41.8746697],[-87.635017,41.874458],[-87.6351405,41.8745724]]]}},{"type":"Feature","properties":{"areaM2":22389,"compactness":0.622},"geometry":{"type":"Polygon","coordinates":[[[-87.6340211,41.889159],[-87.636604,41.889122],[-87.6369603,41.8891292],[-87.636984,41.889941],[-87.634012,41.889982],[-87.6340273,41.8893939],[-87.6340211,41.889159]]]}},{"type":"Feature","properties":{"areaM2":8159,"compactness":0.092},"geometry":{"type":"Polygon","coordinates":[[[-87.614446,41.884388],[-87.6206055,41.8843569],[-87.6206091,41.8845171],[-87.614444,41.884515],[-87.614446,41.884388]]]}},{"type":"Feature","properties":{"areaM2":3756,"compactness":0.069},"geometry":{"type":"Polygon","coordinates":[[[-87.6140781,41.8911259],[-87.6140799,41.8898974],[-87.6140065,41.8896406],[-87.614006,41.889097],[-87.613975,41.887953],[-87.6139455,41.8875368],[-87.6139694,41.8875132],[-87.614043,41.887479],[-87.614073,41.887952],[-87.6141236,41.8895415],[-87.6141899,41.889771],[-87.6142079,41.8906161],[-87.614196,41.891128],[-87.6140781,41.8911259]]]}},{"type":"Feature","properties":{"areaM2":958,"compactness":0.315},"geometry":{"type":"Polygon","coordinates":[[[-87.614196,41.891128],[-87.6141886,41.891429],[-87.6142039,41.8915435],[-87.6142246,41.8916047],[-87.6142146,41.8919035],[-87.6140652,41.8919079],[-87.6140781,41.8911259],[-87.614196,41.891128]]]}},{"type":"Feature","properties":{"areaM2":1393,"compactness":0.152},"geometry":{"type":"Polygon","coordinates":[[[-87.613969,41.891124],[-87.613962,41.890694],[-87.6139698,41.8899927],[-87.6140065,41.8896406],[-87.6140799,41.8898974],[-87.6140781,41.8911259],[-87.613969,41.891124]]]}},{"type":"Feature","properties":{"areaM2":641,"compactness":0.226},"geometry":{"type":"Polygon","coordinates":[[[-87.6140781,41.8911259],[-87.6140652,41.8919079],[-87.6139969,41.89191],[-87.613969,41.891124],[-87.6140781,41.8911259]]]}},{"type":"Feature","properties":{"areaM2":17480,"compactness":0.686},"geometry":{"type":"Polygon","coordinates":[[[-87.613882,41.891913],[-87.611597,41.891968],[-87.61158,41.891141],[-87.6117124,41.8911464],[-87.6130104,41.8911236],[-87.6139203,41.8911238],[-87.6139465,41.8918589],[-87.613882,41.891913]]]}},{"type":"Feature","properties":{"areaM2":9898,"compactness":0.735},"geometry":{"type":"Polygon","coordinates":[[[-87.628048,41.890871],[-87.628071,41.891667],[-87.626725,41.891688],[-87.6267041,41.890818],[-87.6268304,41.8908921],[-87.628048,41.890871]]]}},{"type":"Feature","properties":{"areaM2":41431,"compactness":0.425},"geometry":{"type":"Polygon","coordinates":[[[-87.627999,41.8893549],[-87.628048,41.890871],[-87.6268304,41.8908921],[-87.6267041,41.890818],[-87.6266531,41.889616],[-87.6266567,41.8894379],[-87.626684,41.889387],[-87.6267446,41.889348],[-87.6271706,41.8888338],[-87.6272304,41.8887061],[-87.6272474,41.8886338],[-87.6272486,41.8885088],[-87.6272103,41.8883798],[-87.6270991,41.888182],[-87.6265647,41.8873137],[-87.6264629,41.887226],[-87.6265923,41.8871431],[-87.626741,41.8870637],[-87.6268815,41.8870108],[-87.6270407,41.8869706],[-87.627165,41.8869508],[-87.627895,41.886946],[-87.627935,41.887854],[-87.6279414,41.8885106],[-87.62801,41.888652],[-87.627999,41.8893549]]]}},{"type":"Feature","properties":{"areaM2":66814,"compactness":0.617},"geometry":{"type":"Polygon","coordinates":[[[-87.626687,41.890808],[-87.6265794,41.8908967],[-87.6241124,41.8909319],[-87.624069,41.890836],[-87.6242436,41.8908648],[-87.6242099,41.8899878],[-87.6242138,41.8898598],[-87.6245685,41.8883598],[-87.6246337,41.8883229],[-87.6250279,41.8883405],[-87.6251705,41.8883339],[-87.625296,41.8883138],[-87.6254064,41.888279],[-87.6255691,41.8881938],[-87.625633,41.8881427],[-87.6260765,41.8876408],[-87.6264629,41.887226],[-87.6264879,41.8873823],[-87.6270775,41.8883456],[-87.6271247,41.8884521],[-87.6271303,41.8885366],[-87.6271209,41.8886323],[-87.6270985,41.8887169],[-87.6270526,41.8888128],[-87.626764,41.889175],[-87.6266787,41.8893091],[-87.626684,41.889387],[-87.6266567,41.8894379],[-87.6266522,41.8894741],[-87.6267041,41.890818],[-87.626687,41.890808]]]}},{"type":"Feature","properties":{"areaM2":18271,"compactness":0.616},"geometry":{"type":"Polygon","coordinates":[[[-87.6267041,41.890818],[-87.626725,41.891688],[-87.6242755,41.8917285],[-87.6242596,41.8912572],[-87.6241124,41.8909319],[-87.6265794,41.8908967],[-87.626687,41.890808],[-87.6267041,41.890818]]]}},{"type":"Feature","properties":{"areaM2":1413,"compactness":0.418},"geometry":{"type":"Polygon","coordinates":[[[-87.632508,41.8916],[-87.632487,41.890819],[-87.6326831,41.890814],[-87.632704,41.891596],[-87.632508,41.8916]]]}},{"type":"Feature","properties":{"areaM2":28686,"compactness":0.538},"geometry":{"type":"Polygon","coordinates":[[[-87.620263,41.892588],[-87.620235,41.891803],[-87.6228965,41.8917459],[-87.6241019,41.8917306],[-87.624121,41.8925406],[-87.6226096,41.8925673],[-87.620263,41.892588]]]}},{"type":"Feature","properties":{"areaM2":10072,"compactness":0.776},"geometry":{"type":"Polygon","coordinates":[[[-87.626725,41.891688],[-87.628071,41.891667],[-87.6280941,41.892476],[-87.626742,41.892498],[-87.626725,41.891688]]]}},{"type":"Feature","properties":{"areaM2":18292,"compactness":0.668},"geometry":{"type":"Polygon","coordinates":[[[-87.626725,41.891688],[-87.626742,41.892498],[-87.6242931,41.8925381],[-87.6242755,41.8917285],[-87.626725,41.891688]]]}},{"type":"Feature","properties":{"areaM2":28573,"compactness":0.533},"geometry":{"type":"Polygon","coordinates":[[[-87.620283,41.893412],[-87.620263,41.892588],[-87.6226096,41.8925673],[-87.624121,41.8925406],[-87.62414,41.8933381],[-87.6209573,41.893392],[-87.620283,41.893412]]]}},{"type":"Feature","properties":{"areaM2":17989,"compactness":0.664},"geometry":{"type":"Polygon","coordinates":[[[-87.626742,41.892498],[-87.626761,41.893295],[-87.6243162,41.8933353],[-87.6242931,41.8925381],[-87.626742,41.892498]]]}},{"type":"Feature","properties":{"areaM2":9987,"compactness":0.775},"geometry":{"type":"Polygon","coordinates":[[[-87.626761,41.893295],[-87.626742,41.892498],[-87.6280941,41.892476],[-87.628116,41.893279],[-87.626761,41.893295]]]}},{"type":"Feature","properties":{"areaM2":11579,"compactness":0.758},"geometry":{"type":"Polygon","coordinates":[[[-87.628116,41.893279],[-87.6280941,41.892476],[-87.629666,41.892457],[-87.6296809,41.893255],[-87.628116,41.893279]]]}},{"type":"Feature","properties":{"areaM2":7470,"compactness":0.067},"geometry":{"type":"Polygon","coordinates":[[[-87.6406316,41.8924668],[-87.6476649,41.8923729],[-87.6476691,41.8924805],[-87.6462389,41.8925011],[-87.64596,41.892522],[-87.644882,41.892526],[-87.6407285,41.8925836],[-87.6406316,41.8924668]]]}},{"type":"Feature","properties":{"areaM2":6964,"compactness":0.182},"geometry":{"type":"Polygon","coordinates":[[[-87.637042,41.892389],[-87.6389898,41.8924903],[-87.6406316,41.8924668],[-87.6407285,41.8925836],[-87.6385258,41.8926207],[-87.6381109,41.8926423],[-87.63789,41.8926875],[-87.6377371,41.8927474],[-87.6372318,41.8930474],[-87.637141,41.892875],[-87.637042,41.892389]]]}},{"type":"Feature","properties":{"areaM2":726,"compactness":0.283},"geometry":{"type":"Polygon","coordinates":[[[-87.6370106,41.8929436],[-87.637005,41.8925099],[-87.637042,41.892389],[-87.637141,41.892875],[-87.6372318,41.8930474],[-87.6370489,41.893151],[-87.6370106,41.8929436]]]}},{"type":"Feature","properties":{"areaM2":8225,"compactness":0.495},"geometry":{"type":"Polygon","coordinates":[[[-87.647566,41.8883817],[-87.6470989,41.8877785],[-87.646851,41.887383],[-87.6466145,41.8869727],[-87.6465321,41.8867995],[-87.647513,41.886796],[-87.6475243,41.8871063],[-87.6476651,41.887388],[-87.647549,41.887729],[-87.647566,41.8883817]]]}},{"type":"Feature","properties":{"areaM2":957,"compactness":0.372},"geometry":{"type":"Polygon","coordinates":[[[-87.6460833,41.8844068],[-87.6463107,41.8844064],[-87.6462426,41.8848704],[-87.646108,41.885119],[-87.6460833,41.8844068]]]}},{"type":"Feature","properties":{"areaM2":1619,"compactness":0.241},"geometry":{"type":"Polygon","coordinates":[[[-87.646108,41.885119],[-87.6461314,41.885446],[-87.646166,41.8856359],[-87.646038,41.885511],[-87.6459721,41.8852263],[-87.64594,41.884999],[-87.6459221,41.8847458],[-87.6459173,41.8845476],[-87.6459277,41.8844071],[-87.6460833,41.8844068],[-87.646108,41.885119]]]}},{"type":"Feature","properties":{"areaM2":2852,"compactness":0.351},"geometry":{"type":"Polygon","coordinates":[[[-87.6462426,41.8848704],[-87.6463107,41.8844064],[-87.6464771,41.884406],[-87.6464486,41.884533],[-87.646417,41.8856878],[-87.646222,41.88569],[-87.646166,41.8856359],[-87.6461314,41.885446],[-87.646108,41.885119],[-87.6462426,41.8848704]]]}},{"type":"Feature","properties":{"areaM2":16092,"compactness":0.407},"geometry":{"type":"Polygon","coordinates":[[[-87.6407285,41.8925836],[-87.641157,41.8931],[-87.6372919,41.893145],[-87.6372318,41.8930474],[-87.6377371,41.8927474],[-87.63789,41.8926875],[-87.6381109,41.8926423],[-87.6385258,41.8926207],[-87.6407285,41.8925836]]]}},{"type":"Feature","properties":{"areaM2":1473,"compactness":0.406},"geometry":{"type":"Polygon","coordinates":[[[-87.632466,41.890004],[-87.632662,41.89],[-87.6326831,41.890814],[-87.632487,41.890819],[-87.632466,41.890004]]]}},{"type":"Feature","properties":{"areaM2":11673,"compactness":0.717},"geometry":{"type":"Polygon","coordinates":[[[-87.647275,41.879223],[-87.64732,41.880496],[-87.6462407,41.8805073],[-87.6462726,41.8803379],[-87.6463147,41.8798667],[-87.6463213,41.8793124],[-87.646308,41.87924],[-87.647275,41.879223]]]}},{"type":"Feature","properties":{"areaM2":1033,"compactness":0.323},"geometry":{"type":"Polygon","coordinates":[[[-87.627625,41.8723],[-87.627645,41.873096],[-87.627503,41.873099],[-87.627486,41.872301],[-87.627625,41.8723]]]}},{"type":"Feature","properties":{"areaM2":1623,"compactness":0.225},"geometry":{"type":"Polygon","coordinates":[[[-87.627645,41.873096],[-87.6276712,41.8742851],[-87.627592,41.874386],[-87.627529,41.8742879],[-87.627503,41.873099],[-87.627645,41.873096]]]}},{"type":"Feature","properties":{"areaM2":5738,"compactness":0.061},"geometry":{"type":"Polygon","coordinates":[[[-87.627511,41.867605],[-87.627625,41.8723],[-87.627486,41.872301],[-87.6273857,41.8674653],[-87.627511,41.867605]]]}},{"type":"Feature","properties":{"areaM2":18222,"compactness":0.766},"geometry":{"type":"Polygon","coordinates":[[[-87.625988,41.874414],[-87.625978,41.87313],[-87.627503,41.873099],[-87.627529,41.8742879],[-87.627592,41.874386],[-87.625988,41.874414]]]}},{"type":"Feature","properties":{"areaM2":19523,"compactness":0.829},"geometry":{"type":"Polygon","coordinates":[[[-87.625978,41.87313],[-87.625988,41.874414],[-87.624484,41.874446],[-87.6243211,41.8742072],[-87.6243046,41.8736832],[-87.6242993,41.8733474],[-87.624451,41.87316],[-87.625978,41.87313]]]}},{"type":"Feature","properties":{"areaM2":18400,"compactness":0.789},"geometry":{"type":"Polygon","coordinates":[[[-87.625988,41.874414],[-87.627592,41.874386],[-87.62763,41.875571],[-87.6273695,41.8755784],[-87.6270503,41.8756205],[-87.626887,41.875675],[-87.626035,41.875694],[-87.625988,41.874414]]]}},{"type":"Feature","properties":{"areaM2":19205,"compactness":0.821},"geometry":{"type":"Polygon","coordinates":[[[-87.624484,41.874446],[-87.625988,41.874414],[-87.626035,41.875694],[-87.624521,41.875721],[-87.6243517,41.875611],[-87.6243395,41.8749893],[-87.624484,41.874446]]]}},{"type":"Feature","properties":{"areaM2":79962,"compactness":0.428},"geometry":{"type":"Polygon","coordinates":[[[-87.625978,41.87313],[-87.6258931,41.8693597],[-87.6258526,41.8684463],[-87.625829,41.867337],[-87.6260133,41.867481],[-87.6273857,41.8674653],[-87.627503,41.873099],[-87.625978,41.87313]]]}},{"type":"Feature","properties":{"areaM2":87224,"compactness":0.462},"geometry":{"type":"Polygon","coordinates":[[[-87.6258931,41.8693597],[-87.625978,41.87313],[-87.624451,41.87316],[-87.6242923,41.8729028],[-87.6242071,41.869316],[-87.6242167,41.8684042],[-87.624211,41.8675039],[-87.6252215,41.8674904],[-87.6255718,41.867402],[-87.6257427,41.8673998],[-87.625829,41.867337],[-87.6258526,41.8684463],[-87.6258931,41.8693597]]]}},{"type":"Feature","properties":{"areaM2":8002,"compactness":0.068},"geometry":{"type":"Polygon","coordinates":[[[-87.6241191,41.8726222],[-87.6240403,41.8692367],[-87.6240394,41.8685861],[-87.6240707,41.8675071],[-87.624211,41.8675039],[-87.6242167,41.8684042],[-87.6242071,41.869316],[-87.6242923,41.8729028],[-87.6241191,41.8726222]]]}},{"type":"Feature","properties":{"areaM2":8372,"compactness":0.087},"geometry":{"type":"Polygon","coordinates":[[[-87.620369,41.8878129],[-87.6206214,41.8878389],[-87.6206012,41.8879397],[-87.6195417,41.8878346],[-87.616977,41.887721],[-87.6151049,41.887652],[-87.6147789,41.8876056],[-87.6142605,41.8875638],[-87.6141554,41.8875229],[-87.6141513,41.8874421],[-87.6142581,41.8874174],[-87.6143948,41.887416],[-87.6155443,41.8874772],[-87.6158111,41.887462],[-87.616794,41.88752],[-87.617311,41.8875824],[-87.617497,41.887593],[-87.6176505,41.8876502],[-87.6189816,41.8877192],[-87.620143,41.8878008],[-87.62025,41.8877926],[-87.620369,41.8878129]]]}},{"type":"Feature","properties":{"areaM2":179601,"compactness":0.751},"geometry":{"type":"Polygon","coordinates":[[[-87.6199974,41.8877494],[-87.6195791,41.887697],[-87.6190345,41.887659],[-87.617311,41.8875824],[-87.616794,41.88752],[-87.6158111,41.887462],[-87.6155544,41.8874047],[-87.6143827,41.8873316],[-87.6142227,41.8873028],[-87.6141433,41.8872676],[-87.614116,41.886631],[-87.6142239,41.8864371],[-87.614338,41.885205],[-87.6143769,41.8848788],[-87.6144221,41.8845887],[-87.614444,41.884515],[-87.6206091,41.8845171],[-87.620654,41.885834],[-87.620667,41.886919],[-87.6206856,41.8873156],[-87.6206717,41.8878159],[-87.620376,41.887783],[-87.62025,41.8877926],[-87.6199974,41.8877494]]]}},{"type":"Feature","properties":{"areaM2":1344,"compactness":0.08},"geometry":{"type":"Polygon","coordinates":[[[-87.6190345,41.887659],[-87.6195791,41.887697],[-87.6199974,41.8877494],[-87.62025,41.8877926],[-87.620143,41.8878008],[-87.6189816,41.8877192],[-87.6176505,41.8876502],[-87.617497,41.887593],[-87.6190345,41.887659]]]}},{"type":"Feature","properties":{"areaM2":1180,"compactness":0.226},"geometry":{"type":"Polygon","coordinates":[[[-87.645287,41.884407],[-87.645245,41.8843236],[-87.6452676,41.8838985],[-87.6453357,41.8834323],[-87.645396,41.883308],[-87.6454077,41.8836068],[-87.6454047,41.8844076],[-87.645287,41.884407]]]}},{"type":"Feature","properties":{"areaM2":4145,"compactness":0.415},"geometry":{"type":"Polygon","coordinates":[[[-87.6454821,41.884408],[-87.6456431,41.8844665],[-87.6456847,41.8850126],[-87.6457351,41.8853062],[-87.6458442,41.8857072],[-87.645415,41.885812],[-87.645374,41.885586],[-87.6453683,41.8852831],[-87.6453839,41.8847499],[-87.6454047,41.8844076],[-87.6454821,41.884408]]]}},{"type":"Feature","properties":{"areaM2":2499,"compactness":0.332},"geometry":{"type":"Polygon","coordinates":[[[-87.6454047,41.8844076],[-87.6454077,41.8836068],[-87.6453937,41.8831793],[-87.6456009,41.8831783],[-87.6456151,41.883205],[-87.645638,41.8843834],[-87.6454821,41.884408],[-87.6454047,41.8844076]]]}},{"type":"Feature","properties":{"areaM2":17405,"compactness":0.765},"geometry":{"type":"Polygon","coordinates":[[[-87.641308,41.884445],[-87.6413421,41.885723],[-87.6411638,41.8856834],[-87.6400198,41.8856931],[-87.639866,41.885734],[-87.6398518,41.8855486],[-87.6398262,41.8845512],[-87.639799,41.884448],[-87.6403286,41.8844122],[-87.6409045,41.884411],[-87.641308,41.884445]]]}},{"type":"Feature","properties":{"areaM2":16258,"compactness":0.78},"geometry":{"type":"Polygon","coordinates":[[[-87.633916,41.884468],[-87.633948,41.885735],[-87.632562,41.885741],[-87.6325362,41.8851058],[-87.632527,41.884474],[-87.633916,41.884468]]]}},{"type":"Feature","properties":{"areaM2":13931,"compactness":0.785},"geometry":{"type":"Polygon","coordinates":[[[-87.632562,41.885741],[-87.633948,41.885735],[-87.633975,41.886821],[-87.632568,41.886819],[-87.632562,41.885741]]]}},{"type":"Feature","properties":{"areaM2":1685,"compactness":0.225},"geometry":{"type":"Polygon","coordinates":[[[-87.6323871,41.885742],[-87.6323822,41.8853027],[-87.6324121,41.8849057],[-87.632402,41.884474],[-87.632527,41.884474],[-87.6325362,41.8851058],[-87.632562,41.885741],[-87.6323871,41.885742]]]}},{"type":"Feature","properties":{"areaM2":1528,"compactness":0.272},"geometry":{"type":"Polygon","coordinates":[[[-87.632562,41.885741],[-87.632568,41.886819],[-87.632428,41.886819],[-87.6324085,41.886085],[-87.6323846,41.8857604],[-87.6323871,41.885742],[-87.632562,41.885741]]]}},{"type":"Feature","properties":{"areaM2":15745,"compactness":0.619},"geometry":{"type":"Polygon","coordinates":[[[-87.626286,41.885761],[-87.626312,41.886804],[-87.6261631,41.8868145],[-87.624274,41.886813],[-87.6246353,41.8867435],[-87.624622,41.885889],[-87.6252178,41.8857658],[-87.6252699,41.8857655],[-87.6253,41.885886],[-87.6256222,41.8857638],[-87.626286,41.885761]]]}},{"type":"Feature","properties":{"areaM2":19927,"compactness":0.709},"geometry":{"type":"Polygon","coordinates":[[[-87.626286,41.885761],[-87.6256222,41.8857638],[-87.6253,41.885886],[-87.6252699,41.8857655],[-87.6252178,41.8857658],[-87.624622,41.885889],[-87.6246028,41.8853171],[-87.6245768,41.8849261],[-87.6245731,41.884631],[-87.6246906,41.8844905],[-87.626263,41.884493],[-87.6262768,41.8849888],[-87.626096,41.885128],[-87.6262851,41.8853646],[-87.626286,41.885761]]]}},{"type":"Feature","properties":{"areaM2":455357,"compactness":0.76},"geometry":{"type":"Polygon","coordinates":[[[-87.676904,41.890825],[-87.677057,41.895912],[-87.667365,41.896069],[-87.6673532,41.8955352],[-87.6673195,41.8950306],[-87.6673002,41.8943426],[-87.667238,41.894266],[-87.6672963,41.8941862],[-87.667205,41.890972],[-87.674452,41.890869],[-87.676904,41.890825]]]}},{"type":"Feature","properties":{"areaM2":514541,"compactness":0.765},"geometry":{"type":"Polygon","coordinates":[[[-87.676846,41.888776],[-87.676904,41.890825],[-87.674452,41.890869],[-87.667205,41.890972],[-87.6671786,41.8899892],[-87.6671159,41.889895],[-87.6671734,41.8897932],[-87.667088,41.888851],[-87.667065,41.888238],[-87.6671186,41.8881459],[-87.6671168,41.8878703],[-87.6670559,41.887831],[-87.66704,41.88738],[-87.6670919,41.8870876],[-87.6670772,41.8864369],[-87.667055,41.886142],[-87.6670953,41.8857505],[-87.667092,41.885336],[-87.6701356,41.8852267],[-87.670633,41.885105],[-87.6707499,41.8852048],[-87.6741862,41.8850812],[-87.674295,41.884974],[-87.6744078,41.8850723],[-87.676739,41.884987],[-87.676834,41.888215],[-87.6768037,41.8882884],[-87.6768166,41.8887378],[-87.676846,41.888776]]]}},{"type":"Feature","properties":{"areaM2":404074,"compactness":0.631},"geometry":{"type":"Polygon","coordinates":[[[-87.676638,41.881323],[-87.666892,41.881464],[-87.666869,41.880777],[-87.6678216,41.8799647],[-87.66922,41.878849],[-87.670691,41.877557],[-87.6714526,41.8769273],[-87.6716319,41.876963],[-87.6716353,41.8767751],[-87.673425,41.875279],[-87.673902,41.875059],[-87.674129,41.8746856],[-87.674878,41.874069],[-87.676369,41.874048],[-87.676419,41.8751459],[-87.676485,41.875283],[-87.676581,41.878751],[-87.6765255,41.8788303],[-87.6765721,41.880334],[-87.676626,41.880421],[-87.676638,41.881323]]]}},{"type":"Feature","properties":{"areaM2":338550,"compactness":0.692},"geometry":{"type":"Polygon","coordinates":[[[-87.666892,41.881464],[-87.676638,41.881323],[-87.676739,41.884987],[-87.6744078,41.8850723],[-87.674295,41.884974],[-87.6741862,41.8850812],[-87.6707499,41.8852048],[-87.670633,41.885105],[-87.6701356,41.8852267],[-87.666997,41.885338],[-87.6669697,41.8846757],[-87.6669766,41.8843483],[-87.666887,41.884258],[-87.6669719,41.8841832],[-87.666892,41.881464]]]}},{"type":"Feature","properties":{"areaM2":1709,"compactness":0.525},"geometry":{"type":"Polygon","coordinates":[[[-87.6660609,41.881476],[-87.6661735,41.8813727],[-87.666718,41.880897],[-87.6667075,41.881079],[-87.6667199,41.881465],[-87.6660609,41.881476]]]}},{"type":"Feature","properties":{"areaM2":78002,"compactness":0.672},"geometry":{"type":"Polygon","coordinates":[[[-87.6660609,41.881476],[-87.6667199,41.881465],[-87.6667996,41.8841845],[-87.666887,41.884258],[-87.6668015,41.8843499],[-87.666856,41.885342],[-87.6666331,41.8853454],[-87.665121,41.885255],[-87.6643782,41.8848083],[-87.663382,41.884192],[-87.6634866,41.8839851],[-87.66499,41.8825304],[-87.66536,41.882384],[-87.6653045,41.8822249],[-87.6660609,41.881476]]]}},{"type":"Feature","properties":{"areaM2":130506,"compactness":0.531},"geometry":{"type":"Polygon","coordinates":[[[-87.66922,41.878849],[-87.6678216,41.8799647],[-87.666869,41.880777],[-87.6667917,41.8788171],[-87.6667611,41.8777065],[-87.6667335,41.8760451],[-87.6693874,41.8759982],[-87.6713043,41.8759281],[-87.6726774,41.8759064],[-87.6716353,41.8767751],[-87.6716319,41.876963],[-87.6714526,41.8769273],[-87.670691,41.877557],[-87.66922,41.878849]]]}},{"type":"Feature","properties":{"areaM2":52570,"compactness":0.429},"geometry":{"type":"Polygon","coordinates":[[[-87.654844,41.895899],[-87.6531834,41.8948173],[-87.652806,41.8945502],[-87.6513833,41.8936342],[-87.651228,41.893336],[-87.650565,41.893313],[-87.6504485,41.8930354],[-87.650136,41.892832],[-87.6500465,41.8927577],[-87.6506895,41.8928312],[-87.6510049,41.8929038],[-87.653457,41.8935379],[-87.653876,41.893734],[-87.6545197,41.8940571],[-87.6555949,41.8945682],[-87.6558355,41.8947079],[-87.6556408,41.8949582],[-87.655287,41.89551],[-87.6549198,41.8958128],[-87.654844,41.895899]]]}},{"type":"Feature","properties":{"areaM2":637457,"compactness":0.809},"geometry":{"type":"Polygon","coordinates":[[[-87.669028,41.8669206],[-87.676202,41.866819],[-87.6761736,41.8679679],[-87.6761769,41.8682997],[-87.676298,41.872865],[-87.674878,41.874069],[-87.672881,41.8741],[-87.6727693,41.874075],[-87.6725469,41.874078],[-87.672448,41.874106],[-87.668482,41.874164],[-87.6682971,41.8741433],[-87.6666799,41.874161],[-87.6666697,41.8737585],[-87.666579,41.873489],[-87.6666355,41.8729892],[-87.6665357,41.8694878],[-87.666488,41.866899],[-87.6675968,41.8668908],[-87.669028,41.8669206]]]}},{"type":"Feature","properties":{"areaM2":10911,"compactness":0.051},"geometry":{"type":"Polygon","coordinates":[[[-87.676202,41.866819],[-87.669028,41.8669206],[-87.6675968,41.8668908],[-87.666488,41.866899],[-87.666485,41.866796],[-87.6681456,41.8667765],[-87.6692108,41.8667941],[-87.676199,41.866695],[-87.676202,41.866819]]]}},{"type":"Feature","properties":{"areaM2":7112,"compactness":0.104},"geometry":{"type":"Polygon","coordinates":[[[-87.6598351,41.889971],[-87.660982,41.888286],[-87.6614481,41.887547],[-87.661593,41.887467],[-87.6616392,41.8875497],[-87.6611946,41.8882886],[-87.660796,41.8889101],[-87.660056,41.889969],[-87.659133,41.891059],[-87.65893,41.891061],[-87.6598351,41.889971]]]}},{"type":"Feature","properties":{"areaM2":3612,"compactness":0.082},"geometry":{"type":"Polygon","coordinates":[[[-87.667205,41.890972],[-87.6672963,41.8941862],[-87.667238,41.894266],[-87.6671755,41.8941859],[-87.667085,41.890974],[-87.667205,41.890972]]]}},{"type":"Feature","properties":{"areaM2":304991,"compactness":0.696},"geometry":{"type":"Polygon","coordinates":[[[-87.66704,41.8892397],[-87.6670513,41.8897959],[-87.6671159,41.889895],[-87.6670584,41.8899926],[-87.667085,41.890974],[-87.659133,41.891059],[-87.660056,41.889969],[-87.660805,41.8888964],[-87.6611946,41.8882886],[-87.6616392,41.8875497],[-87.661593,41.887467],[-87.6617307,41.8873865],[-87.6621509,41.886597],[-87.662506,41.88598],[-87.6627344,41.885515],[-87.662801,41.885417],[-87.6651305,41.8853733],[-87.665121,41.885255],[-87.6666331,41.8853454],[-87.666856,41.885342],[-87.6668789,41.8856458],[-87.6669441,41.8862192],[-87.6669681,41.887012],[-87.66704,41.88738],[-87.6669894,41.8876673],[-87.6670559,41.887831],[-87.6670025,41.8880946],[-87.667065,41.888238],[-87.6670188,41.8883532],[-87.667088,41.888851],[-87.66704,41.8892397]]]}},{"type":"Feature","properties":{"areaM2":731,"compactness":0.167},"geometry":{"type":"Polygon","coordinates":[[[-87.6670513,41.8897959],[-87.66704,41.8892397],[-87.667088,41.888851],[-87.6671734,41.8897932],[-87.6671159,41.889895],[-87.6670513,41.8897959]]]}},{"type":"Feature","properties":{"areaM2":2163,"compactness":0.125},"geometry":{"type":"Polygon","coordinates":[[[-87.667061,41.8861948],[-87.66708,41.886512],[-87.6670919,41.8870876],[-87.66704,41.88738],[-87.6669681,41.887012],[-87.6669441,41.8862192],[-87.6668789,41.8856458],[-87.666856,41.885342],[-87.666997,41.885338],[-87.667014,41.8857535],[-87.667061,41.8861948]]]}},{"type":"Feature","properties":{"areaM2":746,"compactness":0.277},"geometry":{"type":"Polygon","coordinates":[[[-87.655287,41.89551],[-87.6556408,41.8949582],[-87.655764,41.894793],[-87.6558082,41.8950097],[-87.655629,41.895215],[-87.655287,41.89551]]]}},{"type":"Feature","properties":{"areaM2":1716,"compactness":0.151},"geometry":{"type":"Polygon","coordinates":[[[-87.662235,41.886087],[-87.6625472,41.885516],[-87.6626099,41.885422],[-87.6626371,41.8855282],[-87.662509,41.8858363],[-87.662506,41.88598],[-87.6621946,41.8865183],[-87.661923,41.887024],[-87.6619151,41.8868952],[-87.6620337,41.8866867],[-87.6621072,41.8865201],[-87.662235,41.886087]]]}},{"type":"Feature","properties":{"areaM2":13541,"compactness":0.587},"geometry":{"type":"Polygon","coordinates":[[[-87.6651305,41.8853733],[-87.662801,41.885417],[-87.6628575,41.8853226],[-87.663122,41.884794],[-87.6633817,41.884337],[-87.663382,41.884192],[-87.6643782,41.8848083],[-87.665121,41.885255],[-87.6651305,41.8853733]]]}},{"type":"Feature","properties":{"areaM2":1609,"compactness":0.184},"geometry":{"type":"Polygon","coordinates":[[[-87.6615375,41.8873893],[-87.6619824,41.8865227],[-87.662235,41.886087],[-87.6621072,41.8865201],[-87.6620337,41.8866867],[-87.6619151,41.8868952],[-87.661923,41.887024],[-87.6617307,41.8873865],[-87.661593,41.887467],[-87.6615375,41.8873893]]]}},{"type":"Feature","properties":{"areaM2":2143,"compactness":0.156},"geometry":{"type":"Polygon","coordinates":[[[-87.667222,41.896071],[-87.6671799,41.8943458],[-87.667238,41.894266],[-87.6673002,41.8943426],[-87.6673195,41.8950306],[-87.6673532,41.8955352],[-87.667365,41.896069],[-87.667222,41.896071]]]}},{"type":"Feature","properties":{"areaM2":1141,"compactness":0.226},"geometry":{"type":"Polygon","coordinates":[[[-87.667085,41.890974],[-87.6670584,41.8899926],[-87.6671159,41.889895],[-87.6671786,41.8899892],[-87.667205,41.890972],[-87.667085,41.890974]]]}},{"type":"Feature","properties":{"areaM2":1634,"compactness":0.146},"geometry":{"type":"Polygon","coordinates":[[[-87.6765721,41.880334],[-87.6765255,41.8788303],[-87.676581,41.878751],[-87.6766406,41.8788337],[-87.676673,41.880021],[-87.6766789,41.8803291],[-87.676626,41.880421],[-87.6765721,41.880334]]]}},{"type":"Feature","properties":{"areaM2":913,"compactness":0.135},"geometry":{"type":"Polygon","coordinates":[[[-87.6327102,41.8991687],[-87.632752,41.897955],[-87.6328635,41.8991666],[-87.632789,41.899246],[-87.6327102,41.8991687]]]}},{"type":"Feature","properties":{"areaM2":1291,"compactness":0.373},"geometry":{"type":"Polygon","coordinates":[[[-87.6241019,41.8917306],[-87.6242755,41.8917285],[-87.6242931,41.8925381],[-87.624121,41.8925406],[-87.6241019,41.8917306]]]}},{"type":"Feature","properties":{"areaM2":1078,"compactness":0.35},"geometry":{"type":"Polygon","coordinates":[[[-87.6241019,41.8917306],[-87.6240734,41.8909328],[-87.6241124,41.8909319],[-87.6242596,41.8912572],[-87.6242755,41.8917285],[-87.6241019,41.8917306]]]}},{"type":"Feature","properties":{"areaM2":6467,"compactness":0.054},"geometry":{"type":"Polygon","coordinates":[[[-87.66633,41.8669],[-87.6592357,41.8670168],[-87.6591159,41.866805],[-87.6592355,41.8669236],[-87.666327,41.866797],[-87.66633,41.8669]]]}},{"type":"Feature","properties":{"areaM2":4294,"compactness":0.232},"geometry":{"type":"Polygon","coordinates":[[[-87.6577688,41.896229],[-87.6576395,41.8961024],[-87.6572982,41.8958047],[-87.6569806,41.8955913],[-87.6562523,41.8952193],[-87.6558082,41.8950097],[-87.6559924,41.894799],[-87.6561518,41.8948916],[-87.6564469,41.894982],[-87.6570241,41.8954035],[-87.6573823,41.895695],[-87.6579194,41.8962263],[-87.6577688,41.896229]]]}},{"type":"Feature","properties":{"areaM2":3537,"compactness":0.172},"geometry":{"type":"Polygon","coordinates":[[[-87.6579194,41.8962263],[-87.6573823,41.895695],[-87.6570241,41.8954035],[-87.6564469,41.894982],[-87.6560576,41.8947215],[-87.6561562,41.8946045],[-87.6569847,41.8951792],[-87.657674,41.8957482],[-87.6581535,41.896222],[-87.6579194,41.8962263]]]}},{"type":"Feature","properties":{"areaM2":1351,"compactness":0.117},"geometry":{"type":"Polygon","coordinates":[[[-87.6582944,41.8962194],[-87.6585484,41.8965209],[-87.6588676,41.8969361],[-87.6589896,41.8971238],[-87.6591549,41.8973896],[-87.6592461,41.897685],[-87.6590661,41.8973943],[-87.6586798,41.8968363],[-87.6584036,41.8964809],[-87.6581535,41.896222],[-87.6582944,41.8962194]]]}},{"type":"Feature","properties":{"areaM2":2463,"compactness":0.112},"geometry":{"type":"Polygon","coordinates":[[[-87.6581535,41.896222],[-87.657674,41.8957482],[-87.6569847,41.8951792],[-87.6561562,41.8946045],[-87.6562378,41.8945077],[-87.6566781,41.8948552],[-87.6571402,41.8951832],[-87.6577411,41.8956743],[-87.6581742,41.8960767],[-87.6582944,41.8962194],[-87.6581535,41.896222]]]}},{"type":"Feature","properties":{"areaM2":1965,"compactness":0.206},"geometry":{"type":"Polygon","coordinates":[[[-87.6586716,41.8962124],[-87.6589037,41.8965018],[-87.6591473,41.8968633],[-87.6594074,41.8973347],[-87.659384,41.897539],[-87.6590492,41.896968],[-87.658834,41.8966675],[-87.6585627,41.8963332],[-87.658455,41.8962164],[-87.6586716,41.8962124]]]}},{"type":"Feature","properties":{"areaM2":2161,"compactness":0.153},"geometry":{"type":"Polygon","coordinates":[[[-87.667365,41.896069],[-87.6674001,41.8978256],[-87.667343,41.897901],[-87.6672808,41.8978184],[-87.667222,41.896071],[-87.667365,41.896069]]]}},{"type":"Feature","properties":{"areaM2":860,"compactness":0.311},"geometry":{"type":"Polygon","coordinates":[[[-87.6401038,41.896469],[-87.6408731,41.8964597],[-87.640943,41.896503],[-87.6408151,41.8965669],[-87.6400521,41.896578],[-87.640048,41.896352],[-87.6401038,41.896469]]]}},{"type":"Feature","properties":{"areaM2":817,"compactness":0.461},"geometry":{"type":"Polygon","coordinates":[[[-87.646417,41.8856878],[-87.6464075,41.8860458],[-87.646315,41.886261],[-87.6462194,41.8859287],[-87.646176,41.8856906],[-87.646417,41.8856878]]]}},{"type":"Feature","properties":{"areaM2":783,"compactness":0.248},"geometry":{"type":"Polygon","coordinates":[[[-87.6458789,41.8831577],[-87.6458955,41.8825528],[-87.645987,41.882319],[-87.6460203,41.8831565],[-87.6458789,41.8831577]]]}},{"type":"Feature","properties":{"areaM2":2154,"compactness":0.243},"geometry":{"type":"Polygon","coordinates":[[[-87.6458789,41.8831577],[-87.6457726,41.8831656],[-87.6457831,41.8829251],[-87.64573,41.881801],[-87.6459847,41.8817981],[-87.645973,41.881828],[-87.645987,41.882319],[-87.6458955,41.8825528],[-87.6458789,41.8831577]]]}},{"type":"Feature","properties":{"areaM2":2050,"compactness":0.237},"geometry":{"type":"Polygon","coordinates":[[[-87.6457726,41.8831656],[-87.645614,41.8831782],[-87.6455823,41.8818031],[-87.64573,41.881801],[-87.6457831,41.8829251],[-87.6457726,41.8831656]]]}},{"type":"Feature","properties":{"areaM2":2312,"compactness":0.287},"geometry":{"type":"Polygon","coordinates":[[[-87.6459847,41.8817981],[-87.6460811,41.8815512],[-87.64613,41.880878],[-87.6461996,41.8807251],[-87.6462407,41.8805073],[-87.6463369,41.880506],[-87.6463914,41.8805917],[-87.6463869,41.8807482],[-87.6462584,41.8814842],[-87.6462145,41.8817952],[-87.6459847,41.8817981]]]}},{"type":"Feature","properties":{"areaM2":1475,"compactness":0.231},"geometry":{"type":"Polygon","coordinates":[[[-87.6462145,41.8817952],[-87.6461837,41.8820137],[-87.6461182,41.8823469],[-87.6460988,41.8825649],[-87.6460998,41.8827967],[-87.6460111,41.882978],[-87.645973,41.881828],[-87.6459847,41.8817981],[-87.6462145,41.8817952]]]}},{"type":"Feature","properties":{"areaM2":6010,"compactness":0.567},"geometry":{"type":"Polygon","coordinates":[[[-87.6459847,41.8817981],[-87.6455823,41.8818031],[-87.6456033,41.8805161],[-87.6461342,41.8805088],[-87.64613,41.880878],[-87.6460811,41.8815512],[-87.6459847,41.8817981]]]}},{"type":"Feature","properties":{"areaM2":1366,"compactness":0.188},"geometry":{"type":"Polygon","coordinates":[[[-87.64522,41.881808],[-87.6451788,41.8817253],[-87.6451793,41.8810631],[-87.6452066,41.8807504],[-87.6452098,41.8805395],[-87.6452158,41.8805214],[-87.645269,41.8805207],[-87.6452844,41.8809476],[-87.6453513,41.8818062],[-87.64522,41.881808]]]}},{"type":"Feature","properties":{"areaM2":1977,"compactness":0.231},"geometry":{"type":"Polygon","coordinates":[[[-87.6455823,41.8818031],[-87.6456055,41.8829732],[-87.645614,41.8831782],[-87.6456009,41.8831783],[-87.6454917,41.8829722],[-87.6453513,41.8818062],[-87.6455823,41.8818031]]]}},{"type":"Feature","properties":{"areaM2":3050,"compactness":0.362},"geometry":{"type":"Polygon","coordinates":[[[-87.6453513,41.8818062],[-87.645297,41.881075],[-87.6453547,41.8809115],[-87.6453677,41.8805193],[-87.6456033,41.8805161],[-87.6455823,41.8818031],[-87.6453513,41.8818062]]]}},{"type":"Feature","properties":{"areaM2":1703,"compactness":0.242},"geometry":{"type":"Polygon","coordinates":[[[-87.6461342,41.8805088],[-87.646145,41.879569],[-87.6462165,41.8793969],[-87.6462387,41.8792407],[-87.646308,41.87924],[-87.6463213,41.8793124],[-87.6463236,41.8796227],[-87.6463147,41.8798667],[-87.6462726,41.8803379],[-87.6462407,41.8805073],[-87.6461342,41.8805088]]]}},{"type":"Feature","properties":{"areaM2":5965,"compactness":0.56},"geometry":{"type":"Polygon","coordinates":[[[-87.6456033,41.8805161],[-87.6456258,41.8799022],[-87.6456664,41.8792461],[-87.6461479,41.8792416],[-87.6461342,41.8805088],[-87.6456033,41.8805161]]]}},{"type":"Feature","properties":{"areaM2":2595,"compactness":0.31},"geometry":{"type":"Polygon","coordinates":[[[-87.6453677,41.8805193],[-87.6453746,41.8803518],[-87.645428,41.879835],[-87.6454309,41.8793262],[-87.645402,41.8792908],[-87.6454081,41.8792486],[-87.6456664,41.8792461],[-87.6456258,41.8799022],[-87.6456033,41.8805161],[-87.6453677,41.8805193]]]}},{"type":"Feature","properties":{"areaM2":1144,"compactness":0.179},"geometry":{"type":"Polygon","coordinates":[[[-87.645269,41.8805207],[-87.645275,41.879808],[-87.6453452,41.879683],[-87.645402,41.8792908],[-87.6454309,41.8793262],[-87.645428,41.879835],[-87.6453746,41.8803518],[-87.6453677,41.8805193],[-87.645269,41.8805207]]]}},{"type":"Feature","properties":{"areaM2":8447,"compactness":0.18},"geometry":{"type":"Polygon","coordinates":[[[-87.6115771,41.8910782],[-87.6116268,41.8909994],[-87.61169,41.8909477],[-87.6118273,41.8909229],[-87.6127248,41.8909058],[-87.6129878,41.890891],[-87.613057,41.8908786],[-87.6132667,41.8908142],[-87.613447,41.8907086],[-87.6136037,41.8905595],[-87.6136941,41.8903979],[-87.6137584,41.8901387],[-87.6138904,41.8893911],[-87.6139773,41.8891699],[-87.6139698,41.8899927],[-87.6139131,41.8905696],[-87.6139203,41.8911238],[-87.6130104,41.8911236],[-87.6117124,41.8911464],[-87.61158,41.891141],[-87.6115771,41.8910782]]]}},{"type":"Feature","properties":{"areaM2":4982,"compactness":0.104},"geometry":{"type":"Polygon","coordinates":[[[-87.6274048,41.8624976],[-87.6274443,41.8639567],[-87.6274645,41.8656907],[-87.627201,41.865755],[-87.6273129,41.8656884],[-87.627238,41.862499],[-87.6271921,41.862409],[-87.6274048,41.8624976]]]}},{"type":"Feature","properties":{"areaM2":6467,"compactness":0.178},"geometry":{"type":"Polygon","coordinates":[[[-87.6135553,41.8866747],[-87.6133467,41.8851562],[-87.6133519,41.8849298],[-87.6134146,41.8846526],[-87.613459,41.884519],[-87.6137209,41.884518],[-87.6136448,41.8847621],[-87.6136135,41.8849317],[-87.6136059,41.8852342],[-87.6136329,41.8854758],[-87.6139276,41.8874033],[-87.6137915,41.887301],[-87.6136859,41.8871961],[-87.613646,41.887132],[-87.6136132,41.8870101],[-87.6135553,41.8866747]]]}},{"type":"Feature","properties":{"areaM2":3683,"compactness":0.194},"geometry":{"type":"Polygon","coordinates":[[[-87.6144221,41.8845887],[-87.614338,41.885205],[-87.6142239,41.8864371],[-87.614116,41.886631],[-87.6140793,41.885361],[-87.6140807,41.8852471],[-87.6141267,41.8849282],[-87.614184,41.884726],[-87.6142709,41.8845161],[-87.614444,41.884515],[-87.6144221,41.8845887]]]}},{"type":"Feature","properties":{"areaM2":2763,"compactness":0.177},"geometry":{"type":"Polygon","coordinates":[[[-87.6137991,41.8850635],[-87.6137898,41.8852293],[-87.6137951,41.885391],[-87.6138341,41.8861102],[-87.613776,41.886393],[-87.6136329,41.8854758],[-87.6136059,41.8852342],[-87.6136135,41.8849317],[-87.6136448,41.8847621],[-87.6137209,41.884518],[-87.613985,41.884518],[-87.613839,41.884874],[-87.6137991,41.8850635]]]}},{"type":"Feature","properties":{"areaM2":3788,"compactness":0.098},"geometry":{"type":"Polygon","coordinates":[[[-87.6138341,41.8861102],[-87.6137898,41.8852293],[-87.6137991,41.8850635],[-87.613839,41.884874],[-87.613985,41.884518],[-87.6142709,41.8845161],[-87.6140739,41.8847166],[-87.6139898,41.884922],[-87.6139404,41.885118],[-87.6139213,41.8852517],[-87.6139244,41.8858135],[-87.6139412,41.8862706],[-87.6139641,41.886643],[-87.614043,41.887479],[-87.6139276,41.8874033],[-87.6138086,41.8866566],[-87.613776,41.886393],[-87.6138341,41.8861102]]]}},{"type":"Feature","properties":{"areaM2":3135,"compactness":0.145},"geometry":{"type":"Polygon","coordinates":[[[-87.613952,41.892276],[-87.6139777,41.8925769],[-87.6140031,41.89273],[-87.6140952,41.8930304],[-87.6141709,41.8931892],[-87.6142901,41.8933939],[-87.6147689,41.894054],[-87.6145125,41.8938556],[-87.614277,41.8935605],[-87.6139939,41.8931783],[-87.613868,41.8929329],[-87.6137855,41.8926396],[-87.6137662,41.8924625],[-87.6137539,41.892096],[-87.6137633,41.8920411],[-87.6137932,41.8919893],[-87.6138204,41.8919552],[-87.613882,41.891913],[-87.613948,41.8919113],[-87.613952,41.892276]]]}},{"type":"Feature","properties":{"areaM2":1817,"compactness":0.323},"geometry":{"type":"Polygon","coordinates":[[[-87.6350974,41.8756968],[-87.633684,41.87567],[-87.6336781,41.875524],[-87.6350907,41.8755634],[-87.6350974,41.8756968]]]}},{"type":"Feature","properties":{"areaM2":700,"compactness":0.536},"geometry":{"type":"Polygon","coordinates":[[[-87.635858,41.8757032],[-87.6352262,41.8756964],[-87.635221,41.8755656],[-87.6357524,41.8755717],[-87.635858,41.8757032]]]}},{"type":"Feature","properties":{"areaM2":1652,"compactness":0.437},"geometry":{"type":"Polygon","coordinates":[[[-87.6352391,41.874906],[-87.6356422,41.8754342],[-87.6357493,41.8755677],[-87.6352188,41.8755105],[-87.6351891,41.874963],[-87.635124,41.874834],[-87.6352391,41.874906]]]}},{"type":"Feature","properties":{"areaM2":857,"compactness":0.127},"geometry":{"type":"Polygon","coordinates":[[[-87.6352391,41.874906],[-87.6350519,41.8747887],[-87.635017,41.874458],[-87.6351197,41.8746697],[-87.635398,41.8750038],[-87.6358369,41.8755718],[-87.6357493,41.8755677],[-87.6352391,41.874906]]]}},{"type":"Feature","properties":{"areaM2":794,"compactness":0.329},"geometry":{"type":"Polygon","coordinates":[[[-87.6351891,41.874963],[-87.635205,41.8751631],[-87.6352188,41.8755105],[-87.6350876,41.8755016],[-87.6350519,41.8747887],[-87.635124,41.874834],[-87.6351891,41.874963]]]}},{"type":"Feature","properties":{"areaM2":1282,"compactness":0.22},"geometry":{"type":"Polygon","coordinates":[[[-87.6367663,41.8795086],[-87.6368351,41.8794902],[-87.6369043,41.8794997],[-87.6369205,41.8795107],[-87.636954,41.8806286],[-87.636864,41.88063],[-87.6368524,41.8802365],[-87.6368209,41.8800618],[-87.6367804,41.8799942],[-87.6367663,41.8795086]]]}},{"type":"Feature","properties":{"areaM2":1417,"compactness":0.31},"geometry":{"type":"Polygon","coordinates":[[[-87.636826,41.8820909],[-87.63687,41.8820659],[-87.6369422,41.8820658],[-87.6369853,41.8820827],[-87.6370095,41.8830349],[-87.6369762,41.883056],[-87.6368973,41.8830569],[-87.636855,41.8830349],[-87.636826,41.8820909]]]}},{"type":"Feature","properties":{"areaM2":17643,"compactness":0.651},"geometry":{"type":"Polygon","coordinates":[[[-87.6263274,41.8868814],[-87.626404,41.887098],[-87.626253,41.887227],[-87.625629,41.8879531],[-87.625521,41.8880647],[-87.6254379,41.8881304],[-87.6253572,41.8881743],[-87.6252353,41.8882122],[-87.6251401,41.8882269],[-87.6248664,41.8882238],[-87.6246143,41.8882082],[-87.6246503,41.8880221],[-87.6246614,41.8878692],[-87.6246456,41.8871384],[-87.6244641,41.8869795],[-87.6244621,41.8868994],[-87.624274,41.886813],[-87.6261631,41.8868145],[-87.626312,41.886804],[-87.6263274,41.8868814]]]}},{"type":"Feature","properties":{"areaM2":4128,"compactness":0.061},"geometry":{"type":"Polygon","coordinates":[[[-87.6195417,41.8878346],[-87.6206012,41.8879397],[-87.620595,41.887971],[-87.61954,41.887866],[-87.6191163,41.8879088],[-87.6186585,41.8879062],[-87.6160116,41.887779],[-87.6153677,41.8877381],[-87.6151049,41.887652],[-87.616977,41.887721],[-87.6195417,41.8878346]]]}},{"type":"Feature","properties":{"areaM2":2361,"compactness":0.096},"geometry":{"type":"Polygon","coordinates":[[[-87.6207878,41.8878595],[-87.6212445,41.8879225],[-87.6223601,41.888137],[-87.6229433,41.888208],[-87.6232347,41.8882286],[-87.623977,41.8882232],[-87.6239793,41.8882974],[-87.6234379,41.888306],[-87.622369,41.888216],[-87.621604,41.8880795],[-87.6207842,41.8879604],[-87.6207878,41.8878595]]]}},{"type":"Feature","properties":{"areaM2":122232,"compactness":0.755},"geometry":{"type":"Polygon","coordinates":[[[-87.623917,41.884637],[-87.624185,41.884484],[-87.6243714,41.8844844],[-87.6243929,41.8846006],[-87.6244261,41.8853609],[-87.624622,41.885889],[-87.6244315,41.8858594],[-87.6244523,41.886549],[-87.624274,41.886813],[-87.6244641,41.8869795],[-87.6244829,41.8878559],[-87.624476,41.888088],[-87.623976,41.88819],[-87.6232374,41.8881967],[-87.62291,41.8881694],[-87.622342,41.888093],[-87.6212478,41.8878909],[-87.6207627,41.887826],[-87.6207775,41.8873552],[-87.620738,41.885835],[-87.6207179,41.8845187],[-87.6208465,41.8845178],[-87.6216909,41.884459],[-87.6220439,41.8844455],[-87.6229552,41.884443],[-87.623434,41.884484],[-87.623917,41.884637]]]}},{"type":"Feature","properties":{"areaM2":3939,"compactness":0.116},"geometry":{"type":"Polygon","coordinates":[[[-87.623434,41.884484],[-87.6229552,41.884443],[-87.6220439,41.8844455],[-87.6216909,41.884459],[-87.6208465,41.8845178],[-87.6207179,41.8845187],[-87.6207144,41.8843575],[-87.6221277,41.8843779],[-87.6241818,41.8843671],[-87.624335,41.884308],[-87.6243714,41.8844844],[-87.624185,41.884484],[-87.623917,41.884637],[-87.623434,41.884484]]]}},{"type":"Feature","properties":{"areaM2":4727,"compactness":0.13},"geometry":{"type":"Polygon","coordinates":[[[-87.6221273,41.8675715],[-87.6206671,41.8675985],[-87.620447,41.867744],[-87.6204843,41.8674452],[-87.6239165,41.8674021],[-87.624156,41.867285],[-87.6240707,41.8675071],[-87.6232974,41.86752],[-87.6221273,41.8675715]]]}},{"type":"Feature","properties":{"areaM2":679,"compactness":0.117},"geometry":{"type":"Polygon","coordinates":[[[-87.6546923,41.8935917],[-87.6556393,41.8942326],[-87.655837,41.894381],[-87.6556137,41.8942729],[-87.6546039,41.8936143],[-87.6546923,41.8935917]]]}},{"type":"Feature","properties":{"areaM2":1551,"compactness":0.135},"geometry":{"type":"Polygon","coordinates":[[[-87.6532676,41.8926222],[-87.6533959,41.8926954],[-87.6546923,41.8935917],[-87.6546039,41.8936143],[-87.6531826,41.8926817],[-87.6529523,41.8925198],[-87.653065,41.892534],[-87.6532676,41.8926222]]]}},{"type":"Feature","properties":{"areaM2":2435,"compactness":0.243},"geometry":{"type":"Polygon","coordinates":[[[-87.6560091,41.8945015],[-87.655907,41.8946229],[-87.6545107,41.8937446],[-87.6543792,41.8936514],[-87.6544542,41.8936452],[-87.6546039,41.8936143],[-87.6556137,41.8942729],[-87.655837,41.894381],[-87.6560091,41.8945015]]]}},{"type":"Feature","properties":{"areaM2":4335,"compactness":0.137},"geometry":{"type":"Polygon","coordinates":[[[-87.6498979,41.8926343],[-87.65028,41.892674],[-87.6505742,41.892726],[-87.6511589,41.8927953],[-87.65169,41.8928851],[-87.6521352,41.8929929],[-87.6524786,41.8931047],[-87.652934,41.893293],[-87.653457,41.8935379],[-87.6510049,41.8929038],[-87.6506895,41.8928312],[-87.6500465,41.8927577],[-87.6498979,41.8926343]]]}},{"type":"Feature","properties":{"areaM2":1942,"compactness":0.145},"geometry":{"type":"Polygon","coordinates":[[[-87.6500465,41.8927577],[-87.6488294,41.8926226],[-87.6482251,41.892566],[-87.647825,41.8925397],[-87.6476714,41.8925394],[-87.6476691,41.8924805],[-87.6480543,41.8924748],[-87.6484646,41.8924928],[-87.6498979,41.8926343],[-87.6500465,41.8927577]]]}},{"type":"Feature","properties":{"areaM2":2682,"compactness":0.124},"geometry":{"type":"Polygon","coordinates":[[[-87.6497047,41.8924739],[-87.6504374,41.8925451],[-87.6506516,41.892557],[-87.65113,41.892551],[-87.6513554,41.8925633],[-87.6516175,41.8925265],[-87.6522023,41.8924259],[-87.652393,41.892418],[-87.6526633,41.8924332],[-87.6527491,41.8924953],[-87.652478,41.892479],[-87.6522729,41.8924929],[-87.6520964,41.8925189],[-87.6516123,41.8926124],[-87.6512135,41.8926555],[-87.6509943,41.8926692],[-87.65028,41.892674],[-87.6498979,41.8926343],[-87.6497047,41.8924739]]]}},{"type":"Feature","properties":{"areaM2":2460,"compactness":0.201},"geometry":{"type":"Polygon","coordinates":[[[-87.6498979,41.8926343],[-87.6484646,41.8924928],[-87.6480543,41.8924748],[-87.6476691,41.8924805],[-87.6476649,41.8923729],[-87.6480932,41.8923678],[-87.6485249,41.8923794],[-87.6492274,41.892427],[-87.6497047,41.8924739],[-87.6498979,41.8926343]]]}},{"type":"Feature","properties":{"areaM2":791,"compactness":0.117},"geometry":{"type":"Polygon","coordinates":[[[-87.6476714,41.8925394],[-87.6462451,41.8925522],[-87.64596,41.892522],[-87.6462389,41.8925011],[-87.6476691,41.8924805],[-87.6476714,41.8925394]]]}},{"type":"Feature","properties":{"areaM2":739,"compactness":0.123},"geometry":{"type":"Polygon","coordinates":[[[-87.6449895,41.8767237],[-87.6451347,41.8770093],[-87.6452229,41.8772277],[-87.6453054,41.8775345],[-87.645364,41.877863],[-87.6453219,41.8777183],[-87.6450689,41.8770685],[-87.6450159,41.8769573],[-87.6448671,41.8767258],[-87.6449895,41.8767237]]]}},{"type":"Feature","properties":{"areaM2":1216,"compactness":0.32},"geometry":{"type":"Polygon","coordinates":[[[-87.6448671,41.8767258],[-87.6447672,41.8765806],[-87.644281,41.8759483],[-87.6446087,41.8760771],[-87.6447704,41.8763201],[-87.6449895,41.8767237],[-87.6448671,41.8767258]]]}},{"type":"Feature","properties":{"areaM2":2035,"compactness":0.259},"geometry":{"type":"Polygon","coordinates":[[[-87.6451196,41.8767214],[-87.6453078,41.8770296],[-87.645377,41.8771755],[-87.6455146,41.8775951],[-87.645583,41.8779634],[-87.6453776,41.8779646],[-87.6453054,41.8775345],[-87.6452229,41.8772277],[-87.6451347,41.8770093],[-87.6449895,41.8767237],[-87.6451196,41.8767214]]]}},{"type":"Feature","properties":{"areaM2":5109,"compactness":0.508},"geometry":{"type":"Polygon","coordinates":[[[-87.6460395,41.8767053],[-87.646047,41.8768326],[-87.646107,41.877218],[-87.6461514,41.8779598],[-87.6457159,41.8779626],[-87.6457112,41.8776646],[-87.6456969,41.8775139],[-87.6456479,41.877134],[-87.6455563,41.8767138],[-87.6460395,41.8767053]]]}},{"type":"Feature","properties":{"areaM2":1386,"compactness":0.623},"geometry":{"type":"Polygon","coordinates":[[[-87.6455563,41.8767138],[-87.6454787,41.8764103],[-87.6456136,41.876437],[-87.6458161,41.8764505],[-87.6459974,41.8764398],[-87.6461569,41.876404],[-87.6460959,41.8764824],[-87.6460632,41.8765512],[-87.6460395,41.8767053],[-87.6455563,41.8767138]]]}},{"type":"Feature","properties":{"areaM2":1269,"compactness":0.296},"geometry":{"type":"Polygon","coordinates":[[[-87.6460395,41.8767053],[-87.6460632,41.8765512],[-87.6460959,41.8764824],[-87.6461569,41.876404],[-87.6462686,41.876368],[-87.6463612,41.8763271],[-87.6465616,41.8762075],[-87.6466627,41.8761161],[-87.6467673,41.8759673],[-87.6468933,41.8759633],[-87.6468306,41.8760743],[-87.6467444,41.8761741],[-87.6462782,41.8765553],[-87.6462295,41.8766109],[-87.6461798,41.8767029],[-87.6460395,41.8767053]]]}},{"type":"Feature","properties":{"areaM2":1718,"compactness":0.222},"geometry":{"type":"Polygon","coordinates":[[[-87.6464785,41.8766976],[-87.6463436,41.876954],[-87.6462914,41.87711],[-87.6462477,41.8773383],[-87.646194,41.8779595],[-87.6461514,41.8779598],[-87.646107,41.877218],[-87.6461508,41.8768002],[-87.6461661,41.8767351],[-87.6461798,41.8767029],[-87.6464785,41.8766976]]]}},{"type":"Feature","properties":{"areaM2":2068,"compactness":0.393},"geometry":{"type":"Polygon","coordinates":[[[-87.6461798,41.8767029],[-87.6462295,41.8766109],[-87.6462782,41.8765553],[-87.6467444,41.8761741],[-87.6468306,41.8760743],[-87.6468933,41.8759633],[-87.6471826,41.8759528],[-87.6471872,41.8760975],[-87.6469524,41.8762329],[-87.6467421,41.8763951],[-87.6466028,41.8765338],[-87.6464785,41.8766976],[-87.6461798,41.8767029]]]}},{"type":"Feature","properties":{"areaM2":1806,"compactness":0.271},"geometry":{"type":"Polygon","coordinates":[[[-87.6459726,41.8856101],[-87.6458981,41.885694],[-87.6458442,41.8857072],[-87.6457351,41.8853062],[-87.6456847,41.8850126],[-87.6456431,41.8844665],[-87.6457494,41.884517],[-87.6457925,41.8845596],[-87.6458222,41.8846235],[-87.6458354,41.8846813],[-87.6458772,41.8851623],[-87.6459726,41.8856101]]]}},{"type":"Feature","properties":{"areaM2":1096,"compactness":0.154},"geometry":{"type":"Polygon","coordinates":[[[-87.6459769,41.8856036],[-87.6458772,41.8851623],[-87.6458354,41.8846813],[-87.6458222,41.8846235],[-87.6457925,41.8845596],[-87.6457494,41.884517],[-87.6456431,41.8844665],[-87.6456395,41.8844077],[-87.6459277,41.8844071],[-87.6459173,41.8845476],[-87.64594,41.884999],[-87.6459721,41.8852263],[-87.646038,41.885511],[-87.6459769,41.8856036]]]}},{"type":"Feature","properties":{"areaM2":621,"compactness":0.343},"geometry":{"type":"Polygon","coordinates":[[[-87.6459993,41.8856928],[-87.6460735,41.8859888],[-87.646049,41.886307],[-87.6459097,41.8859313],[-87.6458442,41.8857072],[-87.6458981,41.885694],[-87.6459993,41.8856928]]]}},{"type":"Feature","properties":{"areaM2":1994,"compactness":0.252},"geometry":{"type":"Polygon","coordinates":[[[-87.6456664,41.8792461],[-87.6454081,41.8792486],[-87.6454815,41.8787425],[-87.645498,41.878507],[-87.6454949,41.877964],[-87.645583,41.8779634],[-87.6456164,41.8784881],[-87.645696,41.878717],[-87.6456664,41.8792461]]]}},{"type":"Feature","properties":{"areaM2":5438,"compactness":0.524},"geometry":{"type":"Polygon","coordinates":[[[-87.645696,41.878717],[-87.6457159,41.8779626],[-87.6461514,41.8779598],[-87.646163,41.87818],[-87.6461479,41.8792416],[-87.6456664,41.8792461],[-87.645696,41.878717]]]}},{"type":"Feature","properties":{"areaM2":1220,"compactness":0.228},"geometry":{"type":"Polygon","coordinates":[[[-87.645614,41.8831782],[-87.645673,41.883178],[-87.645771,41.8832031],[-87.6457284,41.884181],[-87.645632,41.884285],[-87.645614,41.8831782]]]}},{"type":"Feature","properties":{"areaM2":1311,"compactness":0.172},"geometry":{"type":"Polygon","coordinates":[[[-87.6452282,41.88307],[-87.6453148,41.8820202],[-87.645355,41.881847],[-87.645393,41.882198],[-87.6453803,41.8824024],[-87.6453937,41.8831793],[-87.645243,41.88318],[-87.6452282,41.88307]]]}},{"type":"Feature","properties":{"areaM2":2431,"compactness":0.111},"geometry":{"type":"Polygon","coordinates":[[[-87.6471764,41.87576],[-87.647785,41.875748],[-87.650196,41.875713],[-87.6499226,41.8757668],[-87.6481479,41.8758202],[-87.6479271,41.8758475],[-87.6477741,41.8758804],[-87.647581,41.8759366],[-87.6471826,41.8759528],[-87.6471764,41.87576]]]}},{"type":"Feature","properties":{"areaM2":661,"compactness":0.654},"geometry":{"type":"Polygon","coordinates":[[[-87.6471654,41.8754222],[-87.6471764,41.87576],[-87.6469607,41.8757642],[-87.6469718,41.8755971],[-87.6469328,41.8754252],[-87.6471654,41.8754222]]]}},{"type":"Feature","properties":{"areaM2":2684,"compactness":0.07},"geometry":{"type":"Polygon","coordinates":[[[-87.6471576,41.8751788],[-87.647435,41.8752593],[-87.6475931,41.8752859],[-87.6477884,41.8753036],[-87.6483057,41.87533],[-87.648647,41.8753342],[-87.6499721,41.8753156],[-87.6511661,41.875318],[-87.6499785,41.8753767],[-87.6471654,41.8754222],[-87.6471576,41.8751788]]]}},{"type":"Feature","properties":{"areaM2":1006,"compactness":0.556},"geometry":{"type":"Polygon","coordinates":[[[-87.6471654,41.8754222],[-87.6469328,41.8754252],[-87.646693,41.8749397],[-87.6468604,41.8750404],[-87.6471576,41.8751788],[-87.6471654,41.8754222]]]}},{"type":"Feature","properties":{"areaM2":3234,"compactness":0.081},"geometry":{"type":"Polygon","coordinates":[[[-87.6471576,41.8751788],[-87.6471475,41.8749067],[-87.6473152,41.8749845],[-87.647876,41.875188],[-87.6484207,41.8752511],[-87.6490123,41.875262],[-87.649975,41.8752511],[-87.6511661,41.875318],[-87.6499721,41.8753156],[-87.648647,41.8753342],[-87.6483057,41.87533],[-87.648028,41.8753166],[-87.6475931,41.8752859],[-87.647435,41.8752593],[-87.6471576,41.8751788]]]}},{"type":"Feature","properties":{"areaM2":1793,"compactness":0.385},"geometry":{"type":"Polygon","coordinates":[[[-87.6471475,41.8749067],[-87.6471576,41.8751788],[-87.6468604,41.8750404],[-87.646693,41.8749397],[-87.6466077,41.874775],[-87.646466,41.874543],[-87.6463855,41.8743307],[-87.646439,41.87433],[-87.6465357,41.8744606],[-87.6467545,41.8746683],[-87.6469204,41.8747856],[-87.6471475,41.8749067]]]}},{"type":"Feature","properties":{"areaM2":1958,"compactness":0.581},"geometry":{"type":"Polygon","coordinates":[[[-87.6471475,41.8749067],[-87.6469204,41.8747856],[-87.6467545,41.8746683],[-87.6465357,41.8744606],[-87.646439,41.87433],[-87.647067,41.874325],[-87.6470733,41.8746301],[-87.647143,41.874793],[-87.6471475,41.8749067]]]}},{"type":"Feature","properties":{"areaM2":9843,"compactness":0.598},"geometry":{"type":"Polygon","coordinates":[[[-87.6609831,41.899842],[-87.659963,41.899954],[-87.659821,41.8999557],[-87.6597013,41.8999381],[-87.6596024,41.8999107],[-87.6595084,41.8998747],[-87.6594066,41.8998208],[-87.6593235,41.8997539],[-87.6591987,41.8996132],[-87.6591639,41.8995403],[-87.6591451,41.8994625],[-87.6591491,41.8993018],[-87.6592041,41.8989404],[-87.6592223,41.8987311],[-87.660832,41.8997801],[-87.6609831,41.899842]]]}},{"type":"Feature","properties":{"areaM2":2556,"compactness":0.087},"geometry":{"type":"Polygon","coordinates":[[[-87.6674128,41.8982253],[-87.6674705,41.9001885],[-87.667424,41.900632],[-87.6673499,41.9001063],[-87.6672926,41.898236],[-87.667343,41.897901],[-87.6674128,41.8982253]]]}},{"type":"Feature","properties":{"areaM2":1575,"compactness":0.236},"geometry":{"type":"Polygon","coordinates":[[[-87.6765556,41.8751461],[-87.676485,41.875283],[-87.676419,41.8751459],[-87.676369,41.874048],[-87.676526,41.874045],[-87.6765556,41.8751461]]]}},{"type":"Feature","properties":{"areaM2":2931,"compactness":0.342},"geometry":{"type":"Polygon","coordinates":[[[-87.6242714,41.8838965],[-87.6242403,41.8833552],[-87.624407,41.883256],[-87.6245322,41.8832559],[-87.6245731,41.884631],[-87.624335,41.884308],[-87.6242714,41.8838965]]]}},{"type":"Feature","properties":{"areaM2":735,"compactness":0.462},"geometry":{"type":"Polygon","coordinates":[[[-87.627633,41.875711],[-87.6270919,41.8757158],[-87.626887,41.875675],[-87.6270503,41.8756205],[-87.6273695,41.8755784],[-87.62763,41.875571],[-87.627633,41.875711]]]}},{"type":"Feature","properties":{"areaM2":1447,"compactness":0.211},"geometry":{"type":"Polygon","coordinates":[[[-87.6633817,41.884337],[-87.663122,41.884794],[-87.6628575,41.8853226],[-87.662801,41.885417],[-87.662784,41.8853238],[-87.6630131,41.884678],[-87.6632362,41.8842799],[-87.663382,41.884192],[-87.6633817,41.884337]]]}},{"type":"Feature","properties":{"areaM2":824,"compactness":0.448},"geometry":{"type":"Polygon","coordinates":[[[-87.6438985,41.8752508],[-87.643969,41.875225],[-87.6441707,41.8751202],[-87.6443364,41.8749799],[-87.6442659,41.8750824],[-87.6441937,41.8752434],[-87.6441691,41.8753448],[-87.6441616,41.8754594],[-87.6438618,41.8754616],[-87.6438985,41.8752508]]]}},{"type":"Feature","properties":{"areaM2":1030,"compactness":0.222},"geometry":{"type":"Polygon","coordinates":[[[-87.6438985,41.8752508],[-87.6438618,41.8754616],[-87.642586,41.875458],[-87.6431613,41.8753813],[-87.6434681,41.875355],[-87.643707,41.8753119],[-87.6438985,41.8752508]]]}},{"type":"Feature","properties":{"areaM2":4298,"compactness":0.685},"geometry":{"type":"Polygon","coordinates":[[[-87.6438985,41.8752508],[-87.6438746,41.8744461],[-87.643886,41.874359],[-87.6446048,41.8743536],[-87.6445851,41.8745524],[-87.6445224,41.8747226],[-87.6444804,41.8747983],[-87.6443364,41.8749799],[-87.6441707,41.8751202],[-87.643969,41.875225],[-87.6438985,41.8752508]]]}},{"type":"Feature","properties":{"areaM2":13542,"compactness":0.79},"geometry":{"type":"Polygon","coordinates":[[[-87.6438746,41.8744461],[-87.6438985,41.8752508],[-87.643707,41.8753119],[-87.6434681,41.875355],[-87.6431613,41.8753813],[-87.642586,41.875458],[-87.6424535,41.8754613],[-87.642425,41.874374],[-87.643886,41.874359],[-87.6438746,41.8744461]]]}},{"type":"Feature","properties":{"areaM2":4682,"compactness":0.165},"geometry":{"type":"Polygon","coordinates":[[[-87.6140765,41.8839819],[-87.6139012,41.8842049],[-87.6137782,41.8844057],[-87.613523,41.884405],[-87.6138515,41.8839349],[-87.6140333,41.8837512],[-87.6142504,41.88356],[-87.614396,41.8834608],[-87.6145731,41.8833625],[-87.6148127,41.8832542],[-87.6150371,41.8831696],[-87.6157653,41.882971],[-87.6159806,41.8829003],[-87.616282,41.882876],[-87.6159669,41.883022],[-87.6150715,41.88334],[-87.61479,41.8834625],[-87.6145998,41.8835614],[-87.6143488,41.8837269],[-87.614208,41.883848],[-87.6140765,41.8839819]]]}},{"type":"Feature","properties":{"areaM2":10840,"compactness":0.111},"geometry":{"type":"Polygon","coordinates":[[[-87.6137782,41.8844057],[-87.6139766,41.8840997],[-87.614208,41.883848],[-87.6143488,41.8837269],[-87.6145998,41.8835614],[-87.61479,41.8834625],[-87.6150715,41.88334],[-87.6159669,41.883022],[-87.616282,41.882876],[-87.6166105,41.8826636],[-87.616723,41.882559],[-87.6168246,41.8824445],[-87.6169963,41.8822049],[-87.6170607,41.8820831],[-87.6171668,41.8818255],[-87.6172181,41.8815665],[-87.6172376,41.8813789],[-87.617244,41.880924],[-87.617692,41.880917],[-87.6175059,41.8810428],[-87.6174844,41.8816425],[-87.6174529,41.8818209],[-87.6173913,41.8820058],[-87.6173214,41.8821673],[-87.6172489,41.8822874],[-87.6171398,41.8824363],[-87.6168739,41.8827148],[-87.6166853,41.882873],[-87.616396,41.8830651],[-87.616174,41.883193],[-87.6158406,41.88324],[-87.6155809,41.883323],[-87.615183,41.8834657],[-87.6148175,41.8836437],[-87.6146528,41.883753],[-87.6145097,41.8838692],[-87.614228,41.884141],[-87.614035,41.884408],[-87.6137782,41.8844057]]]}},{"type":"Feature","properties":{"areaM2":9244,"compactness":0.077},"geometry":{"type":"Polygon","coordinates":[[[-87.6142146,41.8919035],[-87.6141993,41.8924161],[-87.6142289,41.8927163],[-87.614264,41.8928678],[-87.6143745,41.8931633],[-87.6144469,41.8932921],[-87.6154728,41.8947512],[-87.6161085,41.8957179],[-87.616893,41.896844],[-87.616681,41.896829],[-87.6152516,41.8947166],[-87.615075,41.8944619],[-87.6142901,41.8933939],[-87.6141709,41.8931892],[-87.6140952,41.8930304],[-87.6140031,41.89273],[-87.6139777,41.8925769],[-87.613952,41.892276],[-87.6140633,41.8919942],[-87.6140652,41.8919079],[-87.6142146,41.8919035]]]}},{"type":"Feature","properties":{"areaM2":2926,"compactness":0.155},"geometry":{"type":"Polygon","coordinates":[[[-87.614335,41.8919],[-87.6143732,41.8919854],[-87.6143934,41.8921169],[-87.6143979,41.8923812],[-87.61442,41.892541],[-87.6144291,41.8928397],[-87.61445,41.8929608],[-87.6144938,41.8930985],[-87.614557,41.8932362],[-87.6148573,41.8936935],[-87.614907,41.893955],[-87.6144469,41.8932921],[-87.6143745,41.8931633],[-87.614264,41.8928678],[-87.6142289,41.8927163],[-87.6141993,41.8924161],[-87.6142146,41.8919035],[-87.614335,41.8919]]]}},{"type":"Feature","properties":{"areaM2":2138,"compactness":0.064},"geometry":{"type":"Polygon","coordinates":[[[-87.630345,41.864707],[-87.6304317,41.8656017],[-87.6304601,41.866029],[-87.630486,41.867054],[-87.6304416,41.8673288],[-87.6304215,41.8671606],[-87.6304032,41.8663749],[-87.6303542,41.8660476],[-87.630271,41.8648204],[-87.6302628,41.86456],[-87.630328,41.864418],[-87.630345,41.864707]]]}},{"type":"Feature","properties":{"areaM2":1142,"compactness":0.08},"geometry":{"type":"Polygon","coordinates":[[[-87.6304954,41.8689392],[-87.630526,41.869037],[-87.630534,41.869317],[-87.6304264,41.8691724],[-87.6303899,41.867629],[-87.630425,41.8674319],[-87.6304414,41.8674316],[-87.630455,41.867628],[-87.6304639,41.868196],[-87.6304954,41.8689392]]]}},{"type":"Feature","properties":{"areaM2":1102,"compactness":0.105},"geometry":{"type":"Polygon","coordinates":[[[-87.6304954,41.8689392],[-87.6304414,41.8674316],[-87.6305035,41.867431],[-87.6305573,41.86828],[-87.630574,41.8688686],[-87.630526,41.869037],[-87.6304954,41.8689392]]]}},{"type":"Feature","properties":{"areaM2":2321,"compactness":0.083},"geometry":{"type":"Polygon","coordinates":[[[-87.6304509,41.8658466],[-87.630345,41.864707],[-87.6304457,41.8648646],[-87.6304939,41.8651443],[-87.6305607,41.8659476],[-87.6305856,41.8673272],[-87.6304984,41.8673282],[-87.6304509,41.8658466]]]}},{"type":"Feature","properties":{"areaM2":1856,"compactness":0.338},"geometry":{"type":"Polygon","coordinates":[[[-87.6192449,41.867465],[-87.6203204,41.8674478],[-87.620447,41.867744],[-87.620141,41.867606],[-87.619268,41.867615],[-87.6191303,41.8675779],[-87.6190615,41.867547],[-87.6192449,41.867465]]]}},{"type":"Feature","properties":{"areaM2":1658,"compactness":0.211},"geometry":{"type":"Polygon","coordinates":[[[-87.6305856,41.8673272],[-87.6323536,41.8672982],[-87.632323,41.867401],[-87.630588,41.8674302],[-87.6305856,41.8673272]]]}},{"type":"Feature","properties":{"areaM2":5766,"compactness":0.057},"geometry":{"type":"Polygon","coordinates":[[[-87.6389477,41.8673186],[-87.635144,41.867363],[-87.633607,41.867373],[-87.632323,41.867401],[-87.6328084,41.8672888],[-87.6390726,41.867222],[-87.6389477,41.8673186]]]}},{"type":"Feature","properties":{"areaM2":3533,"compactness":0.124},"geometry":{"type":"Polygon","coordinates":[[[-87.6195997,41.8650169],[-87.6196393,41.8650645],[-87.6197925,41.8655368],[-87.619873,41.865636],[-87.6200235,41.8660104],[-87.6204843,41.8674452],[-87.6203204,41.8674478],[-87.6200478,41.8666087],[-87.619937,41.8663085],[-87.6195716,41.8651669],[-87.6195434,41.8651149],[-87.619403,41.864977],[-87.6195581,41.864987],[-87.6195997,41.8650169]]]}},{"type":"Feature","properties":{"areaM2":6334,"compactness":0.066},"geometry":{"type":"Polygon","coordinates":[[[-87.6667335,41.8760451],[-87.6667917,41.8788171],[-87.666869,41.880777],[-87.666718,41.880897],[-87.6665985,41.8766385],[-87.6665685,41.876048],[-87.6667335,41.8760451]]]}},{"type":"Feature","properties":{"areaM2":1452,"compactness":0.188},"geometry":{"type":"Polygon","coordinates":[[[-87.6459546,41.8841537],[-87.6459277,41.8844071],[-87.6456395,41.8844077],[-87.645638,41.8843834],[-87.6457612,41.884346],[-87.6458328,41.8842978],[-87.6458891,41.8842274],[-87.6459006,41.8841858],[-87.6458789,41.8836192],[-87.6458776,41.8832196],[-87.6460236,41.8832194],[-87.646048,41.883689],[-87.6459546,41.8841537]]]}},{"type":"Feature","properties":{"areaM2":1554,"compactness":0.244},"geometry":{"type":"Polygon","coordinates":[[[-87.6458776,41.8832196],[-87.6459006,41.8841858],[-87.645864,41.8842659],[-87.6457938,41.8843283],[-87.6457193,41.8843643],[-87.645638,41.8843834],[-87.645632,41.884285],[-87.6457284,41.884181],[-87.645771,41.8832031],[-87.6458355,41.8832197],[-87.6458776,41.8832196]]]}},{"type":"Feature","properties":{"areaM2":1245,"compactness":0.171},"geometry":{"type":"Polygon","coordinates":[[[-87.6454949,41.877964],[-87.645498,41.878507],[-87.6454815,41.8787425],[-87.6454081,41.8792486],[-87.6453261,41.8792493],[-87.6453901,41.8785416],[-87.6453776,41.8779646],[-87.6454949,41.877964]]]}},{"type":"Feature","properties":{"areaM2":1504,"compactness":0.211},"geometry":{"type":"Polygon","coordinates":[[[-87.6461479,41.8792416],[-87.646163,41.87818],[-87.646194,41.8779595],[-87.646275,41.877959],[-87.6462996,41.8780418],[-87.6463059,41.8783344],[-87.6462973,41.8786582],[-87.6462541,41.8791323],[-87.6462387,41.8792407],[-87.6461479,41.8792416]]]}},{"type":"Feature","properties":{"areaM2":1087,"compactness":0.188},"geometry":{"type":"Polygon","coordinates":[[[-87.6522023,41.8924259],[-87.6516175,41.8925265],[-87.6513554,41.8925633],[-87.65113,41.892551],[-87.6516845,41.8924532],[-87.6519072,41.8923999],[-87.6524168,41.8922533],[-87.6526633,41.8924332],[-87.652393,41.892418],[-87.6522023,41.8924259]]]}},{"type":"Feature","properties":{"areaM2":13151,"compactness":0.289},"geometry":{"type":"Polygon","coordinates":[[[-87.652478,41.892479],[-87.6527491,41.8924953],[-87.6535392,41.8930671],[-87.6543792,41.8936514],[-87.6542656,41.8936608],[-87.654119,41.8936591],[-87.6538344,41.893628],[-87.653457,41.8935379],[-87.652934,41.893293],[-87.6524786,41.8931047],[-87.6521352,41.8929929],[-87.65169,41.8928851],[-87.6511589,41.8927953],[-87.6505742,41.892726],[-87.65028,41.892674],[-87.6509943,41.8926692],[-87.6512135,41.8926555],[-87.6516123,41.8926124],[-87.6520964,41.8925189],[-87.6522729,41.8924929],[-87.652478,41.892479]]]}},{"type":"Feature","properties":{"areaM2":2336,"compactness":0.178},"geometry":{"type":"Polygon","coordinates":[[[-87.6527491,41.8924953],[-87.6529523,41.8925198],[-87.6531826,41.8926817],[-87.6546039,41.8936143],[-87.6544542,41.8936452],[-87.6543792,41.8936514],[-87.6535392,41.8930671],[-87.6527491,41.8924953]]]}},{"type":"Feature","properties":{"areaM2":4133,"compactness":0.214},"geometry":{"type":"Polygon","coordinates":[[[-87.6555949,41.8945682],[-87.6545197,41.8940571],[-87.653876,41.893734],[-87.653457,41.8935379],[-87.6538344,41.893628],[-87.654119,41.8936591],[-87.6542656,41.8936608],[-87.6543792,41.8936514],[-87.6545107,41.8937446],[-87.655907,41.8946229],[-87.6558355,41.8947079],[-87.6555949,41.8945682]]]}},{"type":"Feature","properties":{"areaM2":3190,"compactness":0.218},"geometry":{"type":"Polygon","coordinates":[[[-87.614228,41.884141],[-87.6145097,41.8838692],[-87.6146528,41.883753],[-87.6148175,41.8836437],[-87.615183,41.8834657],[-87.6155809,41.883323],[-87.6158406,41.88324],[-87.616174,41.883193],[-87.6157036,41.8833907],[-87.6152661,41.8835993],[-87.6149229,41.8838079],[-87.614645,41.884041],[-87.6144629,41.8842258],[-87.6143672,41.8843538],[-87.6142827,41.8843171],[-87.6142538,41.8842917],[-87.6142216,41.8841899],[-87.614228,41.884141]]]}},{"type":"Feature","properties":{"areaM2":3609,"compactness":0.117},"geometry":{"type":"Polygon","coordinates":[[[-87.6142296,41.8846032],[-87.6141267,41.8849282],[-87.6140807,41.8852471],[-87.6140787,41.8854809],[-87.6141433,41.8872676],[-87.614014,41.887175],[-87.6139412,41.8862706],[-87.6139244,41.8858135],[-87.6139213,41.8852517],[-87.6139404,41.885118],[-87.6139898,41.884922],[-87.6140739,41.8847166],[-87.614269,41.88452],[-87.6142296,41.8846032]]]}},{"type":"Feature","properties":{"areaM2":1947,"compactness":0.092},"geometry":{"type":"Polygon","coordinates":[[[-87.6141554,41.8875229],[-87.614222,41.889647],[-87.6141899,41.889771],[-87.6141236,41.8895415],[-87.614073,41.887952],[-87.614043,41.887479],[-87.6141554,41.8875229]]]}},{"type":"Feature","properties":{"areaM2":618,"compactness":0.555},"geometry":{"type":"Polygon","coordinates":[[[-87.6549759,41.895983],[-87.654734,41.896269],[-87.6545271,41.896273],[-87.654844,41.895899],[-87.6549759,41.895983]]]}},{"type":"Feature","properties":{"areaM2":657,"compactness":0.434},"geometry":{"type":"Polygon","coordinates":[[[-87.620622,41.875816],[-87.6207845,41.8758863],[-87.621081,41.875931],[-87.6209291,41.8759747],[-87.6208775,41.8759982],[-87.620638,41.876231],[-87.620622,41.875816]]]}},{"type":"Feature","properties":{"areaM2":3351,"compactness":0.211},"geometry":{"type":"Polygon","coordinates":[[[-87.6242846,41.8814892],[-87.6243438,41.8818032],[-87.6243569,41.8820295],[-87.6243851,41.8820833],[-87.6244173,41.8821],[-87.624505,41.88224],[-87.6245322,41.8832559],[-87.624407,41.883256],[-87.624209,41.8824497],[-87.624191,41.881523],[-87.624206,41.881322],[-87.6242846,41.8814892]]]}},{"type":"Feature","properties":{"areaM2":1515,"compactness":0.254},"geometry":{"type":"Polygon","coordinates":[[[-87.6243496,41.8818798],[-87.6242846,41.8814892],[-87.624206,41.881322],[-87.6242269,41.88105],[-87.6244923,41.881491],[-87.624505,41.88224],[-87.6244173,41.8821],[-87.6243851,41.8820833],[-87.6243673,41.8820555],[-87.624353,41.881993],[-87.6243496,41.8818798]]]}},{"type":"Feature","properties":{"areaM2":874,"compactness":0.148},"geometry":{"type":"Polygon","coordinates":[[[-87.6278943,41.8869168],[-87.6271797,41.8869179],[-87.6270363,41.8869412],[-87.6268644,41.8869816],[-87.6267204,41.8870342],[-87.6265951,41.8870934],[-87.626444,41.8871848],[-87.626422,41.8871371],[-87.6265892,41.8870425],[-87.6267726,41.8869598],[-87.6269221,41.8869111],[-87.6271475,41.8868601],[-87.6272918,41.8868391],[-87.6278927,41.8868454],[-87.6278943,41.8869168]]]}},{"type":"Feature","properties":{"areaM2":1399,"compactness":0.089},"geometry":{"type":"Polygon","coordinates":[[[-87.626444,41.8871848],[-87.6262802,41.887328],[-87.6256189,41.8881158],[-87.625586,41.8881497],[-87.6254898,41.8882141],[-87.6253926,41.8882591],[-87.6252952,41.8882913],[-87.625188,41.8883112],[-87.6250842,41.8883192],[-87.624667,41.888304],[-87.6246337,41.8883229],[-87.6245815,41.8883197],[-87.6246075,41.8882311],[-87.6251197,41.8882506],[-87.6252152,41.8882381],[-87.6253506,41.8882027],[-87.6254557,41.8881514],[-87.6255264,41.8881008],[-87.6255916,41.8880368],[-87.6263005,41.8872258],[-87.626422,41.8871371],[-87.626444,41.8871848]]]}},{"type":"Feature","properties":{"areaM2":2292,"compactness":0.103},"geometry":{"type":"Polygon","coordinates":[[[-87.6266778,41.889322],[-87.6267129,41.8892454],[-87.6270526,41.8888128],[-87.6270822,41.8887584],[-87.6271209,41.8886323],[-87.6271303,41.8885366],[-87.6271247,41.8884521],[-87.6270775,41.8883456],[-87.6264879,41.8873823],[-87.6264629,41.887226],[-87.6265647,41.8873137],[-87.6270991,41.888182],[-87.6272103,41.8883798],[-87.6272486,41.8885088],[-87.6272474,41.8886338],[-87.6272304,41.8887061],[-87.6271706,41.8888338],[-87.6267446,41.889348],[-87.626684,41.889387],[-87.6266778,41.889322]]]}},{"type":"Feature","properties":{"areaM2":2660,"compactness":0.212},"geometry":{"type":"Polygon","coordinates":[[[-87.628079,41.886947],[-87.6281228,41.8879581],[-87.6280895,41.8885035],[-87.62801,41.888652],[-87.6279414,41.8885106],[-87.627935,41.887854],[-87.627895,41.886946],[-87.628079,41.886947]]]}},{"type":"Feature","properties":{"areaM2":2861,"compactness":0.064},"geometry":{"type":"Polygon","coordinates":[[[-87.6206717,41.8878159],[-87.6206856,41.8873156],[-87.620667,41.886919],[-87.620654,41.885834],[-87.6206091,41.8845171],[-87.6207179,41.8845187],[-87.620738,41.885835],[-87.6207775,41.8873552],[-87.6207627,41.887826],[-87.6206717,41.8878159]]]}},{"type":"Feature","properties":{"areaM2":4584,"compactness":0.826},"geometry":{"type":"Polygon","coordinates":[[[-87.6351008,41.8757644],[-87.6351237,41.8760695],[-87.6350103,41.8760994],[-87.6345209,41.8763027],[-87.6343911,41.8763385],[-87.6342642,41.8763357],[-87.6341575,41.8763061],[-87.6340906,41.8762641],[-87.6340239,41.8761819],[-87.6340056,41.8761326],[-87.6339944,41.8760347],[-87.634015,41.875932],[-87.6340644,41.8758801],[-87.6341324,41.8758337],[-87.6342553,41.8757957],[-87.6344293,41.8757716],[-87.6351008,41.8757644]]]}},{"type":"Feature","properties":{"areaM2":1640,"compactness":0.631},"geometry":{"type":"Polygon","coordinates":[[[-87.635793,41.875703],[-87.635858,41.8757032],[-87.635958,41.875828],[-87.6360172,41.8759351],[-87.6359085,41.8759275],[-87.6356032,41.8759581],[-87.6352265,41.8760424],[-87.6352285,41.8757556],[-87.635793,41.875703]]]}},{"type":"Feature","properties":{"areaM2":860037,"compactness":0.59},"geometry":{"type":"Polygon","coordinates":[[[-87.6560495,41.8742558],[-87.6483921,41.8743936],[-87.647184,41.874292],[-87.6471697,41.8735625],[-87.647043,41.869662],[-87.6498716,41.8696071],[-87.650717,41.8695463],[-87.6510237,41.8695349],[-87.651118,41.869507],[-87.655255,41.869434],[-87.6568719,41.8694168],[-87.6638241,41.8693053],[-87.664075,41.869418],[-87.6643464,41.8692969],[-87.666399,41.869264],[-87.6665008,41.872992],[-87.666579,41.873489],[-87.6664969,41.8736552],[-87.666515,41.874165],[-87.6653303,41.8741834],[-87.6635134,41.8741517],[-87.6624616,41.8741565],[-87.6560495,41.8742558]]]}},{"type":"Feature","properties":{"areaM2":4912,"compactness":0.068},"geometry":{"type":"Polygon","coordinates":[[[-87.6665008,41.872992],[-87.666399,41.869264],[-87.666532,41.869262],[-87.6666355,41.8729892],[-87.666579,41.873489],[-87.6665008,41.872992]]]}},{"type":"Feature","properties":{"areaM2":859,"compactness":0.285},"geometry":{"type":"Polygon","coordinates":[[[-87.666327,41.866797],[-87.6663167,41.8663252],[-87.66638,41.865984],[-87.6664739,41.8664759],[-87.666485,41.866796],[-87.666327,41.866797]]]}},{"type":"Feature","properties":{"areaM2":1769,"compactness":0.136},"geometry":{"type":"Polygon","coordinates":[[[-87.6663906,41.8642585],[-87.6664215,41.8655982],[-87.66638,41.865984],[-87.6663077,41.8656672],[-87.6662837,41.8649353],[-87.6662668,41.8642622],[-87.666327,41.864178],[-87.6663906,41.8642585]]]}},{"type":"Feature","properties":{"areaM2":3172,"compactness":0.132},"geometry":{"type":"Polygon","coordinates":[[[-87.666488,41.866899],[-87.666532,41.869262],[-87.666399,41.869264],[-87.66633,41.8669],[-87.666488,41.866899]]]}},{"type":"Feature","properties":{"areaM2":1074,"compactness":0.275},"geometry":{"type":"Polygon","coordinates":[[[-87.676199,41.866695],[-87.6761781,41.8659198],[-87.67644,41.865841],[-87.6763142,41.8659255],[-87.676349,41.866694],[-87.676199,41.866695]]]}},{"type":"Feature","properties":{"areaM2":1883,"compactness":0.247},"geometry":{"type":"Polygon","coordinates":[[[-87.676462,41.872737],[-87.676526,41.874045],[-87.676369,41.874048],[-87.676298,41.872865],[-87.676462,41.872737]]]}},{"type":"Feature","properties":{"areaM2":10040,"compactness":0.068},"geometry":{"type":"Polygon","coordinates":[[[-87.676298,41.872865],[-87.6762041,41.8695529],[-87.6761736,41.8679679],[-87.676202,41.866819],[-87.676349,41.866817],[-87.676366,41.8673885],[-87.676473,41.867931],[-87.6763421,41.8682703],[-87.676438,41.871486],[-87.676462,41.872737],[-87.676298,41.872865]]]}},{"type":"Feature","properties":{"areaM2":8121,"compactness":0.543},"geometry":{"type":"Polygon","coordinates":[[[-87.674878,41.874069],[-87.675428,41.8736053],[-87.676298,41.872865],[-87.676369,41.874048],[-87.674878,41.874069]]]}},{"type":"Feature","properties":{"areaM2":70950,"compactness":0.801},"geometry":{"type":"Polygon","coordinates":[[[-87.644445,41.869692],[-87.644369,41.869669],[-87.6438834,41.8696744],[-87.6437379,41.86971],[-87.6436572,41.8672607],[-87.64492,41.867249],[-87.646712,41.867216],[-87.6469223,41.8675257],[-87.6469659,41.868214],[-87.6468679,41.8684317],[-87.646888,41.869561],[-87.6455705,41.8696439],[-87.64536,41.869682],[-87.644445,41.869692]]]}},{"type":"Feature","properties":{"areaM2":42506,"compactness":0.348},"geometry":{"type":"Polygon","coordinates":[[[-87.64536,41.869682],[-87.645364,41.8700772],[-87.6453905,41.8703627],[-87.645564,41.871331],[-87.6455567,41.871477],[-87.6456869,41.8723352],[-87.6457282,41.8725334],[-87.6458556,41.8729769],[-87.645877,41.873098],[-87.6463855,41.8743307],[-87.6449594,41.8743494],[-87.6448903,41.8739555],[-87.6448294,41.8731944],[-87.6448159,41.872452],[-87.6446973,41.8722033],[-87.6446797,41.8716004],[-87.6446089,41.8704203],[-87.6445891,41.8702852],[-87.6444822,41.8699003],[-87.6444727,41.8696917],[-87.64536,41.869682]]]}},{"type":"Feature","properties":{"areaM2":5420,"compactness":0.073},"geometry":{"type":"Polygon","coordinates":[[[-87.6444822,41.8699003],[-87.6445891,41.8702852],[-87.6446222,41.8705883],[-87.6446797,41.8716004],[-87.6446973,41.8722033],[-87.6448159,41.872452],[-87.6448294,41.8731944],[-87.644854,41.873493],[-87.6447323,41.873714],[-87.644734,41.8740697],[-87.6447167,41.8742235],[-87.6445974,41.8732285],[-87.6445798,41.872121],[-87.6445239,41.8710772],[-87.6444822,41.8699003]]]}},{"type":"Feature","properties":{"areaM2":51697,"compactness":0.435},"geometry":{"type":"Polygon","coordinates":[[[-87.6455729,41.8697013],[-87.64689,41.869671],[-87.646954,41.871876],[-87.647047,41.873676],[-87.647067,41.874325],[-87.646439,41.87433],[-87.6463301,41.8741416],[-87.6462088,41.8737781],[-87.6461001,41.8733556],[-87.6458691,41.8727471],[-87.6456087,41.8714706],[-87.645564,41.871331],[-87.6453905,41.8703627],[-87.645364,41.8700772],[-87.64536,41.869682],[-87.6455729,41.8697013]]]}},{"type":"Feature","properties":{"areaM2":1074,"compactness":0.189},"geometry":{"type":"Polygon","coordinates":[[[-87.64689,41.869671],[-87.6455729,41.8697013],[-87.64536,41.869682],[-87.6455705,41.8696439],[-87.646888,41.869561],[-87.64689,41.869671]]]}},{"type":"Feature","properties":{"areaM2":1653,"compactness":0.212},"geometry":{"type":"Polygon","coordinates":[[[-87.646888,41.869561],[-87.6468679,41.8684317],[-87.6469659,41.868214],[-87.6470068,41.8684372],[-87.647041,41.869554],[-87.646888,41.869561]]]}},{"type":"Feature","properties":{"areaM2":6252,"compactness":0.071},"geometry":{"type":"Polygon","coordinates":[[[-87.647067,41.874325],[-87.647047,41.873676],[-87.646954,41.871876],[-87.6468898,41.869755],[-87.64689,41.869671],[-87.647043,41.869662],[-87.6471851,41.8741689],[-87.647184,41.874292],[-87.647067,41.874325]]]}},{"type":"Feature","properties":{"areaM2":3460,"compactness":0.091},"geometry":{"type":"Polygon","coordinates":[[[-87.647041,41.869554],[-87.6510243,41.8694887],[-87.651118,41.869507],[-87.6510237,41.8695349],[-87.650717,41.8695463],[-87.6498716,41.8696071],[-87.647043,41.869662],[-87.647041,41.869554]]]}},{"type":"Feature","properties":{"areaM2":875,"compactness":0.401},"geometry":{"type":"Polygon","coordinates":[[[-87.666515,41.874165],[-87.6664969,41.8736552],[-87.666579,41.873489],[-87.6666697,41.8737585],[-87.6666799,41.874161],[-87.666515,41.874165]]]}},{"type":"Feature","properties":{"areaM2":1247,"compactness":0.163},"geometry":{"type":"Polygon","coordinates":[[[-87.6666799,41.874161],[-87.6682971,41.8741433],[-87.668482,41.874164],[-87.6683112,41.8742122],[-87.6667845,41.8742487],[-87.666684,41.874248],[-87.6666799,41.874161]]]}},{"type":"Feature","properties":{"areaM2":2108,"compactness":0.371},"geometry":{"type":"Polygon","coordinates":[[[-87.6424535,41.8754613],[-87.642586,41.875458],[-87.6438618,41.8754616],[-87.6438333,41.875615],[-87.6424597,41.8756334],[-87.6424535,41.8754613]]]}},{"type":"Feature","properties":{"areaM2":930,"compactness":0.198},"geometry":{"type":"Polygon","coordinates":[[[-87.6424597,41.8756334],[-87.6425701,41.875632],[-87.6438167,41.8757044],[-87.6437986,41.8758016],[-87.6434349,41.875751],[-87.6424622,41.8757008],[-87.6424597,41.8756334]]]}},{"type":"Feature","properties":{"areaM2":1842,"compactness":0.283},"geometry":{"type":"Polygon","coordinates":[[[-87.6447306,41.8743521],[-87.64476,41.8746513],[-87.644793,41.8747766],[-87.644694,41.874838],[-87.6445937,41.874931],[-87.6444824,41.8750767],[-87.6444291,41.8751738],[-87.6443872,41.8753018],[-87.6443656,41.8754583],[-87.6441616,41.8754594],[-87.6441691,41.8753448],[-87.6442241,41.8751614],[-87.6443364,41.8749799],[-87.6443946,41.8749219],[-87.6444804,41.8747983],[-87.644579,41.874682],[-87.6446516,41.8745633],[-87.6446907,41.8744538],[-87.6447021,41.8743524],[-87.6447306,41.8743521]]]}},{"type":"Feature","properties":{"areaM2":850,"compactness":0.678},"geometry":{"type":"Polygon","coordinates":[[[-87.6449594,41.8743494],[-87.6450385,41.8746524],[-87.6449121,41.8747026],[-87.644793,41.8747766],[-87.64476,41.8746513],[-87.6447306,41.8743521],[-87.6449594,41.8743494]]]}},{"type":"Feature","properties":{"areaM2":1191,"compactness":0.333},"geometry":{"type":"Polygon","coordinates":[[[-87.6447306,41.8743521],[-87.6447167,41.8742235],[-87.644734,41.8740697],[-87.6447323,41.873714],[-87.644854,41.873493],[-87.6448903,41.8739555],[-87.6449594,41.8743494],[-87.6447306,41.8743521]]]}},{"type":"Feature","properties":{"areaM2":3871,"compactness":0.382},"geometry":{"type":"Polygon","coordinates":[[[-87.6449594,41.8743494],[-87.6463855,41.8743307],[-87.6465948,41.8748806],[-87.6462341,41.8746856],[-87.6460167,41.8746048],[-87.645897,41.874576],[-87.6456832,41.8745553],[-87.6454521,41.8745635],[-87.6451901,41.8746046],[-87.6450385,41.8746524],[-87.6449594,41.8743494]]]}},{"type":"Feature","properties":{"areaM2":2111,"compactness":0.056},"geometry":{"type":"Polygon","coordinates":[[[-87.6463855,41.8743307],[-87.645877,41.873098],[-87.6458556,41.8729769],[-87.6457282,41.8725334],[-87.6456869,41.8723352],[-87.6455567,41.871477],[-87.645564,41.871331],[-87.6456087,41.8714706],[-87.6458691,41.8727471],[-87.6461001,41.8733556],[-87.6462088,41.8737781],[-87.6463301,41.8741416],[-87.646439,41.87433],[-87.6463855,41.8743307]]]}},{"type":"Feature","properties":{"areaM2":7250,"compactness":0.497},"geometry":{"type":"Polygon","coordinates":[[[-87.6460167,41.8746048],[-87.6462341,41.8746856],[-87.6463288,41.8747307],[-87.6465948,41.8748806],[-87.6468122,41.8754268],[-87.6466783,41.8754285],[-87.6466002,41.8753106],[-87.6465405,41.8752569],[-87.6464085,41.8751672],[-87.6462701,41.8751025],[-87.6460759,41.8750575],[-87.6458622,41.8750463],[-87.6457325,41.8750602],[-87.6456669,41.8750757],[-87.6451976,41.8752506],[-87.6451526,41.8750498],[-87.6450385,41.8746524],[-87.6451901,41.8746046],[-87.6453399,41.8745774],[-87.6455735,41.8745561],[-87.6457975,41.8745634],[-87.645897,41.874576],[-87.6460167,41.8746048]]]}},{"type":"Feature","properties":{"areaM2":4049,"compactness":0.616},"geometry":{"type":"Polygon","coordinates":[[[-87.6466783,41.8754285],[-87.6452397,41.8754493],[-87.6451976,41.8752506],[-87.6456669,41.8750757],[-87.6457325,41.8750602],[-87.6458622,41.8750463],[-87.6460759,41.8750575],[-87.6462701,41.8751025],[-87.6464085,41.8751672],[-87.6465405,41.8752569],[-87.6466002,41.8753106],[-87.6466783,41.8754285]]]}},{"type":"Feature","properties":{"areaM2":3806,"compactness":0.555},"geometry":{"type":"Polygon","coordinates":[[[-87.6466783,41.8754285],[-87.6467282,41.8755888],[-87.6467222,41.8757689],[-87.6465252,41.8757728],[-87.645957,41.87576],[-87.6456937,41.8757447],[-87.6454556,41.8756231],[-87.6452612,41.8754807],[-87.6452397,41.8754493],[-87.6466783,41.8754285]]]}},{"type":"Feature","properties":{"areaM2":1187,"compactness":0.409},"geometry":{"type":"Polygon","coordinates":[[[-87.6462431,41.8757696],[-87.6467222,41.8757689],[-87.646684,41.875879],[-87.6466296,41.8759643],[-87.6463904,41.8759471],[-87.6461643,41.8759088],[-87.6459572,41.8758542],[-87.6456937,41.8757447],[-87.6462431,41.8757696]]]}},{"type":"Feature","properties":{"areaM2":1800,"compactness":0.577},"geometry":{"type":"Polygon","coordinates":[[[-87.6452933,41.8757133],[-87.6443747,41.8756325],[-87.6443656,41.8754583],[-87.6452311,41.8754494],[-87.6452421,41.8754609],[-87.6452933,41.8757133]]]}},{"type":"Feature","properties":{"areaM2":5613,"compactness":0.711},"geometry":{"type":"Polygon","coordinates":[[[-87.6452933,41.8757133],[-87.6456937,41.8757447],[-87.6459572,41.8758542],[-87.6461643,41.8759088],[-87.6463904,41.8759471],[-87.6466296,41.8759643],[-87.6465589,41.8760389],[-87.6461569,41.876404],[-87.6460756,41.876426],[-87.6459134,41.8764491],[-87.6457148,41.8764473],[-87.6455124,41.8764192],[-87.6454787,41.8764103],[-87.6452933,41.8757133]]]}},{"type":"Feature","properties":{"areaM2":620,"compactness":0.242},"geometry":{"type":"Polygon","coordinates":[[[-87.6457159,41.8779626],[-87.645696,41.878717],[-87.6456164,41.8784881],[-87.645583,41.8779634],[-87.6457159,41.8779626]]]}},{"type":"Feature","properties":{"areaM2":1281,"compactness":0.585},"geometry":{"type":"Polygon","coordinates":[[[-87.6449121,41.8747026],[-87.6450385,41.8746524],[-87.6451526,41.8750498],[-87.6451976,41.8752506],[-87.6450801,41.8752924],[-87.6449131,41.8750789],[-87.6448272,41.8749068],[-87.644793,41.8747766],[-87.6449121,41.8747026]]]}},{"type":"Feature","properties":{"areaM2":2402,"compactness":0.675},"geometry":{"type":"Polygon","coordinates":[[[-87.644793,41.8747766],[-87.6448272,41.8749068],[-87.6449131,41.8750789],[-87.6450801,41.8752924],[-87.6449435,41.8753411],[-87.6446346,41.8754206],[-87.644423,41.875458],[-87.6443656,41.8754583],[-87.6443872,41.8753018],[-87.6444291,41.8751738],[-87.6444824,41.8750767],[-87.6445937,41.874931],[-87.644694,41.874838],[-87.644793,41.8747766]]]}},{"type":"Feature","properties":{"areaM2":604,"compactness":0.356},"geometry":{"type":"Polygon","coordinates":[[[-87.646638,41.8759646],[-87.6467673,41.8759673],[-87.6466964,41.8760766],[-87.6466122,41.8761648],[-87.6464457,41.8762831],[-87.6462686,41.876368],[-87.6461569,41.876404],[-87.646638,41.8759646]]]}},{"type":"Feature","properties":{"areaM2":3060,"compactness":0.071},"geometry":{"type":"Polygon","coordinates":[[[-87.647581,41.8759366],[-87.6477741,41.8758804],[-87.6479271,41.8758475],[-87.6481479,41.8758202],[-87.6499226,41.8757668],[-87.650196,41.875713],[-87.6513392,41.875719],[-87.651994,41.875743],[-87.651463,41.8757953],[-87.6510649,41.8757954],[-87.6488651,41.8758783],[-87.647581,41.8759366]]]}},{"type":"Feature","properties":{"areaM2":2921,"compactness":0.132},"geometry":{"type":"Polygon","coordinates":[[[-87.643762,41.867156],[-87.64422,41.867145],[-87.6467474,41.8671216],[-87.646712,41.867216],[-87.64492,41.867249],[-87.6436572,41.8672607],[-87.643762,41.867156]]]}},{"type":"Feature","properties":{"areaM2":2566,"compactness":0.175},"geometry":{"type":"Polygon","coordinates":[[[-87.6273701,41.8668739],[-87.6273501,41.8666998],[-87.627201,41.865755],[-87.6274667,41.865827],[-87.627511,41.867605],[-87.627384,41.8673748],[-87.6273701,41.8668739]]]}},{"type":"Feature","properties":{"areaM2":5734,"compactness":0.888},"geometry":{"type":"Polygon","coordinates":[[[-87.6350876,41.8755016],[-87.6345556,41.8754584],[-87.6344199,41.8754171],[-87.6343152,41.8753667],[-87.6342459,41.8753116],[-87.6341904,41.8752361],[-87.6341719,41.8751928],[-87.634146,41.875065],[-87.6341551,41.8749813],[-87.6342114,41.8748789],[-87.6343044,41.8747939],[-87.6344379,41.8747209],[-87.6345968,41.8746918],[-87.6347841,41.8746965],[-87.6350226,41.8747703],[-87.6350519,41.8747887],[-87.6350876,41.8755016]]]}},{"type":"Feature","properties":{"areaM2":1429,"compactness":0.394},"geometry":{"type":"Polygon","coordinates":[[[-87.632704,41.891596],[-87.6327235,41.8923153],[-87.6327139,41.8924205],[-87.6325446,41.8924228],[-87.632508,41.8916],[-87.632704,41.891596]]]}},{"type":"Feature","properties":{"areaM2":7329,"compactness":0.608},"geometry":{"type":"Polygon","coordinates":[[[-87.6233117,41.875515],[-87.6233824,41.8752913],[-87.6234532,41.8751633],[-87.6235243,41.8750537],[-87.623604,41.8749573],[-87.6237396,41.8748275],[-87.6238994,41.8747015],[-87.624484,41.874446],[-87.6243339,41.8746672],[-87.6243395,41.8749893],[-87.624194,41.8755363],[-87.6241986,41.8756897],[-87.6240938,41.8756748],[-87.623299,41.875614],[-87.6233117,41.875515]]]}},{"type":"Feature","properties":{"areaM2":1183,"compactness":0.166},"geometry":{"type":"Polygon","coordinates":[[[-87.6141513,41.8874421],[-87.6141433,41.8872676],[-87.6142227,41.8873028],[-87.6143827,41.8873316],[-87.6155544,41.8874047],[-87.6158111,41.887462],[-87.6155443,41.8874772],[-87.6143948,41.887416],[-87.6142581,41.8874174],[-87.6141513,41.8874421]]]}},{"type":"Feature","properties":{"areaM2":1060,"compactness":0.211},"geometry":{"type":"Polygon","coordinates":[[[-87.666939,41.88534],[-87.6669349,41.885115],[-87.6668942,41.8848661],[-87.666825,41.884734],[-87.6668126,41.8846124],[-87.6668015,41.8843499],[-87.666887,41.884258],[-87.6669766,41.8843483],[-87.6669697,41.8846757],[-87.666997,41.885338],[-87.666939,41.88534]]]}},{"type":"Feature","properties":{"areaM2":1805,"compactness":0.279},"geometry":{"type":"Polygon","coordinates":[[[-87.6246456,41.8871384],[-87.6246614,41.8878692],[-87.6246503,41.8880221],[-87.6246143,41.8882082],[-87.62454,41.8882009],[-87.624476,41.888088],[-87.6244829,41.8878559],[-87.6244641,41.8869795],[-87.6246456,41.8871384]]]}},{"type":"Feature","properties":{"areaM2":4376,"compactness":0.134},"geometry":{"type":"Polygon","coordinates":[[[-87.6667996,41.8841845],[-87.6667199,41.881465],[-87.666892,41.881464],[-87.6669719,41.8841832],[-87.666887,41.884258],[-87.6667996,41.8841845]]]}},{"type":"Feature","properties":{"areaM2":970,"compactness":0.412},"geometry":{"type":"Polygon","coordinates":[[[-87.666869,41.880777],[-87.666892,41.881464],[-87.6667199,41.881465],[-87.6667075,41.881079],[-87.666718,41.880897],[-87.666869,41.880777]]]}},{"type":"Feature","properties":{"areaM2":939,"compactness":0.28},"geometry":{"type":"Polygon","coordinates":[[[-87.666213,41.8622903],[-87.6661895,41.8615374],[-87.6662511,41.861472],[-87.6663153,41.8615394],[-87.666317,41.861582],[-87.6663339,41.8622879],[-87.666276,41.862369],[-87.666213,41.8622903]]]}},{"type":"Feature","properties":{"areaM2":1957,"compactness":0.148},"geometry":{"type":"Polygon","coordinates":[[[-87.666263,41.8641049],[-87.6662172,41.8624419],[-87.666276,41.862369],[-87.6663385,41.8624418],[-87.6663862,41.8641025],[-87.666327,41.864178],[-87.666263,41.8641049]]]}},{"type":"Feature","properties":{"areaM2":677,"compactness":0.16},"geometry":{"type":"Polygon","coordinates":[[[-87.630425,41.8674319],[-87.630272,41.867435],[-87.629116,41.8674487],[-87.6303249,41.867331],[-87.6304385,41.8673288],[-87.630425,41.8674319]]]}},{"type":"Feature","properties":{"areaM2":3652,"compactness":0.127},"geometry":{"type":"Polygon","coordinates":[[[-87.6245685,41.8883598],[-87.6242138,41.8898598],[-87.6242099,41.8899878],[-87.6242436,41.8908648],[-87.624069,41.890836],[-87.6240337,41.8899688],[-87.6240535,41.8898426],[-87.6241999,41.889336],[-87.6244324,41.8882942],[-87.6244832,41.8882952],[-87.624517,41.888389],[-87.6245685,41.8883598]]]}},{"type":"Feature","properties":{"areaM2":700,"compactness":0.156},"geometry":{"type":"Polygon","coordinates":[[[-87.6453937,41.8831793],[-87.6453803,41.8824024],[-87.645393,41.882198],[-87.6454917,41.8829722],[-87.6456009,41.8831783],[-87.6453937,41.8831793]]]}},{"type":"Feature","properties":{"areaM2":2082,"compactness":0.25},"geometry":{"type":"Polygon","coordinates":[[[-87.624285,41.879418],[-87.6242165,41.8783771],[-87.624195,41.878161],[-87.6244129,41.8782936],[-87.6244445,41.8795564],[-87.624285,41.879418]]]}},{"type":"Feature","properties":{"areaM2":6772,"compactness":0.201},"geometry":{"type":"Polygon","coordinates":[[[-87.617244,41.880924],[-87.6171821,41.878388],[-87.617657,41.878384],[-87.6174443,41.8785166],[-87.6174738,41.879547],[-87.6174781,41.8802292],[-87.617692,41.880917],[-87.617244,41.880924]]]}},{"type":"Feature","properties":{"areaM2":1530,"compactness":0.11},"geometry":{"type":"Polygon","coordinates":[[[-87.6171768,41.8730908],[-87.6172034,41.8731553],[-87.6172564,41.8732054],[-87.61752,41.873245],[-87.617066,41.873249],[-87.617031,41.871631],[-87.6171449,41.8719958],[-87.617167,41.873014],[-87.6171768,41.8730908]]]}},{"type":"Feature","properties":{"areaM2":13408,"compactness":0.112},"geometry":{"type":"Polygon","coordinates":[[[-87.6171821,41.878388],[-87.617066,41.873249],[-87.61752,41.873245],[-87.6173316,41.8734003],[-87.6174184,41.8774231],[-87.617657,41.878384],[-87.6171821,41.878388]]]}},{"type":"Feature","properties":{"areaM2":1493,"compactness":0.282},"geometry":{"type":"Polygon","coordinates":[[[-87.624785,41.8673854],[-87.6249864,41.8673842],[-87.6255718,41.867402],[-87.6252215,41.8674904],[-87.624211,41.8675039],[-87.624156,41.867285],[-87.624785,41.8673854]]]}},{"type":"Feature","properties":{"areaM2":1290,"compactness":0.213},"geometry":{"type":"Polygon","coordinates":[[[-87.6273857,41.8674653],[-87.6260133,41.867481],[-87.625829,41.867337],[-87.6263689,41.8673896],[-87.627384,41.8673748],[-87.6273857,41.8674653]]]}},{"type":"Feature","properties":{"areaM2":1049,"compactness":0.098},"geometry":{"type":"Polygon","coordinates":[[[-87.630574,41.8688686],[-87.6305573,41.86828],[-87.6305035,41.867431],[-87.630588,41.8674302],[-87.6306054,41.8675946],[-87.630641,41.8688633],[-87.630526,41.869037],[-87.630574,41.8688686]]]}},{"type":"Feature","properties":{"areaM2":1146,"compactness":0.351},"geometry":{"type":"Polygon","coordinates":[[[-87.6325656,41.8932119],[-87.6325446,41.8924228],[-87.6327139,41.8924205],[-87.6327037,41.8925076],[-87.6327225,41.8932091],[-87.6325656,41.8932119]]]}},{"type":"Feature","properties":{"areaM2":1694,"compactness":0.337},"geometry":{"type":"Polygon","coordinates":[[[-87.624622,41.885889],[-87.6246353,41.8867435],[-87.624274,41.886813],[-87.6244523,41.886549],[-87.6244315,41.8858594],[-87.624622,41.885889]]]}},{"type":"Feature","properties":{"areaM2":1726,"compactness":0.21},"geometry":{"type":"Polygon","coordinates":[[[-87.6245768,41.8849261],[-87.6246028,41.8853171],[-87.624622,41.885889],[-87.6244261,41.8853609],[-87.6243929,41.8846006],[-87.6243714,41.8844844],[-87.6245731,41.884631],[-87.6245768,41.8849261]]]}},{"type":"Feature","properties":{"areaM2":2298,"compactness":0.242},"geometry":{"type":"Polygon","coordinates":[[[-87.6244445,41.8795564],[-87.624469,41.8807471],[-87.624101,41.880841],[-87.6242777,41.8804062],[-87.6243031,41.8801026],[-87.624285,41.879418],[-87.6244445,41.8795564]]]}},{"type":"Feature","properties":{"areaM2":697,"compactness":0.233},"geometry":{"type":"Polygon","coordinates":[[[-87.6241986,41.8756897],[-87.624194,41.8755363],[-87.6243395,41.8749893],[-87.6243517,41.875611],[-87.624521,41.875721],[-87.6241986,41.8756897]]]}},{"type":"Feature","properties":{"areaM2":1340,"compactness":0.255},"geometry":{"type":"Polygon","coordinates":[[[-87.6242993,41.8733474],[-87.6243046,41.8736832],[-87.6243211,41.8742072],[-87.6241581,41.8739684],[-87.6241378,41.8732517],[-87.624451,41.87316],[-87.6242993,41.8733474]]]}},{"type":"Feature","properties":{"areaM2":1281,"compactness":0.379},"geometry":{"type":"Polygon","coordinates":[[[-87.6242931,41.8925381],[-87.6243162,41.8933353],[-87.62414,41.8933381],[-87.624121,41.8925406],[-87.6242931,41.8925381]]]}},{"type":"Feature","properties":{"areaM2":5460,"compactness":0.109},"geometry":{"type":"Polygon","coordinates":[[[-87.6243162,41.8933353],[-87.6243883,41.8964434],[-87.6243638,41.8966355],[-87.62402,41.896745],[-87.6241909,41.8965528],[-87.6242066,41.8963535],[-87.6241824,41.8948717],[-87.62414,41.8933381],[-87.6243162,41.8933353]]]}},{"type":"Feature","properties":{"areaM2":2132,"compactness":0.192},"geometry":{"type":"Polygon","coordinates":[[[-87.6241365,41.8972144],[-87.6241625,41.896875],[-87.6242877,41.8969893],[-87.6242618,41.8971547],[-87.6241977,41.8979166],[-87.624209,41.898509],[-87.6240416,41.8983888],[-87.6240292,41.8977437],[-87.6240938,41.8974784],[-87.6241365,41.8972144]]]}},{"type":"Feature","properties":{"areaM2":3196,"compactness":0.123},"geometry":{"type":"Polygon","coordinates":[[[-87.624209,41.898509],[-87.6242398,41.89992],[-87.6242771,41.9007095],[-87.624275,41.90093],[-87.6241516,41.9006355],[-87.6241527,41.9004127],[-87.6241343,41.9001059],[-87.624073,41.899874],[-87.6240416,41.8983888],[-87.624209,41.898509]]]}},{"type":"Feature","properties":{"areaM2":949,"compactness":0.156},"geometry":{"type":"Polygon","coordinates":[[[-87.6276116,41.8674669],[-87.6287159,41.8674534],[-87.629116,41.8674487],[-87.627511,41.867605],[-87.6276116,41.8674669]]]}},{"type":"Feature","properties":{"areaM2":1085,"compactness":0.287},"geometry":{"type":"Polygon","coordinates":[[[-87.6402062,41.867308],[-87.6393906,41.8673149],[-87.639224,41.867105],[-87.6397941,41.8672197],[-87.6404287,41.8672101],[-87.6402062,41.867308]]]}},{"type":"Feature","properties":{"areaM2":1450,"compactness":0.291},"geometry":{"type":"Polygon","coordinates":[[[-87.6420311,41.867286],[-87.6408543,41.8673002],[-87.640717,41.867083],[-87.6413846,41.8671953],[-87.6420735,41.8671849],[-87.6420311,41.867286]]]}},{"type":"Feature","properties":{"areaM2":1421,"compactness":0.204},"geometry":{"type":"Polygon","coordinates":[[[-87.6436572,41.8672607],[-87.6420311,41.867286],[-87.6423538,41.8671805],[-87.643762,41.867156],[-87.6436572,41.8672607]]]}},{"type":"Feature","properties":{"areaM2":14573167,"compactness":0.079},"geometry":{"type":"Polygon","coordinates":[[[-87.679,41.861],[-87.679,41.901],[-87.596,41.901],[-87.596,41.861],[-87.679,41.861]]]}}]}