{"type":"FeatureCollection","features":[{"type":"Feature","properties":{"name":"Illinois Center for Rehabilitation","levels":null,"area":394},"geometry":{"type":"Polygon","coordinates":[[[-87.671036,41.867221],[-87.671121,41.867815],[-87.67051,41.867986],[-87.670425,41.867153],[-87.671036,41.867221]],[[-87.670703,41.867582],[-87.670999,41.867765],[-87.670997,41.86758],[-87.670703,41.867582]]]}},{"type":"Feature","properties":{"name":null,"levels":null,"area":173},"geometry":{"type":"Polygon","coordinates":[[[-87.662216,41.865595],[-87.661694,41.865602],[-87.661689,41.865271],[-87.66221,41.865266],[-87.662216,41.865595]],[[-87.662062,41.865374],[-87.661835,41.865497],[-87.662066,41.865493],[-87.662062,41.865374]]]}},{"type":"Feature","properties":{"name":"Congressman George Collins Apartments","levels":null,"area":591},"geometry":{"type":"Polygon","coordinates":[[[-87.65593,41.863373],[-87.655434,41.86305],[-87.655139,41.863383],[-87.654441,41.863035],[-87.65477,41.862666],[-87.65556,41.86265],[-87.656263,41.863002],[-87.65593,41.863373]],[[-87.655675,41.86282],[-87.655825,41.863213],[-87.656022,41.862989],[-87.655675,41.86282]],[[-87.654879,41.862826],[-87.655029,41.863219],[-87.655272,41.862944],[-87.654879,41.862826]]]}},{"type":"Feature","properties":{"name":"Jelke Building","levels":null,"area":247},"geometry":{"type":"Polygon","coordinates":[[[-87.670882,41.874433],[-87.669845,41.87425],[-87.670876,41.874233],[-87.670882,41.874433]]]}},{"type":"Feature","properties":{"name":"Rush Visitor Parking","levels":null,"area":1036},"geometry":{"type":"Polygon","coordinates":[[[-87.667684,41.87361],[-87.66747,41.873518],[-87.667749,41.873336],[-87.668864,41.873302],[-87.668946,41.873953],[-87.667684,41.87361]],[[-87.667609,41.873468],[-87.667614,41.873571],[-87.667681,41.873518],[-87.667609,41.873468]]]}},{"type":"Feature","properties":{"name":null,"levels":null,"area":1492},"geometry":{"type":"Polygon","coordinates":[[[-87.679,41.867753],[-87.678292,41.867016],[-87.679,41.867005],[-87.679,41.867753]]]}},{"type":"Feature","properties":{"name":"University of Illinois at Chicago Hospital","levels":null,"area":993},"geometry":{"type":"Polygon","coordinates":[[[-87.670909,41.87003],[-87.670148,41.869368],[-87.67126,41.869352],[-87.670909,41.87003]]]}},{"type":"Feature","properties":{"name":"St. Ignatius College Prep","levels":null,"area":956},"geometry":{"type":"Polygon","coordinates":[[[-87.652934,41.867797],[-87.654472,41.867262],[-87.654526,41.868241],[-87.652934,41.867797]]]}},{"type":"Feature","properties":{"name":"Holy Family Church","levels":null,"area":273},"geometry":{"type":"Polygon","coordinates":[[[-87.654493,41.86767],[-87.65488,41.867175],[-87.654959,41.867663],[-87.654493,41.86767]]]}},{"type":"Feature","properties":{"name":"UIC Utilities Building","levels":null,"area":180},"geometry":{"type":"Polygon","coordinates":[[[-87.651364,41.868307],[-87.651961,41.868553],[-87.651372,41.868563],[-87.651364,41.868307]]]}},{"type":"Feature","properties":{"name":null,"levels":null,"area":182},"geometry":{"type":"Polygon","coordinates":[[[-87.653283,41.86691],[-87.653086,41.86647],[-87.653723,41.866382],[-87.653283,41.86691]]]}},{"type":"Feature","properties":{"name":"Behavioral Sciences Building","levels":null,"area":890},"geometry":{"type":"Polygon","coordinates":[[[-87.653133,41.873257],[-87.652062,41.873941],[-87.652052,41.873569],[-87.653133,41.873257]]]}},{"type":"Feature","properties":{"name":"Notre Dame Roman Catholic Church","levels":null,"area":159},"geometry":{"type":"Polygon","coordinates":[[[-87.660742,41.873639],[-87.660352,41.873406],[-87.660682,41.873276],[-87.660742,41.873639]]]}},{"type":"Feature","properties":{"name":"Single Student Residence","levels":null,"area":150},"geometry":{"type":"Polygon","coordinates":[[[-87.675647,41.870838],[-87.675733,41.871362],[-87.675518,41.871362],[-87.675647,41.870838]]]}},{"type":"Feature","properties":{"name":"Chicago Police Department 12th District Station","levels":null,"area":313},"geometry":{"type":"Polygon","coordinates":[[[-87.657574,41.862536],[-87.657171,41.863278],[-87.656854,41.863151],[-87.657574,41.862536]]]}},{"type":"Feature","properties":{"name":"CVS Pharmacy","levels":null,"area":175},"geometry":{"type":"Polygon","coordinates":[[[-87.657213,41.866448],[-87.656838,41.866832],[-87.656854,41.866456],[-87.657213,41.866448]]]}},{"type":"Feature","properties":{"name":"Armour Academic Center","levels":null,"area":580},"geometry":{"type":"Polygon","coordinates":[[[-87.669767,41.873],[-87.669231,41.874001],[-87.669205,41.872999],[-87.669767,41.873]]]}},{"type":"Feature","properties":{"name":"Children's Advocacy Center","levels":null,"area":481},"geometry":{"type":"Polygon","coordinates":[[[-87.677248,41.865715],[-87.676572,41.865121],[-87.677232,41.865106],[-87.677248,41.865715]]]}},{"type":"Feature","properties":{"name":"Cohn Research Building","levels":null,"area":219},"geometry":{"type":"Polygon","coordinates":[[[-87.671431,41.873743],[-87.670714,41.87401],[-87.670642,41.873848],[-87.671431,41.873743]]]}},{"type":"Feature","properties":{"name":null,"levels":null,"area":501},"geometry":{"type":"Polygon","coordinates":[[[-87.669982,41.867835],[-87.669537,41.868363],[-87.669682,41.867839],[-87.669982,41.867835]]]}},{"type":"Feature","properties":{"name":"Center for Structural Biology","levels":null,"area":160},"geometry":{"type":"Polygon","coordinates":[[[-87.667093,41.868285],[-87.666679,41.868019],[-87.667022,41.867925],[-87.667093,41.868285]]]}},{"type":"Feature","properties":{"name":null,"levels":null,"area":1190},"geometry":{"type":"Polygon","coordinates":[[[-87.66881,41.865248],[-87.668203,41.866532],[-87.668179,41.865172],[-87.66881,41.865248]]]}},{"type":"Feature","properties":{"name":null,"levels":null,"area":357},"geometry":{"type":"Polygon","coordinates":[[[-87.675457,41.865662],[-87.676059,41.865191],[-87.676015,41.865723],[-87.675457,41.865662]]]}},{"type":"Feature","properties":{"name":null,"levels":null,"area":236},"geometry":{"type":"Polygon","coordinates":[[[-87.670906,41.86573],[-87.670331,41.865239],[-87.670894,41.865197],[-87.670906,41.86573]]]}},{"type":"Feature","properties":{"name":"New Zion Missionary Baptist Church","levels":null,"area":193},"geometry":{"type":"Polygon","coordinates":[[[-87.674598,41.865086],[-87.673989,41.865368],[-87.673947,41.865171],[-87.674598,41.865086]]]}},{"type":"Feature","properties":{"name":null,"levels":null,"area":319},"geometry":{"type":"Polygon","coordinates":[[[-87.667675,41.864321],[-87.66855,41.864865],[-87.667679,41.864491],[-87.667675,41.864321]]]}},{"type":"Feature","properties":{"name":null,"levels":null,"area":2772},"geometry":{"type":"Polygon","coordinates":[[[-87.676334,41.863937],[-87.679,41.863132],[-87.679,41.863899],[-87.676334,41.863937]]]}},{"type":"Feature","properties":{"name":null,"levels":null,"area":389},"geometry":{"type":"Polygon","coordinates":[[[-87.66373,41.861067],[-87.662783,41.861421],[-87.662773,41.861082],[-87.66373,41.861067]]]}},{"type":"Feature","properties":{"name":null,"levels":null,"area":547},"geometry":{"type":"Polygon","coordinates":[[[-87.663974,41.86141],[-87.66529,41.861037],[-87.665303,41.861382],[-87.663974,41.86141]]]}},{"type":"Feature","properties":{"name":null,"levels":null,"area":263},"geometry":{"type":"Polygon","coordinates":[[[-87.664379,41.86861],[-87.665411,41.868787],[-87.664331,41.868836],[-87.664379,41.86861]]]}},{"type":"Feature","properties":{"name":null,"levels":null,"area":366},"geometry":{"type":"Polygon","coordinates":[[[-87.66627,41.870903],[-87.66569,41.871426],[-87.665674,41.870914],[-87.66627,41.870903]]]}},{"type":"Feature","properties":{"name":null,"levels":null,"area":211},"geometry":{"type":"Polygon","coordinates":[[[-87.66724,41.865228],[-87.666556,41.865505],[-87.666548,41.865238],[-87.66724,41.865228]]]}},{"type":"Feature","properties":{"name":"Union Health Service","levels":null,"area":293},"geometry":{"type":"Polygon","coordinates":[[[-87.667461,41.87206],[-87.668254,41.871889],[-87.668238,41.872171],[-87.667461,41.87206]]]}},{"type":"Feature","properties":{"name":"Westside Research Office Building","levels":null,"area":315},"geometry":{"type":"Polygon","coordinates":[[[-87.671125,41.866524],[-87.670186,41.866262],[-87.671113,41.866241],[-87.671125,41.866524]]]}},{"type":"Feature","properties":{"name":"The Chicago Lighthouse for People Who Are Blind or Visually Impaired","levels":null,"area":655},"geometry":{"type":"Polygon","coordinates":[[[-87.672311,41.867061],[-87.673474,41.867446],[-87.671884,41.867535],[-87.672311,41.867061]]]}},{"type":"Feature","properties":{"name":"Cook County Hospital Administration Building","levels":null,"area":397},"geometry":{"type":"Polygon","coordinates":[[[-87.673977,41.871653],[-87.674728,41.872088],[-87.673989,41.872094],[-87.673977,41.871653]]]}},{"type":"Feature","properties":{"name":"New Zion Childcare Academy","levels":null,"area":162},"geometry":{"type":"Polygon","coordinates":[[[-87.675198,41.865382],[-87.67482,41.865083],[-87.675188,41.865076],[-87.675198,41.865382]]]}},{"type":"Feature","properties":{"name":null,"levels":null,"area":200},"geometry":{"type":"Polygon","coordinates":[[[-87.673021,41.872039],[-87.673576,41.871734],[-87.673585,41.872028],[-87.673021,41.872039]]]}},{"type":"Feature","properties":{"name":null,"levels":null,"area":459},"geometry":{"type":"Polygon","coordinates":[[[-87.674163,41.864805],[-87.67544,41.864185],[-87.675474,41.86479],[-87.674163,41.864805]]]}},{"type":"Feature","properties":{"name":"Student Residence Hall","levels":null,"area":295},"geometry":{"type":"Polygon","coordinates":[[[-87.674742,41.871345],[-87.674169,41.870905],[-87.674733,41.870898],[-87.674742,41.871345]]]}},{"type":"Feature","properties":{"name":"Illinois State Police Forensic Science Center","levels":null,"area":340},"geometry":{"type":"Polygon","coordinates":[[[-87.675338,41.866019],[-87.675831,41.866469],[-87.675,41.866401],[-87.675338,41.866019]]]}},{"type":"Feature","properties":{"name":"Illinois Center for Rehabilitation and Education","levels":null,"area":622},"geometry":{"type":"Polygon","coordinates":[[[-87.674865,41.867657],[-87.675795,41.867115],[-87.675798,41.867217],[-87.674865,41.867657]]]}},{"type":"Feature","properties":{"name":null,"levels":null,"area":227},"geometry":{"type":"Polygon","coordinates":[[[-87.675763,41.873523],[-87.676178,41.873616],[-87.675492,41.873793],[-87.675763,41.873523]]]}},{"type":"Feature","properties":{"name":null,"levels":null,"area":475},"geometry":{"type":"Polygon","coordinates":[[[-87.678025,41.86631],[-87.676864,41.865982],[-87.678017,41.865967],[-87.678025,41.86631]]]}},{"type":"Feature","properties":{"name":"Illinois Central Management Services","levels":null,"area":236},"geometry":{"type":"Polygon","coordinates":[[[-87.676682,41.867092],[-87.677167,41.867402],[-87.676613,41.867738],[-87.676682,41.867092]]]}},{"type":"Feature","properties":{"name":"Ruth M. Rothstein CORE Center","levels":null,"area":240},"geometry":{"type":"Polygon","coordinates":[[[-87.676871,41.874754],[-87.677531,41.87454],[-87.677494,41.874729],[-87.676871,41.874754]]]}},{"type":"Feature","properties":{"name":null,"levels":null,"area":245},"geometry":{"type":"Polygon","coordinates":[[[-87.678942,41.870835],[-87.678797,41.871328],[-87.678416,41.871275],[-87.678942,41.870835]]]}},{"type":"Feature","properties":{"name":null,"levels":null,"area":950},"geometry":{"type":"Polygon","coordinates":[[[-87.678064,41.869268],[-87.679,41.870098],[-87.678077,41.870109],[-87.678064,41.869268]]]}},{"type":"Feature","properties":{"name":"Courtyard by Marriott Chicago at Medical District / UIC","levels":null,"area":222},"geometry":{"type":"Polygon","coordinates":[[[-87.666028,41.873556],[-87.666268,41.873944],[-87.665548,41.873958],[-87.666028,41.873556]]]}},{"type":"Feature","properties":{"name":null,"levels":null,"area":154},"geometry":{"type":"Polygon","coordinates":[[[-87.671354,41.873251],[-87.670993,41.873605],[-87.670984,41.873258],[-87.671354,41.873251]]]}},{"type":"Feature","properties":{"name":null,"levels":null,"area":172},"geometry":{"type":"Polygon","coordinates":[[[-87.666044,41.872239],[-87.666326,41.87278],[-87.666066,41.872786],[-87.666044,41.872239]]]}},{"type":"Feature","properties":{"name":"John H. Stroger, Jr. Hospital of Cook County","levels":null,"area":2633},"geometry":{"type":"Polygon","coordinates":[[[-87.675984,41.871912],[-87.673156,41.87286],[-87.672898,41.872486],[-87.675984,41.871912]]]}},{"type":"Feature","properties":{"name":"Sport and Fitness Center","levels":null,"area":319},"geometry":{"type":"Polygon","coordinates":[[[-87.675895,41.870396],[-87.675057,41.870645],[-87.675052,41.87039],[-87.675895,41.870396]]]}},{"type":"Feature","properties":{"name":"Student Center West","levels":null,"area":304},"geometry":{"type":"Polygon","coordinates":[[[-87.674075,41.870885],[-87.675004,41.870601],[-87.675015,41.870871],[-87.674075,41.870885]]]}},{"type":"Feature","properties":{"name":"Neuropsychiatric Institute","levels":null,"area":204},"geometry":{"type":"Polygon","coordinates":[[[-87.671611,41.870201],[-87.672096,41.86979],[-87.672073,41.870224],[-87.671611,41.870201]]]}},{"type":"Feature","properties":{"name":"Johnston R. Bowman Health Center","levels":null,"area":210},"geometry":{"type":"Polygon","coordinates":[[[-87.669535,41.872228],[-87.669203,41.872702],[-87.669347,41.872128],[-87.669535,41.872228]]]}},{"type":"Feature","properties":{"name":"Rush Employee Parking","levels":null,"area":562},"geometry":{"type":"Polygon","coordinates":[[[-87.668924,41.872989],[-87.667459,41.873319],[-87.66745,41.87301],[-87.668924,41.872989]]]}},{"type":"Feature","properties":{"name":"Rush Orthopedic Ambulatory Building","levels":null,"area":408},"geometry":{"type":"Polygon","coordinates":[[[-87.667231,41.873981],[-87.666831,41.873078],[-87.667204,41.87307],[-87.667231,41.873981]]]}},{"type":"Feature","properties":{"name":"Rush Staff & Student Parking","levels":null,"area":560},"geometry":{"type":"Polygon","coordinates":[[[-87.667867,41.872375],[-87.668926,41.872808],[-87.667885,41.872821],[-87.667867,41.872375]]]}},{"type":"Feature","properties":{"name":"Rush Professional Building","levels":null,"area":642},"geometry":{"type":"Polygon","coordinates":[[[-87.669836,41.872802],[-87.670226,41.874014],[-87.669751,41.874023],[-87.669836,41.872802]]]}},{"type":"Feature","properties":{"name":"Atrium Building","levels":null,"area":938},"geometry":{"type":"Polygon","coordinates":[[[-87.669845,41.87425],[-87.668469,41.87493],[-87.668339,41.874628],[-87.669845,41.87425]]]}},{"type":"Feature","properties":{"name":"Scio 903","levels":null,"area":202},"geometry":{"type":"Polygon","coordinates":[[[-87.666195,41.870289],[-87.665307,41.870086],[-87.666191,41.870103],[-87.666195,41.870289]]]}},{"type":"Feature","properties":{"name":"Administrative Office Building","levels":null,"area":162},"geometry":{"type":"Polygon","coordinates":[[[-87.67084,41.871098],[-87.670423,41.871424],[-87.670416,41.871104],[-87.67084,41.871098]]]}},{"type":"Feature","properties":{"name":"Applied Health Sciences Building","levels":null,"area":444},"geometry":{"type":"Polygon","coordinates":[[[-87.674922,41.868024],[-87.674615,41.868675],[-87.674205,41.868085],[-87.674922,41.868024]]]}},{"type":"Feature","properties":{"name":"Biologic Resources Laboratory","levels":null,"area":407},"geometry":{"type":"Polygon","coordinates":[[[-87.672358,41.869337],[-87.673235,41.869692],[-87.672368,41.869704],[-87.672358,41.869337]]]}},{"type":"Feature","properties":{"name":"UIC Environmental Health & Safety Office","levels":null,"area":249},"geometry":{"type":"Polygon","coordinates":[[[-87.669551,41.867151],[-87.669935,41.867693],[-87.669566,41.867698],[-87.669551,41.867151]]]}},{"type":"Feature","properties":{"name":"College of Dentistry","levels":null,"area":706},"geometry":{"type":"Polygon","coordinates":[[[-87.668023,41.870591],[-87.668786,41.871413],[-87.668049,41.871424],[-87.668023,41.870591]]]}},{"type":"Feature","properties":{"name":"College of Nursing","levels":null,"area":297},"geometry":{"type":"Polygon","coordinates":[[[-87.67497,41.869908],[-87.675725,41.870178],[-87.674978,41.87019],[-87.67497,41.869908]]]}},{"type":"Feature","properties":{"name":"College of Pharmacy","levels":null,"area":740},"geometry":{"type":"Polygon","coordinates":[[[-87.670566,41.870075],[-87.671183,41.871035],[-87.670598,41.871043],[-87.670566,41.870075]]]}},{"type":"Feature","properties":{"name":"Benjamin Goldberg Research Center","levels":null,"area":207},"geometry":{"type":"Polygon","coordinates":[[[-87.675771,41.869284],[-87.675295,41.869704],[-87.675282,41.869291],[-87.675771,41.869284]]]}},{"type":"Feature","properties":{"name":"Library of the Health Sciences","levels":null,"area":345},"geometry":{"type":"Polygon","coordinates":[[[-87.670492,41.8717],[-87.671333,41.872003],[-87.6705,41.872014],[-87.670492,41.8717]]]}},{"type":"Feature","properties":{"name":"Disability, Health & Social Policy Building","levels":null,"area":342},"geometry":{"type":"Polygon","coordinates":[[[-87.667613,41.867192],[-87.668321,41.867737],[-87.667387,41.867361],[-87.667613,41.867192]]]}},{"type":"Feature","properties":{"name":"Lions of Illinois Eye Research Institute","levels":null,"area":176},"geometry":{"type":"Polygon","coordinates":[[[-87.673746,41.868767],[-87.674384,41.868969],[-87.673711,41.86895],[-87.673746,41.868767]]]}},{"type":"Feature","properties":{"name":"Molecular Biology Research Building","levels":null,"area":607},"geometry":{"type":"Polygon","coordinates":[[[-87.667118,41.870125],[-87.666775,41.871429],[-87.666767,41.870106],[-87.667118,41.870125]]]}},{"type":"Feature","properties":{"name":"Paulina Street Building","levels":null,"area":181},"geometry":{"type":"Polygon","coordinates":[[[-87.669357,41.867153],[-87.669139,41.86778],[-87.66912,41.867157],[-87.669357,41.867153]]]}},{"type":"Feature","properties":{"name":"Paulina Street Parking Structure","levels":null,"area":819},"geometry":{"type":"Polygon","coordinates":[[[-87.667878,41.869372],[-87.668853,41.870098],[-87.667889,41.870063],[-87.667878,41.869372]]]}},{"type":"Feature","properties":{"name":"School of Public Health West","levels":null,"area":366},"geometry":{"type":"Polygon","coordinates":[[[-87.679,41.868453],[-87.678732,41.868747],[-87.678724,41.868457],[-87.679,41.868453]]]}},{"type":"Feature","properties":{"name":"Medical Sciences Building","levels":null,"area":298},"geometry":{"type":"Polygon","coordinates":[[[-87.673081,41.870827],[-87.673515,41.870229],[-87.67355,41.8707],[-87.673081,41.870827]]]}},{"type":"Feature","properties":{"name":"Wood Street Parking Structure","levels":null,"area":1285},"geometry":{"type":"Polygon","coordinates":[[[-87.673048,41.868371],[-87.671622,41.867694],[-87.673112,41.867726],[-87.673048,41.868371]]]}},{"type":"Feature","properties":{"name":null,"levels":null,"area":164},"geometry":{"type":"Polygon","coordinates":[[[-87.674353,41.869722],[-87.674774,41.870033],[-87.674386,41.870038],[-87.674353,41.869722]]]}},{"type":"Feature","properties":{"name":"Cook County Hospital Parking Garage","levels":null,"area":939},"geometry":{"type":"Polygon","coordinates":[[[-87.672878,41.871751],[-87.671856,41.872368],[-87.67184,41.871796],[-87.672878,41.871751]]]}},{"type":"Feature","properties":{"name":"College of Medicine East Tower","levels":null,"area":171},"geometry":{"type":"Polygon","coordinates":[[[-87.672209,41.871374],[-87.671672,41.870998],[-87.672207,41.87125],[-87.672209,41.871374]]]}},{"type":"Feature","properties":{"name":"School of Public Health & Psychiatric Institute","levels":null,"area":460},"geometry":{"type":"Polygon","coordinates":[[[-87.667332,41.868249],[-87.66834,41.868707],[-87.667393,41.868952],[-87.667332,41.868249]]]}},{"type":"Feature","properties":{"name":"Eye & Ear Infirmary","levels":null,"area":481},"geometry":{"type":"Polygon","coordinates":[[[-87.67266,41.86902],[-87.673465,41.868539],[-87.673587,41.869058],[-87.67266,41.86902]]]}},{"type":"Feature","properties":{"name":"Costco","levels":null,"area":1947},"geometry":{"type":"Polygon","coordinates":[[[-87.668691,41.861595],[-87.666918,41.862578],[-87.666856,41.861797],[-87.668691,41.861595]]]}},{"type":"Feature","properties":{"name":"UIC Physical Plant Building","levels":null,"area":676},"geometry":{"type":"Polygon","coordinates":[[[-87.652172,41.867285],[-87.651317,41.867965],[-87.651291,41.867303],[-87.652172,41.867285]]]}},{"type":"Feature","properties":{"name":"Chicago Fire Department Engine Company 18","levels":null,"area":202},"geometry":{"type":"Polygon","coordinates":[[[-87.655944,41.864804],[-87.65585,41.864331],[-87.656389,41.864291],[-87.655944,41.864804]]]}},{"type":"Feature","properties":{"name":"University Commons Building 2","levels":null,"area":801},"geometry":{"type":"Polygon","coordinates":[[[-87.653994,41.861787],[-87.651015,41.862059],[-87.651008,41.861835],[-87.653994,41.861787]]]}},{"type":"Feature","properties":{"name":"University Commons Building 3","levels":null,"area":796},"geometry":{"type":"Polygon","coordinates":[[[-87.653976,41.861233],[-87.650998,41.861504],[-87.650991,41.861281],[-87.653976,41.861233]]]}},{"type":"Feature","properties":{"name":"University Commons Building 1","levels":null,"area":616},"geometry":{"type":"Polygon","coordinates":[[[-87.654006,41.862143],[-87.651725,41.862403],[-87.651719,41.862179],[-87.654006,41.862143]]]}},{"type":"Feature","properties":{"name":null,"levels":null,"area":476},"geometry":{"type":"Polygon","coordinates":[[[-87.652935,41.865116],[-87.654112,41.865325],[-87.653008,41.865401],[-87.652935,41.865116]]]}},{"type":"Feature","properties":{"name":"University Commons Building 4","levels":null,"area":697},"geometry":{"type":"Polygon","coordinates":[[[-87.656409,41.861196],[-87.654263,41.861497],[-87.654256,41.861226],[-87.656409,41.861196]]]}},{"type":"Feature","properties":{"name":null,"levels":null,"area":168},"geometry":{"type":"Polygon","coordinates":[[[-87.656511,41.866645],[-87.655788,41.866853],[-87.655755,41.866661],[-87.656511,41.866645]]]}},{"type":"Feature","properties":{"name":null,"levels":null,"area":341},"geometry":{"type":"Polygon","coordinates":[[[-87.659212,41.863248],[-87.659439,41.863064],[-87.660148,41.863226],[-87.659212,41.863248]]]}},{"type":"Feature","properties":{"name":"Fosco Park Fieldhouse","levels":null,"area":647},"geometry":{"type":"Polygon","coordinates":[[[-87.657962,41.86452],[-87.656932,41.864878],[-87.656852,41.864448],[-87.657962,41.86452]]]}},{"type":"Feature","properties":{"name":null,"levels":null,"area":246},"geometry":{"type":"Polygon","coordinates":[[[-87.662238,41.864376],[-87.662027,41.86501],[-87.661709,41.864385],[-87.662238,41.864376]]]}},{"type":"Feature","properties":{"name":null,"levels":null,"area":434},"geometry":{"type":"Polygon","coordinates":[[[-87.660108,41.861084],[-87.659181,41.861472],[-87.659089,41.861097],[-87.660108,41.861084]]]}},{"type":"Feature","properties":{"name":null,"levels":null,"area":315},"geometry":{"type":"Polygon","coordinates":[[[-87.659588,41.862585],[-87.66073,41.862879],[-87.659593,41.862814],[-87.659588,41.862585]]]}},{"type":"Feature","properties":{"name":null,"levels":null,"area":411},"geometry":{"type":"Polygon","coordinates":[[[-87.661285,41.861065],[-87.660381,41.861455],[-87.660371,41.861077],[-87.661285,41.861065]]]}},{"type":"Feature","properties":{"name":"Newberry Park","levels":null,"area":215},"geometry":{"type":"Polygon","coordinates":[[[-87.654591,41.864509],[-87.655281,41.864019],[-87.655243,41.864499],[-87.654591,41.864509]]]}},{"type":"Feature","properties":{"name":null,"levels":null,"area":159},"geometry":{"type":"Polygon","coordinates":[[[-87.653988,41.863512],[-87.654063,41.863606],[-87.653928,41.863877],[-87.653988,41.863512]]]}},{"type":"Feature","properties":{"name":null,"levels":null,"area":216},"geometry":{"type":"Polygon","coordinates":[[[-87.662393,41.866768],[-87.661681,41.866482],[-87.662385,41.86656],[-87.662393,41.866768]]]}},{"type":"Feature","properties":{"name":null,"levels":null,"area":335},"geometry":{"type":"Polygon","coordinates":[[[-87.657462,41.861149],[-87.656662,41.861507],[-87.656653,41.861162],[-87.657462,41.861149]]]}},{"type":"Feature","properties":{"name":"University Commons Building 6","levels":null,"area":671},"geometry":{"type":"Polygon","coordinates":[[[-87.654321,41.862136],[-87.65647,41.862361],[-87.654284,41.862395],[-87.654321,41.862136]]]}},{"type":"Feature","properties":{"name":"Columbus on the Park","levels":null,"area":318},"geometry":{"type":"Polygon","coordinates":[[[-87.657944,41.871373],[-87.656952,41.871657],[-87.656945,41.871389],[-87.657944,41.871373]]]}},{"type":"Feature","properties":{"name":null,"levels":null,"area":387},"geometry":{"type":"Polygon","coordinates":[[[-87.653388,41.870844],[-87.654061,41.871296],[-87.653397,41.871359],[-87.653388,41.870844]]]}},{"type":"Feature","properties":{"name":"UIC Co-Generation Facility","levels":null,"area":265},"geometry":{"type":"Polygon","coordinates":[[[-87.652212,41.867285],[-87.652388,41.867924],[-87.652238,41.867926],[-87.652212,41.867285]]]}},{"type":"Feature","properties":{"name":"University Commons Building 5","levels":null,"area":668},"geometry":{"type":"Polygon","coordinates":[[[-87.656458,41.861713],[-87.654313,41.862005],[-87.654267,41.861749],[-87.656458,41.861713]]]}},{"type":"Feature","properties":{"name":"U-Haul","levels":null,"area":223},"geometry":{"type":"Polygon","coordinates":[[[-87.658844,41.861484],[-87.658662,41.861007],[-87.658836,41.861008],[-87.658844,41.861484]]]}},{"type":"Feature","properties":{"name":"Rosie","levels":null,"area":469},"geometry":{"type":"Polygon","coordinates":[[[-87.657163,41.862019],[-87.65669,41.861718],[-87.657705,41.8617],[-87.657163,41.862019]]]}},{"type":"Feature","properties":{"name":"Taylor Street Apartments","levels":null,"area":185},"geometry":{"type":"Polygon","coordinates":[[[-87.661145,41.869657],[-87.660452,41.869575],[-87.661142,41.869459],[-87.661145,41.869657]]]}},{"type":"Feature","properties":{"name":"Mile Square Health Center","levels":null,"area":325},"geometry":{"type":"Polygon","coordinates":[[[-87.672438,41.866549],[-87.671733,41.866204],[-87.672444,41.866192],[-87.672438,41.866549]]]}},{"type":"Feature","properties":{"name":null,"levels":null,"area":362},"geometry":{"type":"Polygon","coordinates":[[[-87.670634,41.863942],[-87.669532,41.863684],[-87.670626,41.863666],[-87.670634,41.863942]]]}},{"type":"Feature","properties":{"name":"Stroger Hospital Professional Building","levels":null,"area":368},"geometry":{"type":"Polygon","coordinates":[[[-87.675984,41.871912],[-87.675021,41.871606],[-87.675977,41.871585],[-87.675984,41.871912]]]}},{"type":"Feature","properties":{"name":"Taylor Pavilion","levels":null,"area":304},"geometry":{"type":"Polygon","coordinates":[[[-87.67752,41.869814],[-87.676922,41.86928],[-87.677776,41.869266],[-87.67752,41.869814]]]}},{"type":"Feature","properties":{"name":"Common Addams","levels":null,"area":397},"geometry":{"type":"Polygon","coordinates":[[[-87.662645,41.861425],[-87.661535,41.861144],[-87.662635,41.861124],[-87.662645,41.861425]]]}},{"type":"Feature","properties":{"name":"The Gateway","levels":null,"area":192},"geometry":{"type":"Polygon","coordinates":[[[-87.677217,41.872294],[-87.677437,41.872439],[-87.676687,41.872738],[-87.677217,41.872294]]]}},{"type":"Feature","properties":{"name":"The Gateway","levels":null,"area":193},"geometry":{"type":"Polygon","coordinates":[[[-87.677491,41.873194],[-87.676891,41.872989],[-87.677481,41.872979],[-87.677491,41.873194]]]}},{"type":"Feature","properties":{"name":"Damen Pavilion","levels":null,"area":472},"geometry":{"type":"Polygon","coordinates":[[[-87.676899,41.870294],[-87.677582,41.871133],[-87.67669,41.870992],[-87.676899,41.870294]]]}},{"type":"Feature","properties":{"name":"Bed Pavilion","levels":null,"area":409},"geometry":{"type":"Polygon","coordinates":[[[-87.678555,41.870791],[-87.678264,41.870323],[-87.678767,41.870601],[-87.678555,41.870791]]]}},{"type":"Feature","properties":{"name":"Atrium","levels":null,"area":565},"geometry":{"type":"Polygon","coordinates":[[[-87.676777,41.869581],[-87.67726,41.870614],[-87.676696,41.870517],[-87.676777,41.869581]]]}},{"type":"Feature","properties":{"name":null,"levels":null,"area":371},"geometry":{"type":"Polygon","coordinates":[[[-87.665639,41.870024],[-87.666226,41.869499],[-87.666238,41.870015],[-87.665639,41.870024]]]}},{"type":"Feature","properties":{"name":"ComEd Recreation Center at Addams Park","levels":null,"area":1099},"geometry":{"type":"Polygon","coordinates":[[[-87.663637,41.861677],[-87.66211,41.862294],[-87.662104,41.861699],[-87.663637,41.861677]]]}},{"type":"Feature","properties":{"name":"College of Medicine Research Building","levels":null,"area":351},"geometry":{"type":"Polygon","coordinates":[[[-87.673528,41.869261],[-87.673251,41.870234],[-87.673259,41.869266],[-87.673528,41.869261]]]}},{"type":"Feature","properties":{"name":null,"levels":null,"area":249},"geometry":{"type":"Polygon","coordinates":[[[-87.671163,41.864908],[-87.670458,41.864623],[-87.671159,41.864772],[-87.671163,41.864908]]]}},{"type":"Feature","properties":{"name":"Health Specialty Care Building","levels":null,"area":377},"geometry":{"type":"Polygon","coordinates":[[[-87.671253,41.869085],[-87.670777,41.868399],[-87.67123,41.868391],[-87.671253,41.869085]]]}},{"type":"Feature","properties":{"name":"Cadence Apartments","levels":null,"area":244},"geometry":{"type":"Polygon","coordinates":[[[-87.677575,41.872286],[-87.678087,41.871576],[-87.678275,41.87165],[-87.677575,41.872286]]]}},{"type":"Feature","properties":{"name":null,"levels":null,"area":187},"geometry":{"type":"Polygon","coordinates":[[[-87.6635,41.868608],[-87.662965,41.868903],[-87.662957,41.868616],[-87.6635,41.868608]]]}},{"type":"Feature","properties":{"name":"Hampton Inn & Suites Chicago Medical District UIC","levels":null,"area":183},"geometry":{"type":"Polygon","coordinates":[[[-87.678252,41.873193],[-87.678061,41.872439],[-87.678231,41.872436],[-87.678252,41.873193]]]}},{"type":"Feature","properties":{"name":"Roosevelt Square","levels":null,"area":163},"geometry":{"type":"Polygon","coordinates":[[[-87.660643,41.866611],[-87.661437,41.866771],[-87.660647,41.866783],[-87.660643,41.866611]]]}},{"type":"Feature","properties":{"name":"Roosevelt Square","levels":null,"area":165},"geometry":{"type":"Polygon","coordinates":[[[-87.658196,41.86665],[-87.658991,41.866811],[-87.658201,41.866824],[-87.658196,41.86665]]]}},{"type":"Feature","properties":{"name":"Roosevelt Square","levels":null,"area":239},"geometry":{"type":"Polygon","coordinates":[[[-87.657832,41.869089],[-87.656902,41.869307],[-87.656893,41.869038],[-87.657832,41.869089]]]}},{"type":"Feature","properties":{"name":"College of Medicine West Tower","levels":null,"area":291},"geometry":{"type":"Polygon","coordinates":[[[-87.673583,41.871386],[-87.673375,41.871215],[-87.673524,41.870708],[-87.673583,41.871386]]]}},{"type":"Feature","properties":{"name":"Clinical Sciences Building","levels":null,"area":344},"geometry":{"type":"Polygon","coordinates":[[[-87.671746,41.870845],[-87.672231,41.870294],[-87.672292,41.870837],[-87.671746,41.870845]]]}},{"type":"Feature","properties":{"name":"Clinical Sciences North","levels":null,"area":462},"geometry":{"type":"Polygon","coordinates":[[[-87.673266,41.870947],[-87.672933,41.870331],[-87.673262,41.870824],[-87.673266,41.870947]]]}},{"type":"Feature","properties":{"name":"Scio 901","levels":null,"area":197},"geometry":{"type":"Polygon","coordinates":[[[-87.665326,41.870666],[-87.666207,41.870811],[-87.665329,41.870848],[-87.665326,41.870666]]]}},{"type":"Feature","properties":{"name":"Endeavor Health Performance Center","levels":null,"area":543},"geometry":{"type":"Polygon","coordinates":[[[-87.664545,41.863131],[-87.665082,41.86412],[-87.664656,41.864128],[-87.664545,41.863131]]]}},{"type":"Feature","properties":{"name":null,"levels":null,"area":234},"geometry":{"type":"Polygon","coordinates":[[[-87.667867,41.872375],[-87.667446,41.872831],[-87.667433,41.872383],[-87.667867,41.872375]]]}},{"type":"Feature","properties":{"name":null,"levels":null,"area":509},"geometry":{"type":"Polygon","coordinates":[[[-87.674004,41.8683],[-87.673115,41.867826],[-87.67399,41.867817],[-87.674004,41.8683]]]}},{"type":"Feature","properties":{"name":"Hyatt Place Chicago - Medical / University District","levels":null,"area":201},"geometry":{"type":"Polygon","coordinates":[[[-87.672294,41.873948],[-87.673121,41.873741],[-87.673127,41.873934],[-87.672294,41.873948]]]}},{"type":"Feature","properties":{"name":null,"levels":null,"area":193},"geometry":{"type":"Polygon","coordinates":[[[-87.669514,41.872143],[-87.669643,41.870987],[-87.669676,41.872139],[-87.669514,41.872143]]]}},{"type":"Feature","properties":{"name":null,"levels":null,"area":1205},"geometry":{"type":"Polygon","coordinates":[[[-87.66923,41.883465],[-87.66874,41.88404],[-87.667099,41.88409],[-87.667148,41.8834],[-87.66923,41.883465]],[[-87.668241,41.883553],[-87.668677,41.883804],[-87.668679,41.883777],[-87.668241,41.883553]]]}},{"type":"Feature","properties":{"name":"Consulado General de M\u00e9xico en Chicago","levels":null,"area":179},"geometry":{"type":"Polygon","coordinates":[[[-87.667366,41.878793],[-87.666903,41.878484],[-87.6674,41.878474],[-87.667366,41.878793]]]}},{"type":"Feature","properties":{"name":"United Center Office/Shop","levels":null,"area":358},"geometry":{"type":"Polygon","coordinates":[[[-87.672576,41.88123],[-87.672875,41.880364],[-87.672926,41.881177],[-87.672576,41.88123]]]}},{"type":"Feature","properties":{"name":"Chicago Police Academy","levels":null,"area":865},"geometry":{"type":"Polygon","coordinates":[[[-87.66115,41.87825],[-87.661164,41.878734],[-87.659991,41.878753],[-87.65997,41.878096],[-87.66115,41.87825]],[[-87.66072,41.878586],[-87.660552,41.878252],[-87.660568,41.87859],[-87.66072,41.878586]]]}},{"type":"Feature","properties":{"name":null,"levels":null,"area":329},"geometry":{"type":"Polygon","coordinates":[[[-87.651957,41.883182],[-87.651969,41.883703],[-87.651529,41.883903],[-87.651496,41.883188],[-87.651957,41.883182]],[[-87.651776,41.883366],[-87.651671,41.883566],[-87.65178,41.883564],[-87.651776,41.883366]]]}},{"type":"Feature","properties":{"name":null,"levels":null,"area":1079},"geometry":{"type":"Polygon","coordinates":[[[-87.654519,41.879843],[-87.652828,41.879872],[-87.652808,41.879222],[-87.654499,41.879193],[-87.654519,41.879843]],[[-87.65411,41.879361],[-87.654311,41.879698],[-87.6543,41.879358],[-87.65411,41.879361]],[[-87.653787,41.879367],[-87.653596,41.879708],[-87.653796,41.879706],[-87.653787,41.879367]],[[-87.653259,41.879376],[-87.653069,41.879717],[-87.653271,41.879713],[-87.653259,41.879376]]]}},{"type":"Feature","properties":{"name":null,"levels":null,"area":268},"geometry":{"type":"Polygon","coordinates":[[[-87.659077,41.878461],[-87.658047,41.878581],[-87.658036,41.878253],[-87.65907,41.878237],[-87.659077,41.878461]],[[-87.658831,41.878341],[-87.658469,41.878471],[-87.658834,41.878467],[-87.658831,41.878341]]]}},{"type":"Feature","properties":{"name":"Jelke Building","levels":null,"area":247},"geometry":{"type":"Polygon","coordinates":[[[-87.670882,41.874433],[-87.669845,41.87425],[-87.670876,41.874233],[-87.670882,41.874433]]]}},{"type":"Feature","properties":{"name":"Johnny's Ice House","levels":null,"area":271},"geometry":{"type":"Polygon","coordinates":[[[-87.66217,41.881967],[-87.661461,41.881653],[-87.66216,41.881647],[-87.66217,41.881967]]]}},{"type":"Feature","properties":{"name":null,"levels":null,"area":496},"geometry":{"type":"Polygon","coordinates":[[[-87.662103,41.88355],[-87.661116,41.883978],[-87.66111,41.883555],[-87.662103,41.88355]]]}},{"type":"Feature","properties":{"name":null,"levels":null,"area":273},"geometry":{"type":"Polygon","coordinates":[[[-87.651496,41.883188],[-87.65106,41.883916],[-87.651048,41.883192],[-87.651496,41.883188]]]}},{"type":"Feature","properties":{"name":"Skinner West Elementary School","levels":null,"area":607},"geometry":{"type":"Polygon","coordinates":[[[-87.659377,41.880195],[-87.658632,41.879161],[-87.659258,41.879136],[-87.659377,41.880195]]]}},{"type":"Feature","properties":{"name":"Harrison Street Parking Structure","levels":null,"area":918},"geometry":{"type":"Polygon","coordinates":[[[-87.655513,41.874464],[-87.654599,41.875297],[-87.654579,41.874482],[-87.655513,41.874464]]]}},{"type":"Feature","properties":{"name":null,"levels":null,"area":241},"geometry":{"type":"Polygon","coordinates":[[[-87.652775,41.882949],[-87.652188,41.88261],[-87.652761,41.882599],[-87.652775,41.882949]]]}},{"type":"Feature","properties":{"name":"Student Services Building","levels":null,"area":1451},"geometry":{"type":"Polygon","coordinates":[[[-87.657424,41.875209],[-87.658994,41.874527],[-87.659013,41.875148],[-87.657424,41.875209]]]}},{"type":"Feature","properties":{"name":null,"levels":null,"area":438},"geometry":{"type":"Polygon","coordinates":[[[-87.651741,41.87597],[-87.651321,41.876522],[-87.650834,41.876529],[-87.650821,41.875984],[-87.651741,41.87597]]]}},{"type":"Feature","properties":{"name":"Credit Union 1 Arena","levels":null,"area":994},"geometry":{"type":"Polygon","coordinates":[[[-87.656722,41.875238],[-87.655602,41.874512],[-87.656659,41.874508],[-87.656722,41.875238]]]}},{"type":"Feature","properties":{"name":"United Center","levels":null,"area":2438},"geometry":{"type":"Polygon","coordinates":[[[-87.675045,41.880174],[-87.673322,41.88118],[-87.673242,41.880275],[-87.675045,41.880174]]]}},{"type":"Feature","properties":{"name":"Ruth M. Rothstein CORE Center","levels":null,"area":240},"geometry":{"type":"Polygon","coordinates":[[[-87.676871,41.874754],[-87.677531,41.87454],[-87.677494,41.874729],[-87.676871,41.874754]]]}},{"type":"Feature","properties":{"name":"Atrium Building","levels":null,"area":938},"geometry":{"type":"Polygon","coordinates":[[[-87.669845,41.87425],[-87.668469,41.87493],[-87.668339,41.874628],[-87.669845,41.87425]]]}},{"type":"Feature","properties":{"name":"The Salvation Army Chicago Temple Corps Community Center","levels":null,"area":182},"geometry":{"type":"Polygon","coordinates":[[[-87.66489,41.881616],[-87.66526,41.881943],[-87.664892,41.881782],[-87.66489,41.881616]]]}},{"type":"Feature","properties":{"name":null,"levels":null,"area":415},"geometry":{"type":"Polygon","coordinates":[[[-87.671229,41.883421],[-87.670757,41.884081],[-87.670738,41.883355],[-87.671229,41.883421]]]}},{"type":"Feature","properties":{"name":"Chicago Public Schools - Near West Office","levels":null,"area":282},"geometry":{"type":"Polygon","coordinates":[[[-87.669554,41.883392],[-87.669967,41.884108],[-87.669575,41.884115],[-87.669554,41.883392]]]}},{"type":"Feature","properties":{"name":"Paramount Lofts Condominium","levels":null,"area":600},"geometry":{"type":"Polygon","coordinates":[[[-87.666933,41.879397],[-87.667868,41.879767],[-87.666946,41.880075],[-87.666933,41.879397]]]}},{"type":"Feature","properties":{"name":null,"levels":null,"area":152},"geometry":{"type":"Polygon","coordinates":[[[-87.667247,41.879394],[-87.666926,41.878994],[-87.66724,41.878991],[-87.667247,41.879394]]]}},{"type":"Feature","properties":{"name":null,"levels":null,"area":192},"geometry":{"type":"Polygon","coordinates":[[[-87.678941,41.883697],[-87.678221,41.883912],[-87.678215,41.883739],[-87.678941,41.883697]]]}},{"type":"Feature","properties":{"name":null,"levels":null,"area":199},"geometry":{"type":"Polygon","coordinates":[[[-87.661937,41.884825],[-87.662261,41.885318],[-87.66195,41.885322],[-87.661937,41.884825]]]}},{"type":"Feature","properties":{"name":null,"levels":null,"area":277},"geometry":{"type":"Polygon","coordinates":[[[-87.663378,41.887532],[-87.662644,41.88799],[-87.662637,41.887655],[-87.663378,41.887532]]]}},{"type":"Feature","properties":{"name":"Parq Fulton","levels":null,"area":287},"geometry":{"type":"Polygon","coordinates":[[[-87.662478,41.884372],[-87.662699,41.885012],[-87.662494,41.885015],[-87.662478,41.884372]]]}},{"type":"Feature","properties":{"name":"UA Local 130 Training Center","levels":null,"area":225},"geometry":{"type":"Polygon","coordinates":[[[-87.662768,41.883021],[-87.662484,41.883544],[-87.66247,41.883026],[-87.662768,41.883021]]]}},{"type":"Feature","properties":{"name":null,"levels":null,"area":211},"geometry":{"type":"Polygon","coordinates":[[[-87.66356,41.881951],[-87.662963,41.881664],[-87.663548,41.881651],[-87.66356,41.881951]]]}},{"type":"Feature","properties":{"name":null,"levels":null,"area":302},"geometry":{"type":"Polygon","coordinates":[[[-87.663485,41.883035],[-87.664135,41.883107],[-87.663578,41.883566],[-87.663485,41.883035]]]}},{"type":"Feature","properties":{"name":null,"levels":null,"area":224},"geometry":{"type":"Polygon","coordinates":[[[-87.663661,41.887325],[-87.664239,41.887022],[-87.664245,41.887317],[-87.663661,41.887325]]]}},{"type":"Feature","properties":{"name":null,"levels":null,"area":177},"geometry":{"type":"Polygon","coordinates":[[[-87.664213,41.88619],[-87.663679,41.886473],[-87.663671,41.886199],[-87.664213,41.88619]]]}},{"type":"Feature","properties":{"name":"Evo Union Park","levels":null,"area":594},"geometry":{"type":"Polygon","coordinates":[[[-87.663609,41.884468],[-87.664232,41.88529],[-87.663312,41.884749],[-87.663609,41.884468]]]}},{"type":"Feature","properties":{"name":"Park 1500 Lofts","levels":null,"area":401},"geometry":{"type":"Polygon","coordinates":[[[-87.66536,41.880289],[-87.664522,41.880643],[-87.664517,41.880309],[-87.66536,41.880289]]]}},{"type":"Feature","properties":{"name":null,"levels":null,"area":286},"geometry":{"type":"Polygon","coordinates":[[[-87.664941,41.88589],[-87.664387,41.885489],[-87.664929,41.88548],[-87.664941,41.88589]]]}},{"type":"Feature","properties":{"name":"Van Buren Place","levels":null,"area":228},"geometry":{"type":"Polygon","coordinates":[[[-87.664455,41.876526],[-87.665373,41.87665],[-87.664459,41.87689],[-87.664455,41.876526]]]}},{"type":"Feature","properties":{"name":null,"levels":null,"area":241},"geometry":{"type":"Polygon","coordinates":[[[-87.666231,41.886618],[-87.665605,41.886945],[-87.665593,41.886626],[-87.666231,41.886618]]]}},{"type":"Feature","properties":{"name":null,"levels":null,"area":470},"geometry":{"type":"Polygon","coordinates":[[[-87.666853,41.887482],[-87.665628,41.887815],[-87.665621,41.887499],[-87.666853,41.887482]]]}},{"type":"Feature","properties":{"name":null,"levels":null,"area":361},"geometry":{"type":"Polygon","coordinates":[[[-87.666477,41.885452],[-87.665753,41.885873],[-87.665741,41.885464],[-87.666477,41.885452]]]}},{"type":"Feature","properties":{"name":null,"levels":null,"area":211},"geometry":{"type":"Polygon","coordinates":[[[-87.66607,41.885947],[-87.666429,41.886424],[-87.666083,41.88643],[-87.66607,41.885947]]]}},{"type":"Feature","properties":{"name":"Teamster City","levels":null,"area":171},"geometry":{"type":"Polygon","coordinates":[[[-87.667969,41.87714],[-87.667513,41.87744],[-87.667506,41.877145],[-87.667969,41.87714]]]}},{"type":"Feature","properties":{"name":null,"levels":null,"area":446},"geometry":{"type":"Polygon","coordinates":[[[-87.669307,41.885716],[-87.668196,41.8854],[-87.669297,41.885371],[-87.669307,41.885716]]]}},{"type":"Feature","properties":{"name":null,"levels":null,"area":158},"geometry":{"type":"Polygon","coordinates":[[[-87.668597,41.887379],[-87.668273,41.887725],[-87.668073,41.887386],[-87.668597,41.887379]]]}},{"type":"Feature","properties":{"name":"Patrick Sullivan Apartments","levels":null,"area":202},"geometry":{"type":"Polygon","coordinates":[[[-87.667855,41.880622],[-87.668736,41.881016],[-87.668195,41.881026],[-87.667855,41.880622]]]}},{"type":"Feature","properties":{"name":null,"levels":null,"area":409},"geometry":{"type":"Polygon","coordinates":[[[-87.668247,41.885732],[-87.669316,41.886025],[-87.668212,41.886043],[-87.668247,41.885732]]]}},{"type":"Feature","properties":{"name":"West Loop Lofts","levels":null,"area":176},"geometry":{"type":"Polygon","coordinates":[[[-87.668201,41.878972],[-87.668819,41.878969],[-87.668351,41.87937],[-87.668201,41.878972]]]}},{"type":"Feature","properties":{"name":"Westgate Building","levels":null,"area":243},"geometry":{"type":"Polygon","coordinates":[[[-87.668796,41.877407],[-87.668121,41.877116],[-87.66879,41.877112],[-87.668796,41.877407]]]}},{"type":"Feature","properties":{"name":null,"levels":null,"area":552},"geometry":{"type":"Polygon","coordinates":[[[-87.668064,41.877698],[-87.669087,41.878138],[-87.668078,41.878154],[-87.668064,41.877698]]]}},{"type":"Feature","properties":{"name":null,"levels":null,"area":181},"geometry":{"type":"Polygon","coordinates":[[[-87.6685,41.886218],[-87.669052,41.886487],[-87.668508,41.886497],[-87.6685,41.886218]]]}},{"type":"Feature","properties":{"name":null,"levels":null,"area":236},"geometry":{"type":"Polygon","coordinates":[[[-87.669028,41.877003],[-87.668653,41.876452],[-87.669007,41.876444],[-87.669028,41.877003]]]}},{"type":"Feature","properties":{"name":null,"levels":null,"area":175},"geometry":{"type":"Polygon","coordinates":[[[-87.668835,41.879297],[-87.668723,41.879802],[-87.668449,41.879619],[-87.668835,41.879297]]]}},{"type":"Feature","properties":{"name":null,"levels":null,"area":155},"geometry":{"type":"Polygon","coordinates":[[[-87.66998,41.886973],[-87.6696,41.887312],[-87.66959,41.88698],[-87.66998,41.886973]]]}},{"type":"Feature","properties":{"name":null,"levels":null,"area":200},"geometry":{"type":"Polygon","coordinates":[[[-87.670767,41.886475],[-87.670224,41.886787],[-87.670217,41.886484],[-87.670767,41.886475]]]}},{"type":"Feature","properties":{"name":null,"levels":null,"area":199},"geometry":{"type":"Polygon","coordinates":[[[-87.670767,41.886475],[-87.671328,41.886768],[-87.670777,41.886777],[-87.670767,41.886475]]]}},{"type":"Feature","properties":{"name":null,"levels":null,"area":291},"geometry":{"type":"Polygon","coordinates":[[[-87.671033,41.886122],[-87.670235,41.886439],[-87.670225,41.886135],[-87.671033,41.886122]]]}},{"type":"Feature","properties":{"name":null,"levels":null,"area":258},"geometry":{"type":"Polygon","coordinates":[[[-87.671101,41.885298],[-87.671745,41.885621],[-87.67111,41.885622],[-87.671101,41.885298]]]}},{"type":"Feature","properties":{"name":null,"levels":null,"area":561},"geometry":{"type":"Polygon","coordinates":[[[-87.673494,41.886923],[-87.672038,41.887284],[-87.672029,41.886948],[-87.673494,41.886923]]]}},{"type":"Feature","properties":{"name":null,"levels":null,"area":428},"geometry":{"type":"Polygon","coordinates":[[[-87.67329,41.886451],[-87.6722,41.886755],[-87.672014,41.886473],[-87.67329,41.886451]]]}},{"type":"Feature","properties":{"name":null,"levels":null,"area":212},"geometry":{"type":"Polygon","coordinates":[[[-87.673138,41.887308],[-87.672633,41.887652],[-87.672591,41.887317],[-87.673138,41.887308]]]}},{"type":"Feature","properties":{"name":null,"levels":null,"area":159},"geometry":{"type":"Polygon","coordinates":[[[-87.674031,41.886434],[-87.673583,41.886733],[-87.673575,41.886442],[-87.674031,41.886434]]]}},{"type":"Feature","properties":{"name":null,"levels":null,"area":686},"geometry":{"type":"Polygon","coordinates":[[[-87.674458,41.886326],[-87.676454,41.885967],[-87.676462,41.886298],[-87.674458,41.886326]]]}},{"type":"Feature","properties":{"name":null,"levels":null,"area":186},"geometry":{"type":"Polygon","coordinates":[[[-87.674774,41.884599],[-87.675239,41.884924],[-87.674778,41.884937],[-87.674774,41.884599]]]}},{"type":"Feature","properties":{"name":null,"levels":null,"area":194},"geometry":{"type":"Polygon","coordinates":[[[-87.674762,41.885512],[-87.675321,41.885796],[-87.67477,41.885805],[-87.674762,41.885512]]]}},{"type":"Feature","properties":{"name":"Chicago Teachers Union Foundation","levels":null,"area":323},"geometry":{"type":"Polygon","coordinates":[[[-87.675652,41.887264],[-87.674861,41.887613],[-87.674852,41.887277],[-87.675652,41.887264]]]}},{"type":"Feature","properties":{"name":"Atrio","levels":null,"area":168},"geometry":{"type":"Polygon","coordinates":[[[-87.675501,41.874565],[-87.674618,41.874736],[-87.674614,41.874578],[-87.675501,41.874565]]]}},{"type":"Feature","properties":{"name":null,"levels":null,"area":313},"geometry":{"type":"Polygon","coordinates":[[[-87.675606,41.885454],[-87.676608,41.885122],[-87.676625,41.885432],[-87.675606,41.885454]]]}},{"type":"Feature","properties":{"name":"Le Petit Sucre","levels":null,"area":260},"geometry":{"type":"Polygon","coordinates":[[[-87.675847,41.886358],[-87.676573,41.886684],[-87.67586,41.886696],[-87.675847,41.886358]]]}},{"type":"Feature","properties":{"name":null,"levels":null,"area":261},"geometry":{"type":"Polygon","coordinates":[[[-87.662872,41.885521],[-87.662826,41.885857],[-87.662607,41.886116],[-87.662872,41.885521]]]}},{"type":"Feature","properties":{"name":null,"levels":null,"area":659},"geometry":{"type":"Polygon","coordinates":[[[-87.678386,41.88685],[-87.677042,41.887251],[-87.676925,41.886873],[-87.678386,41.88685]]]}},{"type":"Feature","properties":{"name":null,"levels":null,"area":231},"geometry":{"type":"Polygon","coordinates":[[[-87.677705,41.88724],[-87.676945,41.887584],[-87.676935,41.887253],[-87.677705,41.88724]]]}},{"type":"Feature","properties":{"name":null,"levels":null,"area":322},"geometry":{"type":"Polygon","coordinates":[[[-87.677779,41.886326],[-87.677004,41.886681],[-87.676986,41.886339],[-87.677779,41.886326]]]}},{"type":"Feature","properties":{"name":null,"levels":null,"area":562},"geometry":{"type":"Polygon","coordinates":[[[-87.677702,41.887568],[-87.679,41.887213],[-87.679,41.887545],[-87.677702,41.887568]]]}},{"type":"Feature","properties":{"name":null,"levels":null,"area":437},"geometry":{"type":"Polygon","coordinates":[[[-87.67717,41.883275],[-87.678151,41.883752],[-87.677175,41.883803],[-87.67717,41.883275]]]}},{"type":"Feature","properties":{"name":null,"levels":null,"area":345},"geometry":{"type":"Polygon","coordinates":[[[-87.677779,41.886326],[-87.678632,41.886654],[-87.677789,41.886668],[-87.677779,41.886326]]]}},{"type":"Feature","properties":{"name":null,"levels":null,"area":176},"geometry":{"type":"Polygon","coordinates":[[[-87.678085,41.885411],[-87.67853,41.885743],[-87.678099,41.885752],[-87.678085,41.885411]]]}},{"type":"Feature","properties":{"name":null,"levels":null,"area":440},"geometry":{"type":"Polygon","coordinates":[[[-87.67796,41.8789],[-87.678879,41.879288],[-87.677971,41.879302],[-87.67796,41.8789]]]}},{"type":"Feature","properties":{"name":null,"levels":null,"area":316},"geometry":{"type":"Polygon","coordinates":[[[-87.678386,41.88685],[-87.679,41.887168],[-87.678397,41.887229],[-87.678386,41.88685]]]}},{"type":"Feature","properties":{"name":null,"levels":null,"area":527},"geometry":{"type":"Polygon","coordinates":[[[-87.663495,41.877536],[-87.662708,41.876979],[-87.663476,41.876964],[-87.663495,41.877536]]]}},{"type":"Feature","properties":{"name":null,"levels":null,"area":325},"geometry":{"type":"Polygon","coordinates":[[[-87.664403,41.885942],[-87.664945,41.88645],[-87.664418,41.886459],[-87.664403,41.885942]]]}},{"type":"Feature","properties":{"name":null,"levels":null,"area":156},"geometry":{"type":"Polygon","coordinates":[[[-87.665578,41.88613],[-87.66601,41.88643],[-87.665586,41.886437],[-87.665578,41.88613]]]}},{"type":"Feature","properties":{"name":"mHUB","levels":null,"area":507},"geometry":{"type":"Polygon","coordinates":[[[-87.667905,41.886235],[-87.667211,41.88684],[-87.667194,41.886244],[-87.667905,41.886235]]]}},{"type":"Feature","properties":{"name":null,"levels":null,"area":373},"geometry":{"type":"Polygon","coordinates":[[[-87.662605,41.886674],[-87.663226,41.887348],[-87.662625,41.887358],[-87.662605,41.886674]]]}},{"type":"Feature","properties":{"name":null,"levels":null,"area":477},"geometry":{"type":"Polygon","coordinates":[[[-87.666845,41.886977],[-87.665613,41.887315],[-87.665604,41.886993],[-87.666845,41.886977]]]}},{"type":"Feature","properties":{"name":"Pipefitters Local 597","levels":null,"area":175},"geometry":{"type":"Polygon","coordinates":[[[-87.664142,41.882422],[-87.66455,41.882733],[-87.663967,41.882751],[-87.664142,41.882422]]]}},{"type":"Feature","properties":{"name":"First Baptist Congregational Church","levels":null,"area":200},"geometry":{"type":"Polygon","coordinates":[[[-87.667066,41.882913],[-87.667743,41.883032],[-87.667059,41.883195],[-87.667066,41.882913]]]}},{"type":"Feature","properties":{"name":null,"levels":null,"area":372},"geometry":{"type":"Polygon","coordinates":[[[-87.671501,41.882863],[-87.67165,41.883093],[-87.670728,41.883106],[-87.671501,41.882863]]]}},{"type":"Feature","properties":{"name":"Skytech Lofts","levels":null,"area":444},"geometry":{"type":"Polygon","coordinates":[[[-87.664972,41.88072],[-87.66454,41.881392],[-87.664528,41.880723],[-87.664972,41.88072]]]}},{"type":"Feature","properties":{"name":null,"levels":null,"area":685},"geometry":{"type":"Polygon","coordinates":[[[-87.668108,41.875024],[-87.666928,41.874371],[-87.668125,41.874401],[-87.668108,41.875024]]]}},{"type":"Feature","properties":{"name":"Pavillion Building","levels":null,"area":161},"geometry":{"type":"Polygon","coordinates":[[[-87.670726,41.874435],[-87.670488,41.874998],[-87.670468,41.87444],[-87.670726,41.874435]]]}},{"type":"Feature","properties":{"name":"Kellogg Building","levels":null,"area":192},"geometry":{"type":"Polygon","coordinates":[[[-87.670244,41.87462],[-87.669806,41.875033],[-87.669802,41.874879],[-87.670244,41.87462]]]}},{"type":"Feature","properties":{"name":"Triangle Office Building at Rush","levels":null,"area":749},"geometry":{"type":"Polygon","coordinates":[[[-87.669477,41.876421],[-87.669648,41.876591],[-87.669316,41.877491],[-87.669477,41.876421]]]}},{"type":"Feature","properties":{"name":"The Duncan","levels":null,"area":449},"geometry":{"type":"Polygon","coordinates":[[[-87.66501,41.879594],[-87.66597,41.880096],[-87.664967,41.880112],[-87.66501,41.879594]]]}},{"type":"Feature","properties":{"name":"Office of Emergency Management & Communications","levels":null,"area":504},"geometry":{"type":"Polygon","coordinates":[[[-87.66221,41.880845],[-87.662938,41.88128],[-87.662159,41.881384],[-87.66221,41.880845]]]}},{"type":"Feature","properties":{"name":"First Ascent","levels":null,"area":213},"geometry":{"type":"Polygon","coordinates":[[[-87.652607,41.879944],[-87.652148,41.88032],[-87.652128,41.879947],[-87.652607,41.879944]]]}},{"type":"Feature","properties":{"name":"1000 West Adams Condominium","levels":null,"area":467},"geometry":{"type":"Polygon","coordinates":[[[-87.652772,41.879228],[-87.652107,41.879906],[-87.652092,41.879404],[-87.652772,41.879228]]]}},{"type":"Feature","properties":{"name":null,"levels":null,"area":381},"geometry":{"type":"Polygon","coordinates":[[[-87.653115,41.883162],[-87.65221,41.883526],[-87.652198,41.883179],[-87.653115,41.883162]]]}},{"type":"Feature","properties":{"name":"1K Fulton","levels":null,"area":473},"geometry":{"type":"Polygon","coordinates":[[[-87.652777,41.887666],[-87.652304,41.886844],[-87.652768,41.886841],[-87.652777,41.887666]]]}},{"type":"Feature","properties":{"name":null,"levels":null,"area":239},"geometry":{"type":"Polygon","coordinates":[[[-87.652419,41.878526],[-87.652069,41.879046],[-87.652056,41.878531],[-87.652419,41.878526]]]}},{"type":"Feature","properties":{"name":null,"levels":null,"area":473},"geometry":{"type":"Polygon","coordinates":[[[-87.652879,41.876049],[-87.651996,41.876509],[-87.651991,41.876067],[-87.652879,41.876049]]]}},{"type":"Feature","properties":{"name":null,"levels":null,"area":314},"geometry":{"type":"Polygon","coordinates":[[[-87.652156,41.881265],[-87.652975,41.881587],[-87.652166,41.881524],[-87.652156,41.881265]]]}},{"type":"Feature","properties":{"name":null,"levels":null,"area":200},"geometry":{"type":"Polygon","coordinates":[[[-87.652838,41.876678],[-87.652515,41.877164],[-87.652498,41.876684],[-87.652838,41.876678]]]}},{"type":"Feature","properties":{"name":null,"levels":null,"area":155},"geometry":{"type":"Polygon","coordinates":[[[-87.65278,41.877275],[-87.652536,41.877772],[-87.652537,41.877281],[-87.65278,41.877275]]]}},{"type":"Feature","properties":{"name":null,"levels":null,"area":150},"geometry":{"type":"Polygon","coordinates":[[[-87.65284,41.878518],[-87.652618,41.879038],[-87.652596,41.878525],[-87.65284,41.878518]]]}},{"type":"Feature","properties":{"name":null,"levels":null,"area":259},"geometry":{"type":"Polygon","coordinates":[[[-87.65262,41.882123],[-87.652188,41.88261],[-87.652172,41.882132],[-87.65262,41.882123]]]}},{"type":"Feature","properties":{"name":"Acorn Lofts","levels":null,"area":276},"geometry":{"type":"Polygon","coordinates":[[[-87.652775,41.882949],[-87.65309,41.882348],[-87.653114,41.882942],[-87.652775,41.882949]]]}},{"type":"Feature","properties":{"name":null,"levels":null,"area":154},"geometry":{"type":"Polygon","coordinates":[[[-87.65278,41.877275],[-87.653061,41.877761],[-87.6528,41.877766],[-87.65278,41.877275]]]}},{"type":"Feature","properties":{"name":null,"levels":null,"area":301},"geometry":{"type":"Polygon","coordinates":[[[-87.653351,41.87795],[-87.652992,41.878466],[-87.652976,41.877956],[-87.653351,41.87795]]]}},{"type":"Feature","properties":{"name":null,"levels":null,"area":163},"geometry":{"type":"Polygon","coordinates":[[[-87.653365,41.878509],[-87.653088,41.87903],[-87.653076,41.878604],[-87.653365,41.878509]]]}},{"type":"Feature","properties":{"name":null,"levels":null,"area":156},"geometry":{"type":"Polygon","coordinates":[[[-87.652912,41.876044],[-87.653221,41.876496],[-87.652925,41.876501],[-87.652912,41.876044]]]}},{"type":"Feature","properties":{"name":"Mid-Lakes Distributing","levels":null,"area":254},"geometry":{"type":"Polygon","coordinates":[[[-87.653896,41.878502],[-87.653382,41.878914],[-87.653368,41.878512],[-87.653896,41.878502]]]}},{"type":"Feature","properties":{"name":"Monroe Aberdeen Place","levels":null,"area":352},"geometry":{"type":"Polygon","coordinates":[[[-87.653567,41.880516],[-87.654049,41.88118],[-87.653588,41.881187],[-87.653567,41.880516]]]}},{"type":"Feature","properties":{"name":null,"levels":null,"area":312},"geometry":{"type":"Polygon","coordinates":[[[-87.6534,41.877266],[-87.653946,41.877748],[-87.653417,41.877758],[-87.6534,41.877266]]]}},{"type":"Feature","properties":{"name":null,"levels":null,"area":167},"geometry":{"type":"Polygon","coordinates":[[[-87.654407,41.876655],[-87.654005,41.876993],[-87.653972,41.876665],[-87.654407,41.876655]]]}},{"type":"Feature","properties":{"name":null,"levels":null,"area":218},"geometry":{"type":"Polygon","coordinates":[[[-87.655756,41.880769],[-87.655173,41.880457],[-87.655745,41.880442],[-87.655756,41.880769]]]}},{"type":"Feature","properties":{"name":null,"levels":null,"area":273},"geometry":{"type":"Polygon","coordinates":[[[-87.655162,41.878459],[-87.654733,41.879008],[-87.654721,41.878571],[-87.655162,41.878459]]]}},{"type":"Feature","properties":{"name":"Morgan Street Lofts","levels":null,"area":382},"geometry":{"type":"Polygon","coordinates":[[[-87.651412,41.87926],[-87.651806,41.880121],[-87.651445,41.880129],[-87.651412,41.87926]]]}},{"type":"Feature","properties":{"name":null,"levels":null,"area":151},"geometry":{"type":"Polygon","coordinates":[[[-87.654834,41.881535],[-87.655345,41.881354],[-87.65535,41.881527],[-87.654834,41.881535]]]}},{"type":"Feature","properties":{"name":"Mercy Home for Boys & Girls","levels":null,"area":586},"geometry":{"type":"Polygon","coordinates":[[[-87.655256,41.87841],[-87.6564,41.877952],[-87.656411,41.878383],[-87.655256,41.87841]]]}},{"type":"Feature","properties":{"name":null,"levels":null,"area":330},"geometry":{"type":"Polygon","coordinates":[[[-87.657746,41.879362],[-87.657208,41.879868],[-87.657197,41.87937],[-87.657746,41.879362]]]}},{"type":"Feature","properties":{"name":null,"levels":null,"area":199},"geometry":{"type":"Polygon","coordinates":[[[-87.655456,41.883434],[-87.655058,41.883846],[-87.655044,41.883442],[-87.655456,41.883434]]]}},{"type":"Feature","properties":{"name":null,"levels":null,"area":175},"geometry":{"type":"Polygon","coordinates":[[[-87.655745,41.880442],[-87.656202,41.880762],[-87.655756,41.880769],[-87.655745,41.880442]]]}},{"type":"Feature","properties":{"name":null,"levels":null,"area":192},"geometry":{"type":"Polygon","coordinates":[[[-87.65595,41.878492],[-87.655647,41.878997],[-87.655632,41.878497],[-87.65595,41.878492]]]}},{"type":"Feature","properties":{"name":null,"levels":null,"area":203},"geometry":{"type":"Polygon","coordinates":[[[-87.656647,41.881255],[-87.656012,41.881528],[-87.656005,41.881264],[-87.656647,41.881255]]]}},{"type":"Feature","properties":{"name":"CA6 Condominiums","levels":null,"area":470},"geometry":{"type":"Polygon","coordinates":[[[-87.656869,41.87695],[-87.656362,41.877722],[-87.65644,41.876957],[-87.656869,41.87695]]]}},{"type":"Feature","properties":{"name":null,"levels":null,"area":597},"geometry":{"type":"Polygon","coordinates":[[[-87.65221,41.883526],[-87.653145,41.884111],[-87.652228,41.884127],[-87.65221,41.883526]]]}},{"type":"Feature","properties":{"name":"CTA Control Center","levels":null,"area":469},"geometry":{"type":"Polygon","coordinates":[[[-87.656781,41.883539],[-87.657575,41.884028],[-87.656795,41.88404],[-87.656781,41.883539]]]}},{"type":"Feature","properties":{"name":"City Winery","levels":null,"area":272},"geometry":{"type":"Polygon","coordinates":[[[-87.657359,41.88444],[-87.656901,41.884845],[-87.656892,41.884446],[-87.657359,41.88444]]]}},{"type":"Feature","properties":{"name":null,"levels":null,"area":212},"geometry":{"type":"Polygon","coordinates":[[[-87.657175,41.87864],[-87.65773,41.878954],[-87.657187,41.878965],[-87.657175,41.87864]]]}},{"type":"Feature","properties":{"name":"Twelve01West","levels":null,"area":360},"geometry":{"type":"Polygon","coordinates":[[[-87.657522,41.884891],[-87.656937,41.885402],[-87.656925,41.884899],[-87.657522,41.884891]]]}},{"type":"Feature","properties":{"name":null,"levels":null,"area":325},"geometry":{"type":"Polygon","coordinates":[[[-87.657343,41.882343],[-87.656853,41.882868],[-87.65684,41.882322],[-87.657343,41.882343]]]}},{"type":"Feature","properties":{"name":null,"levels":null,"area":218},"geometry":{"type":"Polygon","coordinates":[[[-87.65773,41.880417],[-87.658104,41.88092],[-87.657741,41.880901],[-87.65773,41.880417]]]}},{"type":"Feature","properties":{"name":null,"levels":null,"area":288},"geometry":{"type":"Polygon","coordinates":[[[-87.657729,41.882179],[-87.658106,41.881706],[-87.658257,41.882253],[-87.657729,41.882179]]]}},{"type":"Feature","properties":{"name":null,"levels":null,"area":392},"geometry":{"type":"Polygon","coordinates":[[[-87.657977,41.876603],[-87.658727,41.877074],[-87.657994,41.877085],[-87.657977,41.876603]]]}},{"type":"Feature","properties":{"name":null,"levels":null,"area":162},"geometry":{"type":"Polygon","coordinates":[[[-87.658122,41.883075],[-87.657769,41.883455],[-87.65776,41.88308],[-87.658122,41.883075]]]}},{"type":"Feature","properties":{"name":null,"levels":null,"area":156},"geometry":{"type":"Polygon","coordinates":[[[-87.65877,41.886759],[-87.658302,41.887045],[-87.658294,41.886768],[-87.65877,41.886759]]]}},{"type":"Feature","properties":{"name":"Blue Bird Day Care","levels":null,"area":205},"geometry":{"type":"Polygon","coordinates":[[[-87.658514,41.878619],[-87.658081,41.878952],[-87.657961,41.878629],[-87.658514,41.878619]]]}},{"type":"Feature","properties":{"name":null,"levels":null,"area":211},"geometry":{"type":"Polygon","coordinates":[[[-87.658769,41.879709],[-87.658429,41.880214],[-87.658415,41.879715],[-87.658769,41.879709]]]}},{"type":"Feature","properties":{"name":null,"levels":null,"area":175},"geometry":{"type":"Polygon","coordinates":[[[-87.658047,41.884429],[-87.658419,41.884825],[-87.658055,41.88483],[-87.658047,41.884429]]]}},{"type":"Feature","properties":{"name":"Vanguard Lofts","levels":null,"area":183},"geometry":{"type":"Polygon","coordinates":[[[-87.6593,41.876845],[-87.658713,41.876585],[-87.659292,41.876576],[-87.6593,41.876845]]]}},{"type":"Feature","properties":{"name":null,"levels":null,"area":467},"geometry":{"type":"Polygon","coordinates":[[[-87.659548,41.881922],[-87.659053,41.882713],[-87.659177,41.881922],[-87.659548,41.881922]]]}},{"type":"Feature","properties":{"name":null,"levels":null,"area":160},"geometry":{"type":"Polygon","coordinates":[[[-87.659971,41.883051],[-87.659628,41.883377],[-87.65962,41.883056],[-87.659971,41.883051]]]}},{"type":"Feature","properties":{"name":null,"levels":null,"area":585},"geometry":{"type":"Polygon","coordinates":[[[-87.660949,41.88106],[-87.659694,41.881469],[-87.659676,41.881081],[-87.660949,41.88106]]]}},{"type":"Feature","properties":{"name":null,"levels":null,"area":174},"geometry":{"type":"Polygon","coordinates":[[[-87.660473,41.882776],[-87.659812,41.882563],[-87.660468,41.882557],[-87.660473,41.882776]]]}},{"type":"Feature","properties":{"name":null,"levels":null,"area":184},"geometry":{"type":"Polygon","coordinates":[[[-87.659377,41.884862],[-87.658983,41.885179],[-87.658973,41.884867],[-87.659377,41.884862]]]}},{"type":"Feature","properties":{"name":null,"levels":null,"area":151},"geometry":{"type":"Polygon","coordinates":[[[-87.658689,41.883491],[-87.658269,41.883782],[-87.658262,41.883517],[-87.658689,41.883491]]]}},{"type":"Feature","properties":{"name":null,"levels":null,"area":410},"geometry":{"type":"Polygon","coordinates":[[[-87.6598,41.883596],[-87.658948,41.884003],[-87.658939,41.883606],[-87.6598,41.883596]]]}},{"type":"Feature","properties":{"name":null,"levels":null,"area":246},"geometry":{"type":"Polygon","coordinates":[[[-87.659792,41.884857],[-87.659388,41.885357],[-87.659377,41.884862],[-87.659792,41.884857]]]}},{"type":"Feature","properties":{"name":null,"levels":null,"area":798},"geometry":{"type":"Polygon","coordinates":[[[-87.660656,41.886738],[-87.659867,41.88757],[-87.659849,41.88675],[-87.660656,41.886738]]]}},{"type":"Feature","properties":{"name":null,"levels":null,"area":495},"geometry":{"type":"Polygon","coordinates":[[[-87.659792,41.884857],[-87.660641,41.885338],[-87.659805,41.885351],[-87.659792,41.884857]]]}},{"type":"Feature","properties":{"name":null,"levels":null,"area":231},"geometry":{"type":"Polygon","coordinates":[[[-87.660713,41.882354],[-87.661081,41.882415],[-87.660725,41.882811],[-87.660713,41.882354]]]}},{"type":"Feature","properties":{"name":null,"levels":null,"area":174},"geometry":{"type":"Polygon","coordinates":[[[-87.6598,41.884803],[-87.660157,41.884402],[-87.660166,41.884797],[-87.6598,41.884803]]]}},{"type":"Feature","properties":{"name":null,"levels":null,"area":233},"geometry":{"type":"Polygon","coordinates":[[[-87.660938,41.880365],[-87.660617,41.881009],[-87.660646,41.880369],[-87.660938,41.880365]]]}},{"type":"Feature","properties":{"name":"AT&T","levels":null,"area":199},"geometry":{"type":"Polygon","coordinates":[[[-87.661439,41.88043],[-87.661143,41.880938],[-87.661056,41.880435],[-87.661439,41.88043]]]}},{"type":"Feature","properties":{"name":"Chicago World Language Academy","levels":null,"area":398},"geometry":{"type":"Polygon","coordinates":[[[-87.660716,41.874544],[-87.66153,41.874766],[-87.661027,41.875162],[-87.660716,41.874544]]]}},{"type":"Feature","properties":{"name":"Plumbers Hall","levels":null,"area":264},"geometry":{"type":"Polygon","coordinates":[[[-87.66129,41.883495],[-87.661741,41.883026],[-87.661753,41.883489],[-87.66129,41.883495]]]}},{"type":"Feature","properties":{"name":null,"levels":null,"area":160},"geometry":{"type":"Polygon","coordinates":[[[-87.661498,41.88105],[-87.661856,41.881428],[-87.661507,41.881433],[-87.661498,41.88105]]]}},{"type":"Feature","properties":{"name":null,"levels":null,"area":244},"geometry":{"type":"Polygon","coordinates":[[[-87.661895,41.882335],[-87.661458,41.882798],[-87.661451,41.882342],[-87.661895,41.882335]]]}},{"type":"Feature","properties":{"name":"Ada S. McKinley Community Services","levels":null,"area":159},"geometry":{"type":"Polygon","coordinates":[[[-87.661895,41.882335],[-87.662194,41.882793],[-87.661906,41.882794],[-87.661895,41.882335]]]}},{"type":"Feature","properties":{"name":"Bottom Lounge","levels":null,"area":168},"geometry":{"type":"Polygon","coordinates":[[[-87.661937,41.884825],[-87.661666,41.885322],[-87.661648,41.884828],[-87.661937,41.884825]]]}},{"type":"Feature","properties":{"name":"West Loop Athletic Club","levels":null,"area":268},"geometry":{"type":"Polygon","coordinates":[[[-87.661459,41.884408],[-87.662081,41.88476],[-87.661466,41.884768],[-87.661459,41.884408]]]}},{"type":"Feature","properties":{"name":null,"levels":null,"area":178},"geometry":{"type":"Polygon","coordinates":[[[-87.659002,41.880759],[-87.659435,41.881105],[-87.659013,41.881112],[-87.659002,41.880759]]]}},{"type":"Feature","properties":{"name":null,"levels":null,"area":211},"geometry":{"type":"Polygon","coordinates":[[[-87.653806,41.882061],[-87.654269,41.882444],[-87.653804,41.882446],[-87.653806,41.882061]]]}},{"type":"Feature","properties":{"name":null,"levels":null,"area":336},"geometry":{"type":"Polygon","coordinates":[[[-87.653399,41.884512],[-87.65384,41.885159],[-87.653419,41.885166],[-87.653399,41.884512]]]}},{"type":"Feature","properties":{"name":"Fulbrix","levels":null,"area":391},"geometry":{"type":"Polygon","coordinates":[[[-87.65896,41.884425],[-87.6598,41.884803],[-87.658968,41.884816],[-87.65896,41.884425]]]}},{"type":"Feature","properties":{"name":"Heartbreak Lofts","levels":null,"area":210},"geometry":{"type":"Polygon","coordinates":[[[-87.66216,41.882008],[-87.661513,41.882286],[-87.661506,41.882018],[-87.66216,41.882008]]]}},{"type":"Feature","properties":{"name":null,"levels":null,"area":304},"geometry":{"type":"Polygon","coordinates":[[[-87.65189,41.881187],[-87.650969,41.880923],[-87.651883,41.88091],[-87.65189,41.881187]]]}},{"type":"Feature","properties":{"name":null,"levels":null,"area":171},"geometry":{"type":"Polygon","coordinates":[[[-87.658569,41.885595],[-87.658221,41.886014],[-87.658209,41.885601],[-87.658569,41.885595]]]}},{"type":"Feature","properties":{"name":null,"levels":null,"area":159},"geometry":{"type":"Polygon","coordinates":[[[-87.655152,41.885646],[-87.655537,41.885978],[-87.65507,41.885985],[-87.655152,41.885646]]]}},{"type":"Feature","properties":{"name":"Walsh Group Headquarters","levels":null,"area":157},"geometry":{"type":"Polygon","coordinates":[[[-87.651396,41.878459],[-87.651674,41.878894],[-87.651304,41.878978],[-87.651396,41.878459]]]}},{"type":"Feature","properties":{"name":null,"levels":null,"area":176},"geometry":{"type":"Polygon","coordinates":[[[-87.65344,41.885976],[-87.653853,41.886307],[-87.653448,41.886308],[-87.65344,41.885976]]]}},{"type":"Feature","properties":{"name":null,"levels":null,"area":150},"geometry":{"type":"Polygon","coordinates":[[[-87.651535,41.886024],[-87.651116,41.886325],[-87.65111,41.88603],[-87.651535,41.886024]]]}},{"type":"Feature","properties":{"name":null,"levels":null,"area":150},"geometry":{"type":"Polygon","coordinates":[[[-87.652033,41.886016],[-87.651617,41.886319],[-87.651609,41.886023],[-87.652033,41.886016]]]}},{"type":"Feature","properties":{"name":"The Daily News Building","levels":null,"area":208},"geometry":{"type":"Polygon","coordinates":[[[-87.657165,41.878263],[-87.657697,41.878588],[-87.657172,41.878594],[-87.657165,41.878263]]]}},{"type":"Feature","properties":{"name":null,"levels":null,"area":211},"geometry":{"type":"Polygon","coordinates":[[[-87.653804,41.882446],[-87.653341,41.882066],[-87.653806,41.882061],[-87.653804,41.882446]]]}},{"type":"Feature","properties":{"name":null,"levels":null,"area":301},"geometry":{"type":"Polygon","coordinates":[[[-87.656704,41.886294],[-87.655792,41.886577],[-87.655787,41.886304],[-87.656704,41.886294]]]}},{"type":"Feature","properties":{"name":"Skinner West Branch School","levels":null,"area":152},"geometry":{"type":"Polygon","coordinates":[[[-87.65398,41.877977],[-87.654415,41.878379],[-87.654004,41.878388],[-87.65398,41.877977]]]}},{"type":"Feature","properties":{"name":"Embry","levels":null,"area":256},"geometry":{"type":"Polygon","coordinates":[[[-87.654996,41.882089],[-87.655435,41.88259],[-87.655015,41.882599],[-87.654996,41.882089]]]}},{"type":"Feature","properties":{"name":null,"levels":null,"area":377},"geometry":{"type":"Polygon","coordinates":[[[-87.657697,41.88117],[-87.657225,41.880458],[-87.657627,41.880418],[-87.657697,41.88117]]]}},{"type":"Feature","properties":{"name":"Extra Space Storage","levels":null,"area":289},"geometry":{"type":"Polygon","coordinates":[[[-87.657125,41.877155],[-87.657581,41.877693],[-87.657139,41.877699],[-87.657125,41.877155]]]}},{"type":"Feature","properties":{"name":"The Emily Hotel","levels":null,"area":336},"geometry":{"type":"Polygon","coordinates":[[[-87.651605,41.887161],[-87.652079,41.887828],[-87.651625,41.887835],[-87.651605,41.887161]]]}},{"type":"Feature","properties":{"name":null,"levels":null,"area":274},"geometry":{"type":"Polygon","coordinates":[[[-87.65581,41.887103],[-87.656263,41.887616],[-87.655823,41.887622],[-87.65581,41.887103]]]}},{"type":"Feature","properties":{"name":null,"levels":null,"area":266},"geometry":{"type":"Polygon","coordinates":[[[-87.653474,41.887136],[-87.653913,41.887649],[-87.653488,41.887656],[-87.653474,41.887136]]]}},{"type":"Feature","properties":{"name":null,"levels":null,"area":276},"geometry":{"type":"Polygon","coordinates":[[[-87.656732,41.88709],[-87.656297,41.887615],[-87.656287,41.887113],[-87.656732,41.88709]]]}},{"type":"Feature","properties":{"name":null,"levels":null,"area":273},"geometry":{"type":"Polygon","coordinates":[[[-87.651847,41.880508],[-87.65099,41.880783],[-87.650955,41.880545],[-87.651847,41.880508]]]}},{"type":"Feature","properties":{"name":null,"levels":null,"area":387},"geometry":{"type":"Polygon","coordinates":[[[-87.657932,41.887207],[-87.658765,41.887584],[-87.65794,41.887594],[-87.657932,41.887207]]]}},{"type":"Feature","properties":{"name":null,"levels":null,"area":151},"geometry":{"type":"Polygon","coordinates":[[[-87.651585,41.886645],[-87.65112,41.886377],[-87.651577,41.886369],[-87.651585,41.886645]]]}},{"type":"Feature","properties":{"name":null,"levels":null,"area":154},"geometry":{"type":"Polygon","coordinates":[[[-87.652051,41.886638],[-87.651577,41.886369],[-87.652043,41.886361],[-87.652051,41.886638]]]}},{"type":"Feature","properties":{"name":"Pure","levels":null,"area":207},"geometry":{"type":"Polygon","coordinates":[[[-87.652146,41.880883],[-87.652685,41.881201],[-87.652155,41.881206],[-87.652146,41.880883]]]}},{"type":"Feature","properties":{"name":null,"levels":null,"area":322},"geometry":{"type":"Polygon","coordinates":[[[-87.656995,41.880802],[-87.65593,41.881149],[-87.655913,41.880819],[-87.656995,41.880802]]]}},{"type":"Feature","properties":{"name":null,"levels":null,"area":387},"geometry":{"type":"Polygon","coordinates":[[[-87.659855,41.887142],[-87.659029,41.886758],[-87.659849,41.88675],[-87.659855,41.887142]]]}},{"type":"Feature","properties":{"name":"Target","levels":null,"area":1937},"geometry":{"type":"Polygon","coordinates":[[[-87.65599,41.876635],[-87.654692,41.877655],[-87.654664,41.876656],[-87.65599,41.876635]]]}},{"type":"Feature","properties":{"name":"Joan and Paul Rubschlager Tower","levels":null,"area":1000},"geometry":{"type":"Polygon","coordinates":[[[-87.666949,41.874354],[-87.668108,41.87501],[-87.666883,41.875031],[-87.666949,41.874354]]]}},{"type":"Feature","properties":{"name":"Chelsea Townhomes","levels":null,"area":737},"geometry":{"type":"Polygon","coordinates":[[[-87.654971,41.880148],[-87.655085,41.879762],[-87.655757,41.879751],[-87.655848,41.88001],[-87.655613,41.880133],[-87.656149,41.880137],[-87.655906,41.880009],[-87.655954,41.879743],[-87.656636,41.879736],[-87.656726,41.88],[-87.656424,41.880118],[-87.656863,41.880113],[-87.656931,41.879732],[-87.656965,41.880226],[-87.654971,41.880148]]]}},{"type":"Feature","properties":{"name":null,"levels":null,"area":309},"geometry":{"type":"Polygon","coordinates":[[[-87.654362,41.885658],[-87.653437,41.885952],[-87.653428,41.885676],[-87.654362,41.885658]]]}},{"type":"Feature","properties":{"name":null,"levels":null,"area":708},"geometry":{"type":"Polygon","coordinates":[[[-87.66295,41.878094],[-87.66208,41.878772],[-87.662059,41.87811],[-87.66295,41.878094]]]}},{"type":"Feature","properties":{"name":null,"levels":null,"area":866},"geometry":{"type":"Polygon","coordinates":[[[-87.664186,41.878608],[-87.663178,41.877893],[-87.66416,41.877874],[-87.664186,41.878608]]]}},{"type":"Feature","properties":{"name":null,"levels":null,"area":255},"geometry":{"type":"Polygon","coordinates":[[[-87.666112,41.880847],[-87.666569,41.880401],[-87.666582,41.880841],[-87.666112,41.880847]]]}},{"type":"Feature","properties":{"name":"Advocate Chicago Bulls Training Center","levels":null,"area":581},"geometry":{"type":"Polygon","coordinates":[[[-87.671599,41.881273],[-87.670817,41.880748],[-87.671577,41.880739],[-87.671599,41.881273]]]}},{"type":"Feature","properties":{"name":"The Madison at Racine","levels":null,"area":520},"geometry":{"type":"Polygon","coordinates":[[[-87.657711,41.881721],[-87.656844,41.882227],[-87.656834,41.881798],[-87.657711,41.881721]]]}},{"type":"Feature","properties":{"name":"The Aberdeen","levels":null,"area":232},"geometry":{"type":"Polygon","coordinates":[[[-87.654878,41.882607],[-87.654494,41.882086],[-87.654861,41.88208],[-87.654878,41.882607]]]}},{"type":"Feature","properties":{"name":"Hayden WestLoop","levels":null,"area":231},"geometry":{"type":"Polygon","coordinates":[[[-87.655244,41.882899],[-87.654514,41.882645],[-87.655236,41.882632],[-87.655244,41.882899]]]}},{"type":"Feature","properties":{"name":null,"levels":null,"area":383},"geometry":{"type":"Polygon","coordinates":[[[-87.653238,41.887659],[-87.652923,41.886897],[-87.653219,41.886893],[-87.653238,41.887659]]]}},{"type":"Feature","properties":{"name":"The Jax","levels":null,"area":177},"geometry":{"type":"Polygon","coordinates":[[[-87.658523,41.878066],[-87.657875,41.877901],[-87.658519,41.87789],[-87.658523,41.878066]]]}},{"type":"Feature","properties":{"name":"Great Central Brewing","levels":null,"area":391},"geometry":{"type":"Polygon","coordinates":[[[-87.671766,41.885977],[-87.670691,41.885694],[-87.671754,41.885671],[-87.671766,41.885977]]]}},{"type":"Feature","properties":{"name":"Landmark West Loop","levels":null,"area":348},"geometry":{"type":"Polygon","coordinates":[[[-87.654027,41.876176],[-87.653253,41.876492],[-87.653238,41.876057],[-87.654027,41.876176]]]}},{"type":"Feature","properties":{"name":null,"levels":null,"area":2129},"geometry":{"type":"Polygon","coordinates":[[[-87.674159,41.877608],[-87.676454,41.878655],[-87.67401,41.878083],[-87.674159,41.877608]]]}},{"type":"Feature","properties":{"name":null,"levels":null,"area":1158},"geometry":{"type":"Polygon","coordinates":[[[-87.67237,41.878343],[-87.673509,41.87764],[-87.674015,41.878317],[-87.67237,41.878343]]]}},{"type":"Feature","properties":{"name":null,"levels":null,"area":252},"geometry":{"type":"Polygon","coordinates":[[[-87.667664,41.881961],[-87.667014,41.88229],[-87.667008,41.881968],[-87.667664,41.881961]]]}},{"type":"Feature","properties":{"name":"Chicago Police Memorial Foundation","levels":null,"area":319},"geometry":{"type":"Polygon","coordinates":[[[-87.663572,41.882756],[-87.662463,41.882599],[-87.663566,41.882583],[-87.663572,41.882756]]]}},{"type":"Feature","properties":{"name":"QUARTERS West Loop","levels":null,"area":338},"geometry":{"type":"Polygon","coordinates":[[[-87.654345,41.885443],[-87.653876,41.884827],[-87.65433,41.884819],[-87.654345,41.885443]]]}},{"type":"Feature","properties":{"name":"McDonald\u2019s HQ","levels":null,"area":954},"geometry":{"type":"Polygon","coordinates":[[[-87.654276,41.88315],[-87.653404,41.884067],[-87.653376,41.883165],[-87.654276,41.88315]]]}},{"type":"Feature","properties":{"name":"Hyatt House Chicago West Loop-Fulton Market","levels":null,"area":154},"geometry":{"type":"Polygon","coordinates":[[[-87.655471,41.883401],[-87.654998,41.883132],[-87.655464,41.883125],[-87.655471,41.883401]]]}},{"type":"Feature","properties":{"name":"Monroe Aberdeen Place","levels":null,"area":228},"geometry":{"type":"Polygon","coordinates":[[[-87.654534,41.881049],[-87.654119,41.88057],[-87.65454,41.880564],[-87.654534,41.881049]]]}},{"type":"Feature","properties":{"name":"Westhaven Park Station","levels":null,"area":207},"geometry":{"type":"Polygon","coordinates":[[[-87.676594,41.884855],[-87.676238,41.884225],[-87.676585,41.884219],[-87.676594,41.884855]]]}},{"type":"Feature","properties":{"name":"Madison Throop Place","levels":null,"area":414},"geometry":{"type":"Polygon","coordinates":[[[-87.65945,41.881149],[-87.658567,41.88147],[-87.658561,41.880955],[-87.65945,41.881149]]]}},{"type":"Feature","properties":{"name":"Fifth Third Arena","levels":null,"area":2216},"geometry":{"type":"Polygon","coordinates":[[[-87.674939,41.877379],[-87.672248,41.876731],[-87.674924,41.876694],[-87.674939,41.877379]]]}},{"type":"Feature","properties":{"name":"Reside on Jackson","levels":null,"area":441},"geometry":{"type":"Polygon","coordinates":[[[-87.658227,41.877673],[-87.659075,41.877133],[-87.659089,41.877648],[-87.658227,41.877673]]]}},{"type":"Feature","properties":{"name":null,"levels":null,"area":238},"geometry":{"type":"Polygon","coordinates":[[[-87.661625,41.88698],[-87.660939,41.886721],[-87.66178,41.886714],[-87.661625,41.88698]]]}},{"type":"Feature","properties":{"name":"Luxe Madison","levels":null,"area":180},"geometry":{"type":"Polygon","coordinates":[[[-87.658658,41.881976],[-87.658106,41.881706],[-87.65865,41.881699],[-87.658658,41.881976]]]}},{"type":"Feature","properties":{"name":"West End on Fulton","levels":null,"area":416},"geometry":{"type":"Polygon","coordinates":[[[-87.661896,41.886516],[-87.661583,41.88588],[-87.662234,41.885885],[-87.661896,41.886516]]]}},{"type":"Feature","properties":{"name":"CA Washington","levels":null,"area":515},"geometry":{"type":"Polygon","coordinates":[[[-87.654269,41.882444],[-87.653369,41.882942],[-87.653347,41.882486],[-87.654269,41.882444]]]}},{"type":"Feature","properties":{"name":"CA Condos on Adams","levels":null,"area":412},"geometry":{"type":"Polygon","coordinates":[[[-87.655379,41.87969],[-87.656078,41.879202],[-87.656096,41.879635],[-87.655379,41.87969]]]}},{"type":"Feature","properties":{"name":null,"levels":null,"area":190},"geometry":{"type":"Polygon","coordinates":[[[-87.656158,41.879578],[-87.656552,41.879198],[-87.656563,41.87957],[-87.656158,41.879578]]]}},{"type":"Feature","properties":{"name":"Mason","levels":null,"area":498},"geometry":{"type":"Polygon","coordinates":[[[-87.661493,41.885328],[-87.660872,41.884604],[-87.661363,41.884598],[-87.661493,41.885328]]]}},{"type":"Feature","properties":{"name":"Union West","levels":null,"area":584},"geometry":{"type":"Polygon","coordinates":[[[-87.651925,41.882493],[-87.651007,41.882379],[-87.651631,41.881832],[-87.651925,41.882493]]]}},{"type":"Feature","properties":{"name":"Academic and Residential Complex","levels":null,"area":457},"geometry":{"type":"Polygon","coordinates":[[[-87.650067,41.874802],[-87.651676,41.87486],[-87.650489,41.874996],[-87.650067,41.874802]]]}},{"type":"Feature","properties":{"name":"320 N Sangamon","levels":null,"area":292},"geometry":{"type":"Polygon","coordinates":[[[-87.65116,41.887151],[-87.651562,41.887779],[-87.651184,41.887784],[-87.65116,41.887151]]]}},{"type":"Feature","properties":{"name":"Atrium","levels":null,"area":206},"geometry":{"type":"Polygon","coordinates":[[[-87.672939,41.881082],[-87.673262,41.880461],[-87.67326,41.881035],[-87.672939,41.881082]]]}},{"type":"Feature","properties":{"name":null,"levels":null,"area":222},"geometry":{"type":"Polygon","coordinates":[[[-87.662968,41.882011],[-87.662426,41.882355],[-87.662419,41.882018],[-87.662968,41.882011]]]}},{"type":"Feature","properties":{"name":"Joan and Paul Rubschlager Building","levels":null,"area":738},"geometry":{"type":"Polygon","coordinates":[[[-87.666224,41.874755],[-87.664877,41.874367],[-87.666341,41.87435],[-87.666224,41.874755]]]}},{"type":"Feature","properties":{"name":"Laflin Place","levels":null,"area":276},"geometry":{"type":"Polygon","coordinates":[[[-87.664492,41.879549],[-87.664925,41.879027],[-87.664937,41.879544],[-87.664492,41.879549]]]}},{"type":"Feature","properties":{"name":null,"levels":null,"area":187},"geometry":{"type":"Polygon","coordinates":[[[-87.667384,41.878989],[-87.667829,41.879411],[-87.667393,41.879319],[-87.667384,41.878989]]]}},{"type":"Feature","properties":{"name":"6 North Bishop","levels":null,"area":291},"geometry":{"type":"Polygon","coordinates":[[[-87.664305,41.882159],[-87.663853,41.881618],[-87.6643,41.881616],[-87.664305,41.882159]]]}},{"type":"Feature","properties":{"name":null,"levels":null,"area":181},"geometry":{"type":"Polygon","coordinates":[[[-87.662101,41.880683],[-87.662542,41.88034],[-87.662551,41.880677],[-87.662101,41.880683]]]}},{"type":"Feature","properties":{"name":"The Lydian","levels":null,"area":299},"geometry":{"type":"Polygon","coordinates":[[[-87.676249,41.874909],[-87.675619,41.874517],[-87.676248,41.874509],[-87.676249,41.874909]]]}},{"type":"Feature","properties":{"name":"Maeve On Ashland","levels":null,"area":513},"geometry":{"type":"Polygon","coordinates":[[[-87.666003,41.879004],[-87.666571,41.87983],[-87.666039,41.879837],[-87.666003,41.879004]]]}},{"type":"Feature","properties":{"name":"Monroe Laflin Place","levels":null,"area":252},"geometry":{"type":"Polygon","coordinates":[[[-87.664922,41.879601],[-87.66452,41.880118],[-87.664518,41.879608],[-87.664922,41.879601]]]}},{"type":"Feature","properties":{"name":"Coppia","levels":null,"area":290},"geometry":{"type":"Polygon","coordinates":[[[-87.655141,41.876256],[-87.654156,41.876487],[-87.654155,41.876233],[-87.655141,41.876256]]]}},{"type":"Feature","properties":{"name":null,"levels":null,"area":177},"geometry":{"type":"Polygon","coordinates":[[[-87.654388,41.886603],[-87.653833,41.886341],[-87.65438,41.886333],[-87.654388,41.886603]]]}},{"type":"Feature","properties":{"name":"The Dylan","levels":null,"area":217},"geometry":{"type":"Polygon","coordinates":[[[-87.652685,41.884748],[-87.652257,41.885167],[-87.652248,41.884753],[-87.652685,41.884748]]]}},{"type":"Feature","properties":{"name":null,"levels":null,"area":734},"geometry":{"type":"Polygon","coordinates":[[[-87.664347,41.874788],[-87.666161,41.875096],[-87.664357,41.875127],[-87.664347,41.874788]]]}},{"type":"Feature","properties":{"name":"One Six Six","levels":null,"area":289},"geometry":{"type":"Polygon","coordinates":[[[-87.654576,41.884718],[-87.655008,41.884835],[-87.65459,41.885135],[-87.654576,41.884718]]]}},{"type":"Feature","properties":{"name":"1221 West Washington","levels":null,"area":239},"geometry":{"type":"Polygon","coordinates":[[[-87.657708,41.882316],[-87.657356,41.882862],[-87.657342,41.882322],[-87.657708,41.882316]]]}},{"type":"Feature","properties":{"name":"Madison+Carpenter","levels":null,"area":176},"geometry":{"type":"Polygon","coordinates":[[[-87.653874,41.881788],[-87.653341,41.882066],[-87.65333,41.881793],[-87.653874,41.881788]]]}},{"type":"Feature","properties":{"name":"The Elizabeth","levels":null,"area":420},"geometry":{"type":"Polygon","coordinates":[[[-87.657818,41.886114],[-87.658719,41.886501],[-87.657829,41.886559],[-87.657818,41.886114]]]}},{"type":"Feature","properties":{"name":"Arthur on Aberdeen","levels":null,"area":469},"geometry":{"type":"Polygon","coordinates":[[[-87.655537,41.885978],[-87.654614,41.886202],[-87.654592,41.885654],[-87.655537,41.885978]]]}},{"type":"Feature","properties":{"name":"Sage West Loop","levels":null,"area":213},"geometry":{"type":"Polygon","coordinates":[[[-87.65393,41.877161],[-87.653556,41.876671],[-87.653921,41.876666],[-87.65393,41.877161]]]}},{"type":"Feature","properties":{"name":"RUSH Specialty Hospital - Inpatient Rehabilitation","levels":null,"area":351},"geometry":{"type":"Polygon","coordinates":[[[-87.661998,41.874341],[-87.662341,41.875151],[-87.661978,41.875155],[-87.661998,41.874341]]]}},{"type":"Feature","properties":{"name":null,"levels":null,"area":208},"geometry":{"type":"Polygon","coordinates":[[[-87.662126,41.887547],[-87.66164,41.887941],[-87.661744,41.887554],[-87.662126,41.887547]]]}},{"type":"Feature","properties":{"name":null,"levels":null,"area":212},"geometry":{"type":"Polygon","coordinates":[[[-87.667142,41.885182],[-87.667434,41.884619],[-87.667445,41.885179],[-87.667142,41.885182]]]}},{"type":"Feature","properties":{"name":null,"levels":null,"area":309},"geometry":{"type":"Polygon","coordinates":[[[-87.661371,41.886517],[-87.660915,41.885941],[-87.661357,41.885935],[-87.661371,41.886517]]]}},{"type":"Feature","properties":{"name":"CA3 Condominiums","levels":null,"area":316},"geometry":{"type":"Polygon","coordinates":[[[-87.654759,41.879194],[-87.655261,41.879699],[-87.654771,41.879706],[-87.654759,41.879194]]]}},{"type":"Feature","properties":{"name":"Michelle Obama Athletic Complex","levels":null,"area":1771},"geometry":{"type":"Polygon","coordinates":[[[-87.662092,41.879076],[-87.663478,41.880144],[-87.662121,41.880161],[-87.662092,41.879076]]]}},{"type":"Feature","properties":{"name":null,"levels":null,"area":188},"geometry":{"type":"Polygon","coordinates":[[[-87.657994,41.877085],[-87.657608,41.876609],[-87.657977,41.876603],[-87.657994,41.877085]]]}},{"type":"Feature","properties":{"name":"Ashland 224","levels":null,"area":257},"geometry":{"type":"Polygon","coordinates":[[[-87.666903,41.878303],[-87.667617,41.877985],[-87.66762,41.878294],[-87.666903,41.878303]]]}},{"type":"Feature","properties":{"name":null,"levels":null,"area":230},"geometry":{"type":"Polygon","coordinates":[[[-87.670482,41.874866],[-87.669887,41.874449],[-87.670468,41.87444],[-87.670482,41.874866]]]}},{"type":"Feature","properties":{"name":"Mariano's Fresh Market","levels":null,"area":661},"geometry":{"type":"Polygon","coordinates":[[[-87.677831,41.89578],[-87.678891,41.895252],[-87.678943,41.895767],[-87.677831,41.89578]]]}},{"type":"Feature","properties":{"name":null,"levels":null,"area":277},"geometry":{"type":"Polygon","coordinates":[[[-87.663378,41.887532],[-87.662644,41.88799],[-87.662637,41.887655],[-87.663378,41.887532]]]}},{"type":"Feature","properties":{"name":null,"levels":null,"area":866},"geometry":{"type":"Polygon","coordinates":[[[-87.664209,41.890047],[-87.662369,41.890454],[-87.66236,41.89006],[-87.664209,41.890047]]]}},{"type":"Feature","properties":{"name":null,"levels":null,"area":339},"geometry":{"type":"Polygon","coordinates":[[[-87.66375,41.889403],[-87.664449,41.889825],[-87.663754,41.889828],[-87.66375,41.889403]]]}},{"type":"Feature","properties":{"name":null,"levels":null,"area":179},"geometry":{"type":"Polygon","coordinates":[[[-87.66468,41.88962],[-87.665342,41.8894],[-87.665345,41.889591],[-87.66468,41.88962]]]}},{"type":"Feature","properties":{"name":null,"levels":null,"area":808},"geometry":{"type":"Polygon","coordinates":[[[-87.665615,41.890021],[-87.666943,41.890511],[-87.665624,41.890532],[-87.665615,41.890021]]]}},{"type":"Feature","properties":{"name":null,"levels":null,"area":237},"geometry":{"type":"Polygon","coordinates":[[[-87.666002,41.889309],[-87.665604,41.889793],[-87.665589,41.889314],[-87.666002,41.889309]]]}},{"type":"Feature","properties":{"name":null,"levels":null,"area":470},"geometry":{"type":"Polygon","coordinates":[[[-87.666853,41.887482],[-87.665628,41.887815],[-87.665621,41.887499],[-87.666853,41.887482]]]}},{"type":"Feature","properties":{"name":null,"levels":null,"area":158},"geometry":{"type":"Polygon","coordinates":[[[-87.668597,41.887379],[-87.668273,41.887725],[-87.668073,41.887386],[-87.668597,41.887379]]]}},{"type":"Feature","properties":{"name":null,"levels":null,"area":178},"geometry":{"type":"Polygon","coordinates":[[[-87.670173,41.889927],[-87.669671,41.890229],[-87.669664,41.889965],[-87.670173,41.889927]]]}},{"type":"Feature","properties":{"name":null,"levels":null,"area":294},"geometry":{"type":"Polygon","coordinates":[[[-87.673687,41.889879],[-87.672589,41.890173],[-87.67258,41.889896],[-87.673687,41.889879]]]}},{"type":"Feature","properties":{"name":null,"levels":null,"area":301},"geometry":{"type":"Polygon","coordinates":[[[-87.674016,41.887815],[-87.673473,41.888163],[-87.673098,41.887829],[-87.674016,41.887815]]]}},{"type":"Feature","properties":{"name":null,"levels":null,"area":395},"geometry":{"type":"Polygon","coordinates":[[[-87.673738,41.889298],[-87.673058,41.888831],[-87.673757,41.888821],[-87.673738,41.889298]]]}},{"type":"Feature","properties":{"name":null,"levels":null,"area":352},"geometry":{"type":"Polygon","coordinates":[[[-87.67523,41.887792],[-87.674518,41.88818],[-87.674499,41.887824],[-87.67523,41.887792]]]}},{"type":"Feature","properties":{"name":null,"levels":null,"area":158},"geometry":{"type":"Polygon","coordinates":[[[-87.675312,41.888795],[-87.674766,41.888998],[-87.674526,41.888808],[-87.675312,41.888795]]]}},{"type":"Feature","properties":{"name":null,"levels":null,"area":221},"geometry":{"type":"Polygon","coordinates":[[[-87.676692,41.887768],[-87.676158,41.888116],[-87.676149,41.887777],[-87.676692,41.887768]]]}},{"type":"Feature","properties":{"name":null,"levels":null,"area":203},"geometry":{"type":"Polygon","coordinates":[[[-87.676726,41.88983],[-87.676359,41.890246],[-87.676339,41.88984],[-87.676726,41.88983]]]}},{"type":"Feature","properties":{"name":null,"levels":null,"area":241},"geometry":{"type":"Polygon","coordinates":[[[-87.676945,41.887769],[-87.67751,41.888145],[-87.67696,41.888155],[-87.676945,41.887769]]]}},{"type":"Feature","properties":{"name":null,"levels":null,"area":167},"geometry":{"type":"Polygon","coordinates":[[[-87.678043,41.887751],[-87.677698,41.888143],[-87.677684,41.887758],[-87.678043,41.887751]]]}},{"type":"Feature","properties":{"name":null,"levels":null,"area":238},"geometry":{"type":"Polygon","coordinates":[[[-87.678476,41.888978],[-87.678165,41.88958],[-87.678145,41.888985],[-87.678476,41.888978]]]}},{"type":"Feature","properties":{"name":null,"levels":null,"area":175},"geometry":{"type":"Polygon","coordinates":[[[-87.678599,41.887744],[-87.67816,41.888079],[-87.67815,41.88775],[-87.678599,41.887744]]]}},{"type":"Feature","properties":{"name":null,"levels":null,"area":154},"geometry":{"type":"Polygon","coordinates":[[[-87.679,41.890041],[-87.678501,41.88995],[-87.679,41.889781],[-87.679,41.890041]]]}},{"type":"Feature","properties":{"name":null,"levels":null,"area":154},"geometry":{"type":"Polygon","coordinates":[[[-87.679,41.887736],[-87.678766,41.888073],[-87.678757,41.887739],[-87.679,41.887736]]]}},{"type":"Feature","properties":{"name":null,"levels":null,"area":220},"geometry":{"type":"Polygon","coordinates":[[[-87.666188,41.887862],[-87.665637,41.888192],[-87.665629,41.887868],[-87.666188,41.887862]]]}},{"type":"Feature","properties":{"name":null,"levels":null,"area":323},"geometry":{"type":"Polygon","coordinates":[[[-87.661496,41.888021],[-87.662409,41.888226],[-87.661308,41.888292],[-87.661496,41.888021]]]}},{"type":"Feature","properties":{"name":null,"levels":null,"area":177},"geometry":{"type":"Polygon","coordinates":[[[-87.664935,41.8882],[-87.6654,41.887878],[-87.665409,41.888192],[-87.664935,41.8882]]]}},{"type":"Feature","properties":{"name":null,"levels":null,"area":235},"geometry":{"type":"Polygon","coordinates":[[[-87.667948,41.889206],[-87.667269,41.888925],[-87.66794,41.888914],[-87.667948,41.889206]]]}},{"type":"Feature","properties":{"name":null,"levels":null,"area":157},"geometry":{"type":"Polygon","coordinates":[[[-87.671313,41.888862],[-87.670847,41.889147],[-87.670841,41.888873],[-87.671313,41.888862]]]}},{"type":"Feature","properties":{"name":null,"levels":null,"area":1401},"geometry":{"type":"Polygon","coordinates":[[[-87.66284,41.888932],[-87.663712,41.889832],[-87.662339,41.889235],[-87.66284,41.888932]]]}},{"type":"Feature","properties":{"name":null,"levels":null,"area":165},"geometry":{"type":"Polygon","coordinates":[[[-87.665991,41.888967],[-87.665589,41.88931],[-87.665579,41.88898],[-87.665991,41.888967]]]}},{"type":"Feature","properties":{"name":null,"levels":null,"area":592},"geometry":{"type":"Polygon","coordinates":[[[-87.676228,41.888775],[-87.675489,41.889657],[-87.675465,41.888795],[-87.676228,41.888775]]]}},{"type":"Feature","properties":{"name":null,"levels":null,"area":164},"geometry":{"type":"Polygon","coordinates":[[[-87.667279,41.889218],[-87.66759,41.889515],[-87.667289,41.889521],[-87.667279,41.889218]]]}},{"type":"Feature","properties":{"name":null,"levels":null,"area":152},"geometry":{"type":"Polygon","coordinates":[[[-87.672544,41.889049],[-87.6721,41.889338],[-87.672089,41.889059],[-87.672544,41.889049]]]}},{"type":"Feature","properties":{"name":null,"levels":null,"area":446},"geometry":{"type":"Polygon","coordinates":[[[-87.671845,41.888996],[-87.67132,41.889733],[-87.671376,41.889004],[-87.671845,41.888996]]]}},{"type":"Feature","properties":{"name":null,"levels":null,"area":250},"geometry":{"type":"Polygon","coordinates":[[[-87.672097,41.889381],[-87.672821,41.889713],[-87.672109,41.889727],[-87.672097,41.889381]]]}},{"type":"Feature","properties":{"name":null,"levels":null,"area":238},"geometry":{"type":"Polygon","coordinates":[[[-87.677755,41.888745],[-87.677662,41.88882],[-87.676969,41.888759],[-87.677755,41.888745]]]}},{"type":"Feature","properties":{"name":null,"levels":null,"area":195},"geometry":{"type":"Polygon","coordinates":[[[-87.673687,41.889879],[-87.674226,41.890348],[-87.673698,41.890344],[-87.673687,41.889879]]]}},{"type":"Feature","properties":{"name":null,"levels":null,"area":1080},"geometry":{"type":"Polygon","coordinates":[[[-87.667588,41.889977],[-87.669447,41.890297],[-87.66732,41.890549],[-87.667588,41.889977]]]}},{"type":"Feature","properties":{"name":"West Town Branch Library","levels":null,"area":274},"geometry":{"type":"Polygon","coordinates":[[[-87.668014,41.895622],[-87.668719,41.895939],[-87.668023,41.895951],[-87.668014,41.895622]]]}},{"type":"Feature","properties":{"name":"Erie Neighborhood House","levels":null,"area":202},"geometry":{"type":"Polygon","coordinates":[[[-87.670309,41.894685],[-87.669803,41.895019],[-87.669793,41.894694],[-87.670309,41.894685]]]}},{"type":"Feature","properties":{"name":null,"levels":null,"area":211},"geometry":{"type":"Polygon","coordinates":[[[-87.670373,41.891024],[-87.670133,41.891708],[-87.670112,41.891028],[-87.670373,41.891024]]]}},{"type":"Feature","properties":{"name":null,"levels":null,"area":184},"geometry":{"type":"Polygon","coordinates":[[[-87.67273,41.895536],[-87.672286,41.895882],[-87.672277,41.895544],[-87.67273,41.895536]]]}},{"type":"Feature","properties":{"name":null,"levels":null,"area":452},"geometry":{"type":"Polygon","coordinates":[[[-87.673498,41.892453],[-87.674402,41.893122],[-87.673523,41.892753],[-87.673498,41.892453]]]}},{"type":"Feature","properties":{"name":null,"levels":null,"area":269},"geometry":{"type":"Polygon","coordinates":[[[-87.675462,41.89094],[-87.6746,41.891212],[-87.674592,41.890954],[-87.675462,41.89094]]]}},{"type":"Feature","properties":{"name":null,"levels":null,"area":215},"geometry":{"type":"Polygon","coordinates":[[[-87.67634,41.890931],[-87.675658,41.891202],[-87.675652,41.89094],[-87.67634,41.890931]]]}},{"type":"Feature","properties":{"name":null,"levels":null,"area":363},"geometry":{"type":"Polygon","coordinates":[[[-87.664902,41.891271],[-87.665322,41.891975],[-87.664996,41.89207],[-87.664902,41.891271]]]}},{"type":"Feature","properties":{"name":"Holy Innocents Catholic Church","levels":null,"area":173},"geometry":{"type":"Polygon","coordinates":[[[-87.664777,41.895298],[-87.665477,41.895497],[-87.664784,41.895523],[-87.664777,41.895298]]]}},{"type":"Feature","properties":{"name":null,"levels":null,"area":163},"geometry":{"type":"Polygon","coordinates":[[[-87.662637,41.899943],[-87.66311,41.900217],[-87.662645,41.90022],[-87.662637,41.899943]]]}},{"type":"Feature","properties":{"name":"Bear Stewart Corporation","levels":null,"area":341},"geometry":{"type":"Polygon","coordinates":[[[-87.676581,41.899923],[-87.677055,41.900531],[-87.6766,41.900539],[-87.676581,41.899923]]]}},{"type":"Feature","properties":{"name":null,"levels":null,"area":207},"geometry":{"type":"Polygon","coordinates":[[[-87.663982,41.899887],[-87.663313,41.900148],[-87.663177,41.8999],[-87.663982,41.899887]]]}},{"type":"Feature","properties":{"name":null,"levels":null,"area":155},"geometry":{"type":"Polygon","coordinates":[[[-87.665437,41.896527],[-87.66498,41.896241],[-87.665416,41.896212],[-87.665437,41.896527]]]}},{"type":"Feature","properties":{"name":null,"levels":null,"area":159},"geometry":{"type":"Polygon","coordinates":[[[-87.670937,41.899203],[-87.670571,41.899566],[-87.670579,41.899208],[-87.670937,41.899203]]]}},{"type":"Feature","properties":{"name":"Lidia Pucinska Apartments","levels":null,"area":175},"geometry":{"type":"Polygon","coordinates":[[[-87.664433,41.897302],[-87.664754,41.897718],[-87.664015,41.897731],[-87.664433,41.897302]]]}},{"type":"Feature","properties":{"name":null,"levels":null,"area":723},"geometry":{"type":"Polygon","coordinates":[[[-87.667614,41.898648],[-87.668454,41.899589],[-87.667658,41.899614],[-87.667614,41.898648]]]}},{"type":"Feature","properties":{"name":"1K Fulton","levels":null,"area":473},"geometry":{"type":"Polygon","coordinates":[[[-87.652777,41.887666],[-87.652304,41.886844],[-87.652768,41.886841],[-87.652777,41.887666]]]}},{"type":"Feature","properties":{"name":null,"levels":null,"area":206},"geometry":{"type":"Polygon","coordinates":[[[-87.653084,41.891014],[-87.653324,41.890468],[-87.653334,41.891011],[-87.653084,41.891014]]]}},{"type":"Feature","properties":{"name":null,"levels":null,"area":183},"geometry":{"type":"Polygon","coordinates":[[[-87.662118,41.890045],[-87.661759,41.890464],[-87.661747,41.890052],[-87.662118,41.890045]]]}},{"type":"Feature","properties":{"name":"The Emily Hotel","levels":null,"area":336},"geometry":{"type":"Polygon","coordinates":[[[-87.651605,41.887161],[-87.652079,41.887828],[-87.651625,41.887835],[-87.651605,41.887161]]]}},{"type":"Feature","properties":{"name":null,"levels":null,"area":350},"geometry":{"type":"Polygon","coordinates":[[[-87.657457,41.88901],[-87.658385,41.889464],[-87.657471,41.88948],[-87.657457,41.88901]]]}},{"type":"Feature","properties":{"name":null,"levels":null,"area":410},"geometry":{"type":"Polygon","coordinates":[[[-87.655863,41.889015],[-87.656584,41.889418],[-87.655876,41.889548],[-87.655863,41.889015]]]}},{"type":"Feature","properties":{"name":"Morgan MFG","levels":null,"area":447},"geometry":{"type":"Polygon","coordinates":[[[-87.6512,41.88906],[-87.651654,41.889197],[-87.651218,41.889707],[-87.6512,41.88906]]]}},{"type":"Feature","properties":{"name":null,"levels":null,"area":191},"geometry":{"type":"Polygon","coordinates":[[[-87.658824,41.888977],[-87.658474,41.889422],[-87.65846,41.888983],[-87.658824,41.888977]]]}},{"type":"Feature","properties":{"name":null,"levels":null,"area":157},"geometry":{"type":"Polygon","coordinates":[[[-87.654462,41.889378],[-87.654038,41.889688],[-87.654032,41.889383],[-87.654462,41.889378]]]}},{"type":"Feature","properties":{"name":"Eckhart Fieldhouse","levels":null,"area":219},"geometry":{"type":"Polygon","coordinates":[[[-87.661739,41.896423],[-87.661055,41.89671],[-87.661052,41.89657],[-87.661739,41.896423]]]}},{"type":"Feature","properties":{"name":"SA & J Electronics","levels":null,"area":298},"geometry":{"type":"Polygon","coordinates":[[[-87.651716,41.900277],[-87.651811,41.900831],[-87.651347,41.900673],[-87.651716,41.900277]]]}},{"type":"Feature","properties":{"name":null,"levels":null,"area":405},"geometry":{"type":"Polygon","coordinates":[[[-87.65119,41.899991],[-87.651336,41.900684],[-87.650762,41.900383],[-87.65119,41.899991]]]}},{"type":"Feature","properties":{"name":"Inspire West Town","levels":null,"area":228},"geometry":{"type":"Polygon","coordinates":[[[-87.656125,41.893407],[-87.656514,41.893784],[-87.65601,41.893481],[-87.656125,41.893407]]]}},{"type":"Feature","properties":{"name":null,"levels":null,"area":177},"geometry":{"type":"Polygon","coordinates":[[[-87.656414,41.891663],[-87.656795,41.892072],[-87.656428,41.892079],[-87.656414,41.891663]]]}},{"type":"Feature","properties":{"name":null,"levels":null,"area":267},"geometry":{"type":"Polygon","coordinates":[[[-87.65761,41.900294],[-87.656797,41.900582],[-87.656787,41.900311],[-87.65761,41.900294]]]}},{"type":"Feature","properties":{"name":"Ogden International High School","levels":null,"area":575},"geometry":{"type":"Polygon","coordinates":[[[-87.658367,41.894258],[-87.659545,41.89368],[-87.659556,41.894237],[-87.658367,41.894258]]]}},{"type":"Feature","properties":{"name":null,"levels":null,"area":255},"geometry":{"type":"Polygon","coordinates":[[[-87.662163,41.891554],[-87.661603,41.892181],[-87.661594,41.891836],[-87.662163,41.891554]]]}},{"type":"Feature","properties":{"name":null,"levels":null,"area":266},"geometry":{"type":"Polygon","coordinates":[[[-87.660664,41.891546],[-87.660185,41.892034],[-87.660174,41.891554],[-87.660664,41.891546]]]}},{"type":"Feature","properties":{"name":null,"levels":null,"area":218},"geometry":{"type":"Polygon","coordinates":[[[-87.654902,41.89448],[-87.654326,41.894791],[-87.654313,41.894485],[-87.654902,41.89448]]]}},{"type":"Feature","properties":{"name":"Former Motley Elementary School","levels":null,"area":183},"geometry":{"type":"Polygon","coordinates":[[[-87.660978,41.895193],[-87.661279,41.895641],[-87.66093,41.895697],[-87.660978,41.895193]]]}},{"type":"Feature","properties":{"name":null,"levels":null,"area":204},"geometry":{"type":"Polygon","coordinates":[[[-87.654256,41.894941],[-87.654382,41.895441],[-87.653979,41.89518],[-87.654256,41.894941]]]}},{"type":"Feature","properties":{"name":"CVS Pharmacy","levels":null,"area":176},"geometry":{"type":"Polygon","coordinates":[[[-87.653847,41.896183],[-87.65438,41.895905],[-87.654354,41.896172],[-87.653847,41.896183]]]}},{"type":"Feature","properties":{"name":"Saint John Cantius Roman Catholic Church","levels":null,"area":220},"geometry":{"type":"Polygon","coordinates":[[[-87.652687,41.896695],[-87.653351,41.896972],[-87.652693,41.896991],[-87.652687,41.896695]]]}},{"type":"Feature","properties":{"name":null,"levels":null,"area":176},"geometry":{"type":"Polygon","coordinates":[[[-87.656689,41.896565],[-87.656835,41.897038],[-87.656445,41.89678],[-87.656689,41.896565]]]}},{"type":"Feature","properties":{"name":null,"levels":null,"area":637},"geometry":{"type":"Polygon","coordinates":[[[-87.650741,41.901],[-87.650768,41.900647],[-87.651498,41.901],[-87.650741,41.901]]]}},{"type":"Feature","properties":{"name":null,"levels":null,"area":166},"geometry":{"type":"Polygon","coordinates":[[[-87.651394,41.898024],[-87.651034,41.898301],[-87.651016,41.897903],[-87.651394,41.898024]]]}},{"type":"Feature","properties":{"name":null,"levels":null,"area":233},"geometry":{"type":"Polygon","coordinates":[[[-87.651242,41.894237],[-87.65158,41.894937],[-87.65129,41.894941],[-87.651242,41.894237]]]}},{"type":"Feature","properties":{"name":null,"levels":null,"area":750},"geometry":{"type":"Polygon","coordinates":[[[-87.65249,41.895571],[-87.651444,41.89622],[-87.651433,41.895857],[-87.65249,41.895571]]]}},{"type":"Feature","properties":{"name":null,"levels":null,"area":212},"geometry":{"type":"Polygon","coordinates":[[[-87.651861,41.895116],[-87.652498,41.895392],[-87.651871,41.895396],[-87.651861,41.895116]]]}},{"type":"Feature","properties":{"name":"The Residences at St. Boniface","levels":null,"area":162},"geometry":{"type":"Polygon","coordinates":[[[-87.66161,41.89808],[-87.662015,41.898416],[-87.661622,41.898424],[-87.66161,41.89808]]]}},{"type":"Feature","properties":{"name":null,"levels":null,"area":283},"geometry":{"type":"Polygon","coordinates":[[[-87.674208,41.89608],[-87.673136,41.89637],[-87.67312,41.896095],[-87.674208,41.89608]]]}},{"type":"Feature","properties":{"name":"The Ace on Ashland","levels":null,"area":164},"geometry":{"type":"Polygon","coordinates":[[[-87.667219,41.900076],[-87.666867,41.900461],[-87.666862,41.900079],[-87.667219,41.900076]]]}},{"type":"Feature","properties":{"name":"Spoke Apartments","levels":null,"area":351},"geometry":{"type":"Polygon","coordinates":[[[-87.653455,41.895379],[-87.652743,41.895192],[-87.653164,41.894937],[-87.653455,41.895379]]]}},{"type":"Feature","properties":{"name":"Spoke Apartments","levels":null,"area":421},"geometry":{"type":"Polygon","coordinates":[[[-87.653449,41.895708],[-87.652783,41.896198],[-87.652743,41.895622],[-87.653449,41.895708]]]}},{"type":"Feature","properties":{"name":"Avenir","levels":null,"area":153},"geometry":{"type":"Polygon","coordinates":[[[-87.653691,41.894849],[-87.653979,41.89518],[-87.653688,41.894995],[-87.653691,41.894849]]]}},{"type":"Feature","properties":{"name":null,"levels":null,"area":171},"geometry":{"type":"Polygon","coordinates":[[[-87.673105,41.888105],[-87.672582,41.887836],[-87.673098,41.887829],[-87.673105,41.888105]]]}},{"type":"Feature","properties":{"name":"Fletcher Jones Chicago Service Center","levels":null,"area":980},"geometry":{"type":"Polygon","coordinates":[[[-87.654956,41.899613],[-87.653905,41.898751],[-87.655177,41.899019],[-87.654956,41.899613]]]}},{"type":"Feature","properties":{"name":"Walton Rowhouses","levels":null,"area":559},"geometry":{"type":"Polygon","coordinates":[[[-87.662371,41.899307],[-87.660767,41.899005],[-87.662361,41.898974],[-87.662371,41.899307]]]}},{"type":"Feature","properties":{"name":"320 N Sangamon","levels":null,"area":292},"geometry":{"type":"Polygon","coordinates":[[[-87.65116,41.887151],[-87.651562,41.887779],[-87.651184,41.887784],[-87.65116,41.887151]]]}},{"type":"Feature","properties":{"name":null,"levels":null,"area":169},"geometry":{"type":"Polygon","coordinates":[[[-87.656738,41.89012],[-87.656394,41.890523],[-87.656389,41.890126],[-87.656738,41.89012]]]}},{"type":"Feature","properties":{"name":"345 N Morgan","levels":null,"area":275},"geometry":{"type":"Polygon","coordinates":[[[-87.65209,41.887904],[-87.651615,41.888379],[-87.651605,41.887909],[-87.65209,41.887904]]]}},{"type":"Feature","properties":{"name":"Westerly","levels":null,"area":320},"geometry":{"type":"Polygon","coordinates":[[[-87.655537,41.894938],[-87.654671,41.895046],[-87.654764,41.894856],[-87.655537,41.894938]]]}},{"type":"Feature","properties":{"name":"Nevele22","levels":null,"area":210},"geometry":{"type":"Polygon","coordinates":[[[-87.656689,41.896565],[-87.655859,41.896396],[-87.655877,41.89637],[-87.656689,41.896565]]]}},{"type":"Feature","properties":{"name":"Fulton Labs","levels":null,"area":501},"geometry":{"type":"Polygon","coordinates":[[[-87.655621,41.889531],[-87.654771,41.889072],[-87.655605,41.889055],[-87.655621,41.889531]]]}},{"type":"Feature","properties":{"name":"Flora","levels":null,"area":239},"geometry":{"type":"Polygon","coordinates":[[[-87.655533,41.887934],[-87.655007,41.888296],[-87.655012,41.887963],[-87.655533,41.887934]]]}},{"type":"Feature","properties":{"name":null,"levels":null,"area":208},"geometry":{"type":"Polygon","coordinates":[[[-87.662126,41.887547],[-87.66164,41.887941],[-87.661744,41.887554],[-87.662126,41.887547]]]}},{"type":"Feature","properties":{"name":null,"levels":null,"area":344},"geometry":{"type":"Polygon","coordinates":[[[-87.656844,41.901],[-87.657305,41.90078],[-87.657312,41.901],[-87.656844,41.901]]]}},{"type":"Feature","properties":{"name":null,"levels":null,"area":349},"geometry":{"type":"Polygon","coordinates":[[[-87.652441,41.888934],[-87.653265,41.888573],[-87.653274,41.888923],[-87.652441,41.888934]]]}},{"type":"Feature","properties":{"name":null,"levels":null,"area":218},"geometry":{"type":"Polygon","coordinates":[[[-87.664682,41.895665],[-87.664155,41.896011],[-87.664146,41.895673],[-87.664682,41.895665]]]}},{"type":"Feature","properties":{"name":null,"levels":null,"area":208},"geometry":{"type":"Polygon","coordinates":[[[-87.655154,41.891225],[-87.654531,41.891424],[-87.654535,41.891231],[-87.655154,41.891225]]]}},{"type":"Feature","properties":{"name":"Student Residence Commons Courtyard","levels":null,"area":420},"geometry":{"type":"Polygon","coordinates":[[[-87.648107,41.873697],[-87.648701,41.874248],[-87.647372,41.874124],[-87.647573,41.873662],[-87.648107,41.873697]],[[-87.648346,41.874172],[-87.64792,41.873836],[-87.647627,41.87407],[-87.648346,41.874172]]]}},{"type":"Feature","properties":{"name":"Michigan Avenue Lofts","levels":null,"area":367},"geometry":{"type":"Polygon","coordinates":[[[-87.6244,41.870139],[-87.625251,41.870485],[-87.624408,41.870503],[-87.6244,41.870139]]]}},{"type":"Feature","properties":{"name":"Pacific Garden Mission","levels":null,"area":765},"geometry":{"type":"Polygon","coordinates":[[[-87.639321,41.861904],[-87.63968,41.861599],[-87.640455,41.861587],[-87.640056,41.862363],[-87.639321,41.861904]],[[-87.6397,41.8621],[-87.639945,41.861892],[-87.639695,41.861896],[-87.6397,41.8621]]]}},{"type":"Feature","properties":{"name":"Inspection Building","levels":null,"area":742},"geometry":{"type":"Polygon","coordinates":[[[-87.636259,41.865332],[-87.636485,41.868309],[-87.636056,41.865348],[-87.636259,41.865332]]]}},{"type":"Feature","properties":{"name":"The Cooper","levels":null,"area":445},"geometry":{"type":"Polygon","coordinates":[[[-87.634238,41.872216],[-87.633736,41.872894],[-87.633719,41.872219],[-87.634238,41.872216]]]}},{"type":"Feature","properties":{"name":"Marie Robinson Hall","levels":null,"area":513},"geometry":{"type":"Polygon","coordinates":[[[-87.647839,41.864671],[-87.646975,41.864588],[-87.646954,41.863914],[-87.647819,41.863906],[-87.647839,41.864671]],[[-87.647631,41.864048],[-87.647172,41.864545],[-87.647643,41.864538],[-87.647631,41.864048]]]}},{"type":"Feature","properties":{"name":"Thomas Beckham Hall","levels":null,"area":820},"geometry":{"type":"Polygon","coordinates":[[[-87.647808,41.865824],[-87.647057,41.866637],[-87.647002,41.864981],[-87.647791,41.864913],[-87.647808,41.865824]],[[-87.647598,41.865015],[-87.647214,41.865701],[-87.647628,41.865691],[-87.647598,41.865015]]]}},{"type":"Feature","properties":{"name":"Science and Engineering - South","levels":null,"area":1301},"geometry":{"type":"Polygon","coordinates":[[[-87.649146,41.869001],[-87.647678,41.869368],[-87.647257,41.868899],[-87.648803,41.868534],[-87.649146,41.869001]],[[-87.648872,41.868954],[-87.648757,41.868923],[-87.648792,41.868981],[-87.648872,41.868954]]]}},{"type":"Feature","properties":{"name":null,"levels":null,"area":512},"geometry":{"type":"Polygon","coordinates":[[[-87.632208,41.869963],[-87.632814,41.870643],[-87.632237,41.870662],[-87.632208,41.869963]]]}},{"type":"Feature","properties":{"name":"Lofts at Rosevelt Collection West","levels":null,"area":376},"geometry":{"type":"Polygon","coordinates":[[[-87.632963,41.867503],[-87.633162,41.868658],[-87.63292,41.868661],[-87.632963,41.867503]]]}},{"type":"Feature","properties":{"name":"River City","levels":null,"area":1432},"geometry":{"type":"Polygon","coordinates":[[[-87.633699,41.872068],[-87.634867,41.870898],[-87.63462,41.871995],[-87.633699,41.872068]],[[-87.633889,41.871978],[-87.634008,41.871918],[-87.63386,41.871949],[-87.633889,41.871978]]]}},{"type":"Feature","properties":{"name":"McDonald\u2019s Park","levels":null,"area":2734},"geometry":{"type":"Polygon","coordinates":[[[-87.633066,41.865877],[-87.631111,41.865911],[-87.631056,41.864142],[-87.633011,41.864108],[-87.633066,41.865877]],[[-87.632565,41.864408],[-87.631588,41.865595],[-87.632595,41.865581],[-87.632565,41.864408]]]}},{"type":"Feature","properties":{"name":null,"levels":null,"area":539},"geometry":{"type":"Polygon","coordinates":[[[-87.635458,41.861389],[-87.63602,41.862112],[-87.635325,41.862216],[-87.635458,41.861389]]]}},{"type":"Feature","properties":{"name":"Amtrak Car Shop","levels":null,"area":672},"geometry":{"type":"Polygon","coordinates":[[[-87.63677,41.862759],[-87.636157,41.863652],[-87.636133,41.862769],[-87.63677,41.862759]]]}},{"type":"Feature","properties":{"name":"Metra Car Shop","levels":null,"area":1307},"geometry":{"type":"Polygon","coordinates":[[[-87.638977,41.863497],[-87.638217,41.865079],[-87.638748,41.863501],[-87.638977,41.863497]]]}},{"type":"Feature","properties":{"name":null,"levels":null,"area":432},"geometry":{"type":"Polygon","coordinates":[[[-87.640587,41.86649],[-87.640133,41.865507],[-87.640543,41.8655],[-87.640587,41.86649]]]}},{"type":"Feature","properties":{"name":"Extra Space Storage","levels":null,"area":380},"geometry":{"type":"Polygon","coordinates":[[[-87.644032,41.874272],[-87.644497,41.873621],[-87.644526,41.874267],[-87.644032,41.874272]]]}},{"type":"Feature","properties":{"name":"Chicago Central Processing & Distribution Operations","levels":null,"area":6388},"geometry":{"type":"Polygon","coordinates":[[[-87.639192,41.872148],[-87.636658,41.874105],[-87.636886,41.872194],[-87.639192,41.872148]]]}},{"type":"Feature","properties":{"name":"Donohue Building","levels":null,"area":180},"geometry":{"type":"Polygon","coordinates":[[[-87.628999,41.872794],[-87.628755,41.873365],[-87.628733,41.872798],[-87.628999,41.872794]]]}},{"type":"Feature","properties":{"name":"Terraces of Dearborn Park","levels":null,"area":491},"geometry":{"type":"Polygon","coordinates":[[[-87.628433,41.871114],[-87.627762,41.872145],[-87.627736,41.871123],[-87.628433,41.871114]]]}},{"type":"Feature","properties":{"name":"Jewel-Osco","levels":null,"area":853},"geometry":{"type":"Polygon","coordinates":[[[-87.640463,41.863865],[-87.639312,41.864433],[-87.639292,41.863827],[-87.640463,41.863865]]]}},{"type":"Feature","properties":{"name":"Student Recreation Facility","levels":null,"area":870},"geometry":{"type":"Polygon","coordinates":[[[-87.64679,41.873048],[-87.645961,41.872057],[-87.646799,41.872079],[-87.64679,41.873048]]]}},{"type":"Feature","properties":{"name":null,"levels":null,"area":850},"geometry":{"type":"Polygon","coordinates":[[[-87.625081,41.871957],[-87.624464,41.873074],[-87.624439,41.87197],[-87.625081,41.871957]]]}},{"type":"Feature","properties":{"name":"Columbia College 618 South Michigan Building","levels":null,"area":168},"geometry":{"type":"Polygon","coordinates":[[[-87.625118,41.873904],[-87.624482,41.873695],[-87.625113,41.873681],[-87.625118,41.873904]]]}},{"type":"Feature","properties":{"name":"Columbia College Chicago Alexandroff Campus Center","levels":null,"area":167},"geometry":{"type":"Polygon","coordinates":[[[-87.625126,41.874128],[-87.624497,41.874361],[-87.624494,41.87414],[-87.625126,41.874128]]]}},{"type":"Feature","properties":{"name":"The Blackstone, Autograph Collection","levels":null,"area":168},"geometry":{"type":"Polygon","coordinates":[[[-87.625109,41.873462],[-87.624472,41.873254],[-87.625105,41.873239],[-87.625109,41.873462]]]}},{"type":"Feature","properties":{"name":"Spertus Institute of Jewish Studies","levels":null,"area":170},"geometry":{"type":"Polygon","coordinates":[[[-87.625126,41.874128],[-87.624486,41.873918],[-87.625118,41.873904],[-87.625126,41.874128]]]}},{"type":"Feature","properties":{"name":"Columbia College South Campus Building","levels":null,"area":166},"geometry":{"type":"Polygon","coordinates":[[[-87.625113,41.873681],[-87.624479,41.873475],[-87.625109,41.873462],[-87.625113,41.873681]]]}},{"type":"Feature","properties":{"name":"Wabash Campus Building","levels":null,"area":253},"geometry":{"type":"Polygon","coordinates":[[[-87.625177,41.873568],[-87.625811,41.87389],[-87.625186,41.873902],[-87.625177,41.873568]]]}},{"type":"Feature","properties":{"name":"Hilton Conference Hall","levels":null,"area":368},"geometry":{"type":"Polygon","coordinates":[[[-87.625775,41.872386],[-87.625081,41.871957],[-87.625768,41.871943],[-87.625775,41.872386]]]}},{"type":"Feature","properties":{"name":"Best Western Grant Park Hotel","levels":null,"area":161},"geometry":{"type":"Polygon","coordinates":[[[-87.624375,41.869001],[-87.624999,41.869204],[-87.624376,41.869218],[-87.624375,41.869001]]]}},{"type":"Feature","properties":{"name":"Jewel-Osco","levels":null,"area":476},"geometry":{"type":"Polygon","coordinates":[[[-87.626531,41.86591],[-87.626029,41.866686],[-87.626009,41.865838],[-87.626531,41.86591]]]}},{"type":"Feature","properties":{"name":"The Columbian","levels":null,"area":202},"geometry":{"type":"Polygon","coordinates":[[[-87.624969,41.867884],[-87.624347,41.867624],[-87.624964,41.867613],[-87.624969,41.867884]]]}},{"type":"Feature","properties":{"name":"Hilton Parking","levels":null,"area":390},"geometry":{"type":"Polygon","coordinates":[[[-87.625794,41.873043],[-87.62515,41.872544],[-87.625778,41.872527],[-87.625794,41.873043]]]}},{"type":"Feature","properties":{"name":null,"levels":null,"area":374},"geometry":{"type":"Polygon","coordinates":[[[-87.629301,41.866473],[-87.628683,41.866982],[-87.628672,41.866481],[-87.629301,41.866473]]]}},{"type":"Feature","properties":{"name":"Dearborn Station","levels":null,"area":509},"geometry":{"type":"Polygon","coordinates":[[[-87.62951,41.871627],[-87.628741,41.872132],[-87.628738,41.871517],[-87.62951,41.871627]]]}},{"type":"Feature","properties":{"name":null,"levels":null,"area":187},"geometry":{"type":"Polygon","coordinates":[[[-87.628493,41.870722],[-87.627767,41.870926],[-87.627708,41.870754],[-87.628493,41.870722]]]}},{"type":"Feature","properties":{"name":"The Oaks","levels":null,"area":241},"geometry":{"type":"Polygon","coordinates":[[[-87.630368,41.872053],[-87.630252,41.871887],[-87.630399,41.87145],[-87.630368,41.872053]]]}},{"type":"Feature","properties":{"name":null,"levels":null,"area":392},"geometry":{"type":"Polygon","coordinates":[[[-87.627374,41.872512],[-87.626855,41.871922],[-87.627366,41.871927],[-87.627374,41.872512]]]}},{"type":"Feature","properties":{"name":null,"levels":null,"area":255},"geometry":{"type":"Polygon","coordinates":[[[-87.628411,41.868553],[-87.628188,41.868714],[-87.627671,41.868562],[-87.628411,41.868553]]]}},{"type":"Feature","properties":{"name":null,"levels":null,"area":271},"geometry":{"type":"Polygon","coordinates":[[[-87.630401,41.871099],[-87.629749,41.870674],[-87.630392,41.870603],[-87.630401,41.871099]]]}},{"type":"Feature","properties":{"name":null,"levels":null,"area":254},"geometry":{"type":"Polygon","coordinates":[[[-87.628395,41.867779],[-87.628171,41.86794],[-87.627656,41.867789],[-87.628395,41.867779]]]}},{"type":"Feature","properties":{"name":null,"levels":null,"area":255},"geometry":{"type":"Polygon","coordinates":[[[-87.628429,41.869327],[-87.628204,41.869487],[-87.62769,41.869334],[-87.628429,41.869327]]]}},{"type":"Feature","properties":{"name":null,"levels":null,"area":191},"geometry":{"type":"Polygon","coordinates":[[[-87.630374,41.86994],[-87.62974,41.870381],[-87.629732,41.870067],[-87.630374,41.86994]]]}},{"type":"Feature","properties":{"name":"Transportation Building","levels":null,"area":217},"geometry":{"type":"Polygon","coordinates":[[[-87.629576,41.874449],[-87.629332,41.873636],[-87.629554,41.873633],[-87.629576,41.874449]]]}},{"type":"Feature","properties":{"name":null,"levels":null,"area":205},"geometry":{"type":"Polygon","coordinates":[[[-87.629397,41.869948],[-87.628764,41.870391],[-87.628755,41.869951],[-87.629397,41.869948]]]}},{"type":"Feature","properties":{"name":null,"levels":null,"area":193},"geometry":{"type":"Polygon","coordinates":[[[-87.630178,41.86934],[-87.62954,41.869786],[-87.629528,41.869287],[-87.630178,41.86934]]]}},{"type":"Feature","properties":{"name":null,"levels":null,"area":214},"geometry":{"type":"Polygon","coordinates":[[[-87.629385,41.869293],[-87.628752,41.869798],[-87.628749,41.869363],[-87.629385,41.869293]]]}},{"type":"Feature","properties":{"name":null,"levels":null,"area":195},"geometry":{"type":"Polygon","coordinates":[[[-87.630162,41.868699],[-87.62953,41.869144],[-87.629517,41.868706],[-87.630162,41.868699]]]}},{"type":"Feature","properties":{"name":null,"levels":null,"area":196},"geometry":{"type":"Polygon","coordinates":[[[-87.628735,41.868718],[-87.629383,41.869145],[-87.628741,41.869096],[-87.628735,41.868718]]]}},{"type":"Feature","properties":{"name":"901 South Plymouth Court Garage","levels":null,"area":152},"geometry":{"type":"Polygon","coordinates":[[[-87.627983,41.869966],[-87.627711,41.870418],[-87.6277,41.869966],[-87.627983,41.869966]]]}},{"type":"Feature","properties":{"name":"Wells Street Tower","levels":null,"area":196},"geometry":{"type":"Polygon","coordinates":[[[-87.633499,41.873427],[-87.63312,41.872992],[-87.633493,41.872987],[-87.633499,41.873427]]]}},{"type":"Feature","properties":{"name":null,"levels":null,"area":711},"geometry":{"type":"Polygon","coordinates":[[[-87.63401,41.871665],[-87.634966,41.871088],[-87.634586,41.87201],[-87.63401,41.871665]]]}},{"type":"Feature","properties":{"name":"Vetro","levels":null,"area":284},"geometry":{"type":"Polygon","coordinates":[[[-87.633158,41.874396],[-87.633505,41.873739],[-87.633521,41.874391],[-87.633158,41.874396]]]}},{"type":"Feature","properties":{"name":"Paper Place","levels":null,"area":174},"geometry":{"type":"Polygon","coordinates":[[[-87.633453,41.871721],[-87.633076,41.872104],[-87.633065,41.871726],[-87.633453,41.871721]]]}},{"type":"Feature","properties":{"name":"Wells Place","levels":null,"area":406},"geometry":{"type":"Polygon","coordinates":[[[-87.633453,41.871721],[-87.633046,41.870828],[-87.633431,41.870823],[-87.633453,41.871721]]]}},{"type":"Feature","properties":{"name":"Patten Building","levels":null,"area":201},"geometry":{"type":"Polygon","coordinates":[[[-87.63308,41.874398],[-87.6327,41.873953],[-87.633073,41.87395],[-87.63308,41.874398]]]}},{"type":"Feature","properties":{"name":"Brock and Rankin Building","levels":null,"area":170},"geometry":{"type":"Polygon","coordinates":[[[-87.631577,41.873727],[-87.631219,41.874119],[-87.631211,41.873731],[-87.631577,41.873727]]]}},{"type":"Feature","properties":{"name":"Dwight Lofts","levels":null,"area":220},"geometry":{"type":"Polygon","coordinates":[[[-87.631164,41.874013],[-87.630793,41.873508],[-87.631155,41.873505],[-87.631164,41.874013]]]}},{"type":"Feature","properties":{"name":"Printer's Row Lofts","levels":null,"area":256},"geometry":{"type":"Polygon","coordinates":[[[-87.633043,41.872797],[-87.632662,41.872233],[-87.633039,41.872227],[-87.633043,41.872797]]]}},{"type":"Feature","properties":{"name":null,"levels":null,"area":176},"geometry":{"type":"Polygon","coordinates":[[[-87.631164,41.874013],[-87.630813,41.874425],[-87.630803,41.874017],[-87.631164,41.874013]]]}},{"type":"Feature","properties":{"name":"Straits Row","levels":null,"area":178},"geometry":{"type":"Polygon","coordinates":[[[-87.631568,41.87332],[-87.631211,41.873731],[-87.631203,41.873324],[-87.631568,41.87332]]]}},{"type":"Feature","properties":{"name":"Burnham Pointe","levels":null,"area":391},"geometry":{"type":"Polygon","coordinates":[[[-87.630787,41.873202],[-87.631129,41.872295],[-87.631149,41.873197],[-87.630787,41.873202]]]}},{"type":"Feature","properties":{"name":"Columbia College Chicago Plymouth Court","levels":null,"area":237},"geometry":{"type":"Polygon","coordinates":[[[-87.628554,41.872946],[-87.62818,41.872416],[-87.628553,41.872416],[-87.628554,41.872946]]]}},{"type":"Feature","properties":{"name":"Plymouth Court Garage","levels":null,"area":184},"geometry":{"type":"Polygon","coordinates":[[[-87.62818,41.872947],[-87.628562,41.873359],[-87.62819,41.873363],[-87.62818,41.872947]]]}},{"type":"Feature","properties":{"name":"Jones College Prep Annex","levels":null,"area":504},"geometry":{"type":"Polygon","coordinates":[[[-87.627767,41.873544],[-87.628113,41.872474],[-87.628148,41.873572],[-87.627767,41.873544]]]}},{"type":"Feature","properties":{"name":"Moser Building","levels":null,"area":153},"geometry":{"type":"Polygon","coordinates":[[[-87.628569,41.87363],[-87.628201,41.873976],[-87.628195,41.873633],[-87.628569,41.87363]]]}},{"type":"Feature","properties":{"name":"Jones College Prep","levels":null,"area":437},"geometry":{"type":"Polygon","coordinates":[[[-87.628167,41.873655],[-87.62778,41.874473],[-87.627767,41.87361],[-87.628167,41.873655]]]}},{"type":"Feature","properties":{"name":"Astoria Tower","levels":null,"area":224},"geometry":{"type":"Polygon","coordinates":[[[-87.626837,41.870636],[-87.627339,41.871009],[-87.626847,41.871017],[-87.626837,41.870636]]]}},{"type":"Feature","properties":{"name":"One Place","levels":null,"area":429},"geometry":{"type":"Polygon","coordinates":[[[-87.626837,41.871017],[-87.627356,41.871724],[-87.626858,41.871732],[-87.626837,41.871017]]]}},{"type":"Feature","properties":{"name":"Binny's Beverage Depot","levels":null,"area":245},"geometry":{"type":"Polygon","coordinates":[[[-87.642372,41.868094],[-87.642962,41.867744],[-87.642971,41.868085],[-87.642372,41.868094]]]}},{"type":"Feature","properties":{"name":"Halsted Street Parking Structure","levels":null,"area":1475},"geometry":{"type":"Polygon","coordinates":[[[-87.646677,41.869796],[-87.645859,41.871236],[-87.645815,41.86981],[-87.646677,41.869796]]]}},{"type":"Feature","properties":{"name":"Walgreens","levels":null,"area":164},"geometry":{"type":"Polygon","coordinates":[[[-87.639765,41.866735],[-87.639367,41.866404],[-87.639814,41.866422],[-87.639765,41.866735]]]}},{"type":"Feature","properties":{"name":null,"levels":null,"area":237},"geometry":{"type":"Polygon","coordinates":[[[-87.626526,41.874312],[-87.626184,41.873771],[-87.62668,41.873764],[-87.626526,41.874312]]]}},{"type":"Feature","properties":{"name":null,"levels":null,"area":224},"geometry":{"type":"Polygon","coordinates":[[[-87.626764,41.872891],[-87.626153,41.872592],[-87.626757,41.872582],[-87.626764,41.872891]]]}},{"type":"Feature","properties":{"name":null,"levels":null,"area":324},"geometry":{"type":"Polygon","coordinates":[[[-87.626732,41.871739],[-87.626124,41.871278],[-87.626721,41.871298],[-87.626732,41.871739]]]}},{"type":"Feature","properties":{"name":"Burnham Park Plaza","levels":null,"area":269},"geometry":{"type":"Polygon","coordinates":[[[-87.626727,41.871265],[-87.626117,41.870907],[-87.626717,41.870889],[-87.626727,41.871265]]]}},{"type":"Feature","properties":{"name":"Burnham Park Plaza","levels":null,"area":168},"geometry":{"type":"Polygon","coordinates":[[[-87.626717,41.870889],[-87.626147,41.870672],[-87.626709,41.870639],[-87.626717,41.870889]]]}},{"type":"Feature","properties":{"name":"1001 South State","levels":null,"area":408},"geometry":{"type":"Polygon","coordinates":[[[-87.626838,41.869677],[-87.627317,41.870312],[-87.626861,41.87044],[-87.626838,41.869677]]]}},{"type":"Feature","properties":{"name":"U.S. Customs House","levels":null,"area":254},"geometry":{"type":"Polygon","coordinates":[[[-87.640335,41.874139],[-87.639694,41.873815],[-87.640322,41.873802],[-87.640335,41.874139]]]}},{"type":"Feature","properties":{"name":"Seven 7 Seven","levels":null,"area":162},"geometry":{"type":"Polygon","coordinates":[[[-87.627052,41.872436],[-87.627366,41.871927],[-87.627305,41.872445],[-87.627052,41.872436]]]}},{"type":"Feature","properties":{"name":"Impark","levels":null,"area":237},"geometry":{"type":"Polygon","coordinates":[[[-87.625766,41.871758],[-87.625099,41.871473],[-87.625759,41.871459],[-87.625766,41.871758]]]}},{"type":"Feature","properties":{"name":"Loftrium","levels":null,"area":169},"geometry":{"type":"Polygon","coordinates":[[[-87.625752,41.871459],[-87.625188,41.871216],[-87.625743,41.871206],[-87.625752,41.871459]]]}},{"type":"Feature","properties":{"name":"1111 South Wabash","levels":null,"area":164},"geometry":{"type":"Polygon","coordinates":[[[-87.625674,41.868594],[-87.62513,41.868913],[-87.625121,41.868754],[-87.625674,41.868594]]]}},{"type":"Feature","properties":{"name":null,"levels":null,"area":161},"geometry":{"type":"Polygon","coordinates":[[[-87.625685,41.868531],[-87.625056,41.868327],[-87.625679,41.868314],[-87.625685,41.868531]]]}},{"type":"Feature","properties":{"name":null,"levels":null,"area":328},"geometry":{"type":"Polygon","coordinates":[[[-87.625692,41.868974],[-87.625065,41.868542],[-87.625685,41.868531],[-87.625692,41.868974]]]}},{"type":"Feature","properties":{"name":null,"levels":null,"area":161},"geometry":{"type":"Polygon","coordinates":[[[-87.625692,41.868974],[-87.625084,41.869202],[-87.625073,41.868984],[-87.625692,41.868974]]]}},{"type":"Feature","properties":{"name":"Imprint","levels":null,"area":199},"geometry":{"type":"Polygon","coordinates":[[[-87.630486,41.873409],[-87.630147,41.872909],[-87.630477,41.872905],[-87.630486,41.873409]]]}},{"type":"Feature","properties":{"name":"Ludington Building","levels":null,"area":237},"geometry":{"type":"Polygon","coordinates":[[[-87.626669,41.868838],[-87.626076,41.869182],[-87.626073,41.868852],[-87.626669,41.868838]]]}},{"type":"Feature","properties":{"name":null,"levels":null,"area":463},"geometry":{"type":"Polygon","coordinates":[[[-87.63076,41.868492],[-87.631545,41.868886],[-87.630701,41.868937],[-87.63076,41.868492]]]}},{"type":"Feature","properties":{"name":null,"levels":null,"area":162},"geometry":{"type":"Polygon","coordinates":[[[-87.626696,41.869906],[-87.626087,41.869695],[-87.62669,41.86968],[-87.626696,41.869906]]]}},{"type":"Feature","properties":{"name":"Illinois Department of Human Services","levels":null,"area":158},"geometry":{"type":"Polygon","coordinates":[[[-87.626669,41.868838],[-87.626063,41.86863],[-87.62666,41.868619],[-87.626669,41.868838]]]}},{"type":"Feature","properties":{"name":"Target","levels":null,"area":885},"geometry":{"type":"Polygon","coordinates":[[[-87.631444,41.867576],[-87.630698,41.868588],[-87.630675,41.867632],[-87.631444,41.867576]]]}},{"type":"Feature","properties":{"name":null,"levels":null,"area":159},"geometry":{"type":"Polygon","coordinates":[[[-87.626085,41.869585],[-87.626684,41.86935],[-87.626686,41.869571],[-87.626085,41.869585]]]}},{"type":"Feature","properties":{"name":null,"levels":null,"area":461},"geometry":{"type":"Polygon","coordinates":[[[-87.624331,41.867213],[-87.624931,41.866604],[-87.624925,41.86729],[-87.624331,41.867213]]]}},{"type":"Feature","properties":{"name":"Sky55","levels":null,"area":192},"geometry":{"type":"Polygon","coordinates":[[[-87.623906,41.865873],[-87.623337,41.866107],[-87.623264,41.865901],[-87.623906,41.865873]]]}},{"type":"Feature","properties":{"name":null,"levels":null,"area":526},"geometry":{"type":"Polygon","coordinates":[[[-87.62392,41.866569],[-87.623264,41.865901],[-87.623906,41.865873],[-87.62392,41.866569]]]}},{"type":"Feature","properties":{"name":"1400 Museum Park","levels":null,"area":276},"geometry":{"type":"Polygon","coordinates":[[[-87.623921,41.864732],[-87.623453,41.864239],[-87.623915,41.864233],[-87.623921,41.864732]]]}},{"type":"Feature","properties":{"name":"USPS Vehicle Maintenance Facility","levels":null,"area":1350},"geometry":{"type":"Polygon","coordinates":[[[-87.64074,41.873117],[-87.639551,41.872157],[-87.640713,41.872139],[-87.64074,41.873117]]]}},{"type":"Feature","properties":{"name":"Cook County Domestic Violence Courthouse","levels":null,"area":498},"geometry":{"type":"Polygon","coordinates":[[[-87.642255,41.873673],[-87.641099,41.874017],[-87.641089,41.873685],[-87.642255,41.873673]]]}},{"type":"Feature","properties":{"name":"Lecture Center A","levels":null,"area":204},"geometry":{"type":"Polygon","coordinates":[[[-87.650044,41.871912],[-87.64957,41.872273],[-87.649562,41.871919],[-87.650044,41.871912]]]}},{"type":"Feature","properties":{"name":"Lecture Center D","levels":null,"area":204},"geometry":{"type":"Polygon","coordinates":[[[-87.648928,41.871516],[-87.648456,41.871877],[-87.648447,41.871523],[-87.648928,41.871516]]]}},{"type":"Feature","properties":{"name":"University Hall","levels":null,"area":152},"geometry":{"type":"Polygon","coordinates":[[[-87.650875,41.87402],[-87.651127,41.873532],[-87.651137,41.874016],[-87.650875,41.87402]]]}},{"type":"Feature","properties":{"name":"Lecture Center C","levels":null,"area":205},"geometry":{"type":"Polygon","coordinates":[[[-87.648947,41.872285],[-87.648459,41.871934],[-87.648938,41.871927],[-87.648947,41.872285]]]}},{"type":"Feature","properties":{"name":"Lecture Center F","levels":null,"area":204},"geometry":{"type":"Polygon","coordinates":[[[-87.65003,41.8715],[-87.64956,41.871862],[-87.649551,41.871506],[-87.65003,41.8715]]]}},{"type":"Feature","properties":{"name":"Student Center East","levels":null,"area":917},"geometry":{"type":"Polygon","coordinates":[[[-87.648233,41.871294],[-87.647643,41.872537],[-87.647614,41.871302],[-87.648233,41.871294]]]}},{"type":"Feature","properties":{"name":"Richard J. Daley Library","levels":null,"area":702},"geometry":{"type":"Polygon","coordinates":[[[-87.650717,41.871279],[-87.650317,41.872558],[-87.650271,41.871205],[-87.650717,41.871279]]]}},{"type":"Feature","properties":{"name":"Commons North & South","levels":null,"area":374},"geometry":{"type":"Polygon","coordinates":[[[-87.647861,41.872889],[-87.647308,41.873698],[-87.647299,41.872963],[-87.647861,41.872889]]]}},{"type":"Feature","properties":{"name":"Student Center East Tower","levels":null,"area":197},"geometry":{"type":"Polygon","coordinates":[[[-87.648142,41.87253],[-87.647505,41.872895],[-87.6475,41.872718],[-87.648142,41.87253]]]}},{"type":"Feature","properties":{"name":"Architecture and Design Studios","levels":null,"area":355},"geometry":{"type":"Polygon","coordinates":[[[-87.648739,41.873247],[-87.648601,41.873924],[-87.648278,41.873683],[-87.648739,41.873247]]]}},{"type":"Feature","properties":{"name":"Student Residence and Commons West","levels":null,"area":208},"geometry":{"type":"Polygon","coordinates":[[[-87.648812,41.873971],[-87.649678,41.874265],[-87.648701,41.87426],[-87.648812,41.873971]]]}},{"type":"Feature","properties":{"name":"Science & Engineering Offices","levels":null,"area":151},"geometry":{"type":"Polygon","coordinates":[[[-87.650907,41.870852],[-87.65002,41.870809],[-87.650903,41.870724],[-87.650907,41.870852]]]}},{"type":"Feature","properties":{"name":"Engineering Research Facility","levels":null,"area":512},"geometry":{"type":"Polygon","coordinates":[[[-87.648395,41.869747],[-87.64745,41.87012],[-87.647338,41.869764],[-87.648395,41.869747]]]}},{"type":"Feature","properties":{"name":"Science and Engineering Laboratories","levels":null,"area":1681},"geometry":{"type":"Polygon","coordinates":[[[-87.647354,41.870123],[-87.649414,41.870777],[-87.647371,41.870809],[-87.647354,41.870123]]]}},{"type":"Feature","properties":{"name":"Canal Station","levels":null,"area":1371},"geometry":{"type":"Polygon","coordinates":[[[-87.639141,41.87192],[-87.638265,41.870527],[-87.639094,41.870515],[-87.639141,41.87192]]]}},{"type":"Feature","properties":{"name":"Serverfarm CH1","levels":null,"area":682},"geometry":{"type":"Polygon","coordinates":[[[-87.640637,41.871228],[-87.639646,41.87066],[-87.640622,41.870646],[-87.640637,41.871228]]]}},{"type":"Feature","properties":{"name":"Burnham Station","levels":null,"area":240},"geometry":{"type":"Polygon","coordinates":[[[-87.630126,41.86141],[-87.629816,41.861],[-87.630117,41.861],[-87.630126,41.86141]]]}},{"type":"Feature","properties":{"name":null,"levels":null,"area":409},"geometry":{"type":"Polygon","coordinates":[[[-87.624876,41.865854],[-87.624294,41.866437],[-87.624286,41.865858],[-87.624876,41.865854]]]}},{"type":"Feature","properties":{"name":"Old Saint Mary's Church","levels":null,"area":220},"geometry":{"type":"Polygon","coordinates":[[[-87.624771,41.861472],[-87.624179,41.861087],[-87.624808,41.861083],[-87.624771,41.861472]]]}},{"type":"Feature","properties":{"name":"Michigan Avenue Tower 1","levels":null,"area":177},"geometry":{"type":"Polygon","coordinates":[[[-87.62429,41.866111],[-87.624876,41.865854],[-87.624879,41.866104],[-87.62429,41.866111]]]}},{"type":"Feature","properties":{"name":"Vision on State","levels":null,"area":353},"geometry":{"type":"Polygon","coordinates":[[[-87.627237,41.86649],[-87.626696,41.865882],[-87.627094,41.865822],[-87.627237,41.86649]]]}},{"type":"Feature","properties":{"name":"Dearborn Tower","levels":null,"area":646},"geometry":{"type":"Polygon","coordinates":[[[-87.628685,41.861],[-87.628,41.8613],[-87.627466,41.861],[-87.628685,41.861]]]}},{"type":"Feature","properties":{"name":"Physical Education Building","levels":null,"area":1309},"geometry":{"type":"Polygon","coordinates":[[[-87.648676,41.866899],[-87.650617,41.866312],[-87.650628,41.866869],[-87.648676,41.866899]]]}},{"type":"Feature","properties":{"name":null,"levels":null,"area":244},"geometry":{"type":"Polygon","coordinates":[[[-87.641752,41.867641],[-87.640899,41.867414],[-87.641744,41.867399],[-87.641752,41.867641]]]}},{"type":"Feature","properties":{"name":"Chicago Fire Academy","levels":null,"area":246},"geometry":{"type":"Polygon","coordinates":[[[-87.641935,41.86912],[-87.641371,41.869314],[-87.641367,41.869126],[-87.641935,41.86912]]]}},{"type":"Feature","properties":{"name":"Southgate Market","levels":null,"area":1689},"geometry":{"type":"Polygon","coordinates":[[[-87.63901,41.868099],[-87.638152,41.869566],[-87.638149,41.868074],[-87.63901,41.868099]]]}},{"type":"Feature","properties":{"name":null,"levels":null,"area":297},"geometry":{"type":"Polygon","coordinates":[[[-87.640586,41.867753],[-87.639997,41.868188],[-87.639869,41.867806],[-87.640586,41.867753]]]}},{"type":"Feature","properties":{"name":"Roosevelt Road Building","levels":null,"area":487},"geometry":{"type":"Polygon","coordinates":[[[-87.645936,41.867319],[-87.646115,41.868072],[-87.645326,41.868082],[-87.645936,41.867319]]]}},{"type":"Feature","properties":{"name":null,"levels":null,"area":718},"geometry":{"type":"Polygon","coordinates":[[[-87.638892,41.868054],[-87.637958,41.867424],[-87.638878,41.867622],[-87.638892,41.868054]]]}},{"type":"Feature","properties":{"name":"Extra Space Storage","levels":null,"area":634},"geometry":{"type":"Polygon","coordinates":[[[-87.643747,41.874268],[-87.642557,41.873839],[-87.643732,41.873818],[-87.643747,41.874268]]]}},{"type":"Feature","properties":{"name":"East-West University Student Life Center","levels":null,"area":163},"geometry":{"type":"Polygon","coordinates":[[[-87.625733,41.87099],[-87.625146,41.871216],[-87.625087,41.871004],[-87.625733,41.87099]]]}},{"type":"Feature","properties":{"name":"AMLI 900","levels":null,"area":265},"geometry":{"type":"Polygon","coordinates":[[[-87.631288,41.870388],[-87.630805,41.87021],[-87.630824,41.86996],[-87.631288,41.870388]]]}},{"type":"Feature","properties":{"name":null,"levels":null,"area":2348},"geometry":{"type":"Polygon","coordinates":[[[-87.631723,41.867519],[-87.633316,41.867497],[-87.633377,41.869564],[-87.632161,41.869829],[-87.631723,41.867519]]]}},{"type":"Feature","properties":{"name":null,"levels":null,"area":279},"geometry":{"type":"Polygon","coordinates":[[[-87.631882,41.870487],[-87.631426,41.869965],[-87.631867,41.869959],[-87.631882,41.870487]]]}},{"type":"Feature","properties":{"name":"James Stukel Towers","levels":null,"area":796},"geometry":{"type":"Polygon","coordinates":[[[-87.646725,41.865996],[-87.645219,41.866539],[-87.645204,41.866006],[-87.646725,41.865996]]]}},{"type":"Feature","properties":{"name":"UIC Dorin Forum","levels":null,"area":617},"geometry":{"type":"Polygon","coordinates":[[[-87.646189,41.867019],[-87.645219,41.866539],[-87.646425,41.866521],[-87.646189,41.867019]]]}},{"type":"Feature","properties":{"name":"UIC Physical Plant Building","levels":null,"area":676},"geometry":{"type":"Polygon","coordinates":[[[-87.652172,41.867285],[-87.651317,41.867965],[-87.651291,41.867303],[-87.652172,41.867285]]]}},{"type":"Feature","properties":{"name":"University Commons Building 2","levels":null,"area":801},"geometry":{"type":"Polygon","coordinates":[[[-87.653994,41.861787],[-87.651015,41.862059],[-87.651008,41.861835],[-87.653994,41.861787]]]}},{"type":"Feature","properties":{"name":null,"levels":null,"area":477},"geometry":{"type":"Polygon","coordinates":[[[-87.643556,41.868682],[-87.643146,41.869593],[-87.643116,41.86869],[-87.643556,41.868682]]]}},{"type":"Feature","properties":{"name":"University Commons Building 3","levels":null,"area":796},"geometry":{"type":"Polygon","coordinates":[[[-87.653976,41.861233],[-87.650998,41.861504],[-87.650991,41.861281],[-87.653976,41.861233]]]}},{"type":"Feature","properties":{"name":"UPS Chicago Hub","levels":null,"area":5131},"geometry":{"type":"Polygon","coordinates":[[[-87.642171,41.862873],[-87.643909,41.865757],[-87.642278,41.865788],[-87.642171,41.862873]]]}},{"type":"Feature","properties":{"name":null,"levels":null,"area":479},"geometry":{"type":"Polygon","coordinates":[[[-87.641937,41.863899],[-87.641438,41.864768],[-87.641411,41.863908],[-87.641937,41.863899]]]}},{"type":"Feature","properties":{"name":"Chicago Fire Department EMS & Paramedic Office","levels":null,"area":452},"geometry":{"type":"Polygon","coordinates":[[[-87.641407,41.864083],[-87.640873,41.864776],[-87.640856,41.864091],[-87.641407,41.864083]]]}},{"type":"Feature","properties":{"name":null,"levels":null,"area":509},"geometry":{"type":"Polygon","coordinates":[[[-87.641383,41.863294],[-87.640747,41.863954],[-87.64073,41.863303],[-87.641383,41.863294]]]}},{"type":"Feature","properties":{"name":null,"levels":null,"area":214},"geometry":{"type":"Polygon","coordinates":[[[-87.641383,41.863294],[-87.641924,41.86362],[-87.641392,41.863629],[-87.641383,41.863294]]]}},{"type":"Feature","properties":{"name":null,"levels":null,"area":157},"geometry":{"type":"Polygon","coordinates":[[[-87.646623,41.861385],[-87.646383,41.861],[-87.646615,41.861],[-87.646623,41.861385]]]}},{"type":"Feature","properties":{"name":"Joffco Square","levels":null,"area":640},"geometry":{"type":"Polygon","coordinates":[[[-87.640849,41.867096],[-87.642049,41.866634],[-87.642065,41.867072],[-87.640849,41.867096]]]}},{"type":"Feature","properties":{"name":"The Home Depot","levels":null,"area":1967},"geometry":{"type":"Polygon","coordinates":[[[-87.642034,41.866617],[-87.640995,41.865065],[-87.641985,41.865049],[-87.642034,41.866617]]]}},{"type":"Feature","properties":{"name":null,"levels":null,"area":271},"geometry":{"type":"Polygon","coordinates":[[[-87.641871,41.861909],[-87.641334,41.862329],[-87.64132,41.861919],[-87.641871,41.861909]]]}},{"type":"Feature","properties":{"name":null,"levels":null,"area":628},"geometry":{"type":"Polygon","coordinates":[[[-87.64408,41.862008],[-87.642162,41.862314],[-87.642154,41.862042],[-87.64408,41.862008]]]}},{"type":"Feature","properties":{"name":null,"levels":null,"area":766},"geometry":{"type":"Polygon","coordinates":[[[-87.643649,41.871331],[-87.642488,41.871887],[-87.642472,41.871343],[-87.643649,41.871331]]]}},{"type":"Feature","properties":{"name":null,"levels":null,"area":1324},"geometry":{"type":"Polygon","coordinates":[[[-87.642531,41.872735],[-87.643726,41.873809],[-87.642558,41.873831],[-87.642531,41.872735]]]}},{"type":"Feature","properties":{"name":null,"levels":null,"area":352},"geometry":{"type":"Polygon","coordinates":[[[-87.6435,41.867048],[-87.642665,41.866703],[-87.643492,41.866694],[-87.6435,41.867048]]]}},{"type":"Feature","properties":{"name":null,"levels":null,"area":315},"geometry":{"type":"Polygon","coordinates":[[[-87.644351,41.872788],[-87.644001,41.873413],[-87.64399,41.872791],[-87.644351,41.872788]]]}},{"type":"Feature","properties":{"name":null,"levels":null,"area":246},"geometry":{"type":"Polygon","coordinates":[[[-87.642214,41.87245],[-87.641548,41.872763],[-87.641541,41.872458],[-87.642214,41.87245]]]}},{"type":"Feature","properties":{"name":null,"levels":null,"area":188},"geometry":{"type":"Polygon","coordinates":[[[-87.644234,41.872075],[-87.644018,41.872732],[-87.643994,41.872079],[-87.644234,41.872075]]]}},{"type":"Feature","properties":{"name":null,"levels":null,"area":177},"geometry":{"type":"Polygon","coordinates":[[[-87.642124,41.87167],[-87.641615,41.871346],[-87.642056,41.871339],[-87.642124,41.87167]]]}},{"type":"Feature","properties":{"name":null,"levels":null,"area":495},"geometry":{"type":"Polygon","coordinates":[[[-87.643092,41.869819],[-87.642443,41.870454],[-87.642429,41.869858],[-87.643092,41.869819]]]}},{"type":"Feature","properties":{"name":"Flames Athletic Center","levels":null,"area":432},"geometry":{"type":"Polygon","coordinates":[[[-87.648121,41.866269],[-87.648676,41.866869],[-87.648125,41.866894],[-87.648121,41.866269]]]}},{"type":"Feature","properties":{"name":"UIC Chemical Engineering Building","levels":null,"area":158},"geometry":{"type":"Polygon","coordinates":[[[-87.641521,41.871345],[-87.641047,41.871625],[-87.64104,41.871352],[-87.641521,41.871345]]]}},{"type":"Feature","properties":{"name":null,"levels":null,"area":194},"geometry":{"type":"Polygon","coordinates":[[[-87.625618,41.866168],[-87.624985,41.86585],[-87.625614,41.865839],[-87.625618,41.866168]]]}},{"type":"Feature","properties":{"name":null,"levels":null,"area":151},"geometry":{"type":"Polygon","coordinates":[[[-87.624842,41.865489],[-87.624283,41.865712],[-87.624276,41.865498],[-87.624842,41.865489]]]}},{"type":"Feature","properties":{"name":null,"levels":null,"area":210},"geometry":{"type":"Polygon","coordinates":[[[-87.625602,41.86553],[-87.62497,41.86526],[-87.625594,41.865249],[-87.625602,41.86553]]]}},{"type":"Feature","properties":{"name":null,"levels":null,"area":168},"geometry":{"type":"Polygon","coordinates":[[[-87.625594,41.865249],[-87.624963,41.865034],[-87.625587,41.865025],[-87.625594,41.865249]]]}},{"type":"Feature","properties":{"name":"Coca-Cola Building","levels":null,"area":157},"geometry":{"type":"Polygon","coordinates":[[[-87.625973,41.86484],[-87.62651,41.86508],[-87.625976,41.86509],[-87.625973,41.86484]]]}},{"type":"Feature","properties":{"name":null,"levels":null,"area":221},"geometry":{"type":"Polygon","coordinates":[[[-87.627201,41.865071],[-87.626739,41.864625],[-87.62719,41.864621],[-87.627201,41.865071]]]}},{"type":"Feature","properties":{"name":null,"levels":null,"area":166},"geometry":{"type":"Polygon","coordinates":[[[-87.625579,41.864515],[-87.62495,41.864304],[-87.625574,41.864294],[-87.625579,41.864515]]]}},{"type":"Feature","properties":{"name":null,"levels":null,"area":327},"geometry":{"type":"Polygon","coordinates":[[[-87.626667,41.863386],[-87.627147,41.863965],[-87.626684,41.863971],[-87.626667,41.863386]]]}},{"type":"Feature","properties":{"name":"Central Market Furniture Building","levels":null,"area":179},"geometry":{"type":"Polygon","coordinates":[[[-87.626468,41.863438],[-87.625946,41.863726],[-87.625946,41.863445],[-87.626468,41.863438]]]}},{"type":"Feature","properties":{"name":"Coeval","levels":null,"area":401},"geometry":{"type":"Polygon","coordinates":[[[-87.625573,41.863996],[-87.624935,41.863469],[-87.625555,41.863457],[-87.625573,41.863996]]]}},{"type":"Feature","properties":{"name":null,"levels":null,"area":316},"geometry":{"type":"Polygon","coordinates":[[[-87.624796,41.863381],[-87.624221,41.862845],[-87.62478,41.862841],[-87.624796,41.863381]]]}},{"type":"Feature","properties":{"name":null,"levels":null,"area":198},"geometry":{"type":"Polygon","coordinates":[[[-87.623287,41.862722],[-87.623866,41.863093],[-87.623297,41.86311],[-87.623287,41.862722]]]}},{"type":"Feature","properties":{"name":null,"levels":null,"area":176},"geometry":{"type":"Polygon","coordinates":[[[-87.625927,41.862525],[-87.626126,41.863283],[-87.625923,41.863285],[-87.625927,41.862525]]]}},{"type":"Feature","properties":{"name":"Soka Gakkai International Buddhist Center","levels":null,"area":197},"geometry":{"type":"Polygon","coordinates":[[[-87.625069,41.862339],[-87.625487,41.862707],[-87.625053,41.86268],[-87.625069,41.862339]]]}},{"type":"Feature","properties":{"name":"Metra Consolidated Control Facility","levels":null,"area":154},"geometry":{"type":"Polygon","coordinates":[[[-87.638901,41.86147],[-87.638524,41.861809],[-87.638514,41.861476],[-87.638901,41.86147]]]}},{"type":"Feature","properties":{"name":null,"levels":null,"area":238},"geometry":{"type":"Polygon","coordinates":[[[-87.627106,41.861389],[-87.626689,41.861858],[-87.626677,41.861396],[-87.627106,41.861389]]]}},{"type":"Feature","properties":{"name":null,"levels":null,"area":236},"geometry":{"type":"Polygon","coordinates":[[[-87.626481,41.861759],[-87.625885,41.861429],[-87.626469,41.861415],[-87.626481,41.861759]]]}},{"type":"Feature","properties":{"name":null,"levels":null,"area":264},"geometry":{"type":"Polygon","coordinates":[[[-87.626677,41.861396],[-87.627095,41.861],[-87.627106,41.861389],[-87.626677,41.861396]]]}},{"type":"Feature","properties":{"name":null,"levels":null,"area":189},"geometry":{"type":"Polygon","coordinates":[[[-87.623846,41.861078],[-87.623261,41.861355],[-87.623253,41.861088],[-87.623846,41.861078]]]}},{"type":"Feature","properties":{"name":"Marquee Michigan Avenue","levels":null,"area":378},"geometry":{"type":"Polygon","coordinates":[[[-87.6242,41.862002],[-87.624849,41.862533],[-87.624217,41.862427],[-87.6242,41.862002]]]}},{"type":"Feature","properties":{"name":"Michigan Avenue Tower II","levels":null,"area":341},"geometry":{"type":"Polygon","coordinates":[[[-87.624243,41.863545],[-87.624864,41.864008],[-87.624245,41.86401],[-87.624243,41.863545]]]}},{"type":"Feature","properties":{"name":null,"levels":null,"area":180},"geometry":{"type":"Polygon","coordinates":[[[-87.626706,41.861957],[-87.627117,41.862317],[-87.626719,41.862323],[-87.626706,41.861957]]]}},{"type":"Feature","properties":{"name":"The Lofts At Museum Park 2","levels":null,"area":234},"geometry":{"type":"Polygon","coordinates":[[[-87.623933,41.865592],[-87.623493,41.865119],[-87.623929,41.865157],[-87.623933,41.865592]]]}},{"type":"Feature","properties":{"name":null,"levels":null,"area":194},"geometry":{"type":"Polygon","coordinates":[[[-87.635185,41.863332],[-87.63558,41.862492],[-87.635301,41.863331],[-87.635185,41.863332]]]}},{"type":"Feature","properties":{"name":null,"levels":null,"area":170},"geometry":{"type":"Polygon","coordinates":[[[-87.625138,41.867615],[-87.625666,41.86788],[-87.625148,41.867861],[-87.625138,41.867615]]]}},{"type":"Feature","properties":{"name":null,"levels":null,"area":166},"geometry":{"type":"Polygon","coordinates":[[[-87.627286,41.868649],[-87.626784,41.868942],[-87.626774,41.868658],[-87.627286,41.868649]]]}},{"type":"Feature","properties":{"name":"1130 South Michigan","levels":null,"area":574},"geometry":{"type":"Polygon","coordinates":[[[-87.624513,41.869002],[-87.624976,41.868024],[-87.625004,41.868989],[-87.624513,41.869002]]]}},{"type":"Feature","properties":{"name":null,"levels":null,"area":172},"geometry":{"type":"Polygon","coordinates":[[[-87.626763,41.867866],[-87.627247,41.867585],[-87.627278,41.86786],[-87.626763,41.867866]]]}},{"type":"Feature","properties":{"name":"Arrive Michigan Avenue","levels":null,"area":309},"geometry":{"type":"Polygon","coordinates":[[[-87.624891,41.865117],[-87.624278,41.864701],[-87.624885,41.864696],[-87.624891,41.865117]]]}},{"type":"Feature","properties":{"name":"AMLI Lofts","levels":null,"area":217},"geometry":{"type":"Polygon","coordinates":[[[-87.631099,41.870934],[-87.63135,41.87142],[-87.630761,41.871426],[-87.631099,41.870934]]]}},{"type":"Feature","properties":{"name":"AMLI Lofts","levels":null,"area":233},"geometry":{"type":"Polygon","coordinates":[[[-87.631443,41.871809],[-87.630779,41.87162],[-87.631441,41.871616],[-87.631443,41.871809]]]}},{"type":"Feature","properties":{"name":"The Maxwell","levels":null,"area":2018},"geometry":{"type":"Polygon","coordinates":[[[-87.639481,41.869656],[-87.640599,41.868189],[-87.640642,41.869637],[-87.639481,41.869656]]]}},{"type":"Feature","properties":{"name":"Eleven40","levels":null,"area":221},"geometry":{"type":"Polygon","coordinates":[[[-87.626636,41.868181],[-87.626042,41.867868],[-87.626595,41.867859],[-87.626636,41.868181]]]}},{"type":"Feature","properties":{"name":"1411 South Michigan","levels":null,"area":280},"geometry":{"type":"Polygon","coordinates":[[[-87.623902,41.863849],[-87.623311,41.863452],[-87.623884,41.863443],[-87.623902,41.863849]]]}},{"type":"Feature","properties":{"name":"1000 South Clark","levels":null,"area":646},"geometry":{"type":"Polygon","coordinates":[[[-87.630768,41.869839],[-87.63172,41.869161],[-87.631734,41.869827],[-87.630768,41.869839]]]}},{"type":"Feature","properties":{"name":null,"levels":null,"area":348},"geometry":{"type":"Polygon","coordinates":[[[-87.62559,41.865005],[-87.624959,41.864544],[-87.625575,41.864533],[-87.62559,41.865005]]]}},{"type":"Feature","properties":{"name":"X Chicago","levels":null,"area":308},"geometry":{"type":"Polygon","coordinates":[[[-87.645676,41.864147],[-87.645116,41.863686],[-87.645662,41.863678],[-87.645676,41.864147]]]}},{"type":"Feature","properties":{"name":"Essex on the Park","levels":null,"area":208},"geometry":{"type":"Polygon","coordinates":[[[-87.625045,41.871627],[-87.624434,41.871348],[-87.625038,41.871336],[-87.625045,41.871627]]]}},{"type":"Feature","properties":{"name":null,"levels":null,"area":213},"geometry":{"type":"Polygon","coordinates":[[[-87.631568,41.87142],[-87.631925,41.870881],[-87.631934,41.871327],[-87.631568,41.87142]]]}},{"type":"Feature","properties":{"name":null,"levels":null,"area":289},"geometry":{"type":"Polygon","coordinates":[[[-87.63184,41.872095],[-87.631502,41.871542],[-87.631949,41.871533],[-87.63184,41.872095]]]}},{"type":"Feature","properties":{"name":null,"levels":null,"area":233},"geometry":{"type":"Polygon","coordinates":[[[-87.632259,41.8714],[-87.632819,41.871059],[-87.632831,41.871391],[-87.632259,41.8714]]]}},{"type":"Feature","properties":{"name":null,"levels":null,"area":303},"geometry":{"type":"Polygon","coordinates":[[[-87.63135,41.87142],[-87.631725,41.871536],[-87.630891,41.871619],[-87.63135,41.87142]]]}},{"type":"Feature","properties":{"name":"Columbia College Student Center","levels":null,"area":303},"geometry":{"type":"Polygon","coordinates":[[[-87.626725,41.872358],[-87.626139,41.871938],[-87.626732,41.871926],[-87.626725,41.872358]]]}},{"type":"Feature","properties":{"name":"Alta Grand Central","levels":null,"area":499},"geometry":{"type":"Polygon","coordinates":[[[-87.634551,41.874334],[-87.63378,41.873771],[-87.634534,41.873759],[-87.634551,41.874334]]]}},{"type":"Feature","properties":{"name":"Engineering Innovation Building","levels":null,"area":494},"geometry":{"type":"Polygon","coordinates":[[[-87.650657,41.868909],[-87.649756,41.869331],[-87.649729,41.86862],[-87.650657,41.868909]]]}},{"type":"Feature","properties":{"name":"CoreSite Chicago Data Center (CH2)","levels":null,"area":746},"geometry":{"type":"Polygon","coordinates":[[[-87.641898,41.863054],[-87.640704,41.862546],[-87.641886,41.862524],[-87.641898,41.863054]]]}},{"type":"Feature","properties":{"name":"Maxwell Street Parking Structure","levels":null,"area":463},"geometry":{"type":"Polygon","coordinates":[[[-87.645616,41.865185],[-87.645137,41.864357],[-87.645611,41.86435],[-87.645616,41.865185]]]}},{"type":"Feature","properties":{"name":null,"levels":null,"area":208},"geometry":{"type":"Polygon","coordinates":[[[-87.6435,41.867048],[-87.643984,41.866691],[-87.643992,41.867043],[-87.6435,41.867048]]]}},{"type":"Feature","properties":{"name":null,"levels":null,"area":185},"geometry":{"type":"Polygon","coordinates":[[[-87.626783,41.873506],[-87.626184,41.873771],[-87.626172,41.873518],[-87.626783,41.873506]]]}},{"type":"Feature","properties":{"name":"Elle Apartments","levels":null,"area":302},"geometry":{"type":"Polygon","coordinates":[[[-87.632327,41.87181],[-87.632841,41.871718],[-87.632854,41.872045],[-87.632327,41.87181]]]}},{"type":"Feature","properties":{"name":null,"levels":null,"area":170},"geometry":{"type":"Polygon","coordinates":[[[-87.625956,41.863987],[-87.626478,41.863724],[-87.626485,41.863994],[-87.625956,41.863987]]]}},{"type":"Feature","properties":{"name":"The Reed","levels":null,"area":324},"geometry":{"type":"Polygon","coordinates":[[[-87.634385,41.872578],[-87.63512,41.872203],[-87.635127,41.872568],[-87.634385,41.872578]]]}},{"type":"Feature","properties":{"name":"1000M","levels":null,"area":352},"geometry":{"type":"Polygon","coordinates":[[[-87.625277,41.870067],[-87.624391,41.869722],[-87.625261,41.869754],[-87.625277,41.870067]]]}},{"type":"Feature","properties":{"name":"Curtis Granderson Stadium","levels":null,"area":170},"geometry":{"type":"Polygon","coordinates":[[[-87.648926,41.864943],[-87.649704,41.8649],[-87.649608,41.865373],[-87.648926,41.864943]]]}},{"type":"Feature","properties":{"name":"Computer Design Research and Learning Center","levels":null,"area":415},"geometry":{"type":"Polygon","coordinates":[[[-87.649718,41.869821],[-87.648989,41.870012],[-87.648975,41.869803],[-87.649718,41.869821]]]}},{"type":"Feature","properties":{"name":null,"levels":null,"area":186},"geometry":{"type":"Polygon","coordinates":[[[-87.626742,41.867981],[-87.626576,41.866827],[-87.626711,41.866825],[-87.626742,41.867981]]]}},{"type":"Feature","properties":{"name":null,"levels":null,"area":310},"geometry":{"type":"Polygon","coordinates":[[[-87.646342,41.8647],[-87.645611,41.86435],[-87.646335,41.864339],[-87.646342,41.8647]]]}},{"type":"Feature","properties":{"name":null,"levels":null,"area":288},"geometry":{"type":"Polygon","coordinates":[[[-87.645614,41.865102],[-87.646732,41.864868],[-87.646738,41.865087],[-87.645614,41.865102]]]}},{"type":"Feature","properties":{"name":null,"levels":null,"area":185},"geometry":{"type":"Polygon","coordinates":[[[-87.646725,41.864696],[-87.646334,41.864296],[-87.646716,41.864291],[-87.646725,41.864696]]]}},{"type":"Feature","properties":{"name":"Printers Square Condominium","levels":null,"area":771},"geometry":{"type":"Polygon","coordinates":[[[-87.630123,41.874165],[-87.629717,41.872406],[-87.630074,41.872402],[-87.630123,41.874165]]]}},{"type":"Feature","properties":{"name":"Lofts at Rosevelt Collection East","levels":null,"area":383},"geometry":{"type":"Polygon","coordinates":[[[-87.632111,41.867582],[-87.631902,41.867674],[-87.631723,41.867519],[-87.632111,41.867582]]]}},{"type":"Feature","properties":{"name":"H&M","levels":null,"area":182},"geometry":{"type":"Polygon","coordinates":[[[-87.631871,41.868297],[-87.632358,41.868587],[-87.631936,41.868632],[-87.631871,41.868297]]]}},{"type":"Feature","properties":{"name":null,"levels":null,"area":170},"geometry":{"type":"Polygon","coordinates":[[[-87.632423,41.868768],[-87.632035,41.869155],[-87.631971,41.868816],[-87.632423,41.868768]]]}},{"type":"Feature","properties":{"name":"Sky Zone","levels":null,"area":369},"geometry":{"type":"Polygon","coordinates":[[[-87.633369,41.869321],[-87.632878,41.868662],[-87.633347,41.868655],[-87.633369,41.869321]]]}},{"type":"Feature","properties":{"name":null,"levels":null,"area":268},"geometry":{"type":"Polygon","coordinates":[[[-87.633335,41.86808],[-87.632963,41.867503],[-87.633316,41.867497],[-87.633335,41.86808]]]}},{"type":"Feature","properties":{"name":"1010 S. Wells at Riverline","levels":null,"area":411},"geometry":{"type":"Polygon","coordinates":[[[-87.634531,41.869701],[-87.63365,41.86932],[-87.63452,41.869307],[-87.634531,41.869701]]]}},{"type":"Feature","properties":{"name":null,"levels":null,"area":189},"geometry":{"type":"Polygon","coordinates":[[[-87.632531,41.872759],[-87.632516,41.875187],[-87.632447,41.872761],[-87.632531,41.872759]]]}},{"type":"Feature","properties":{"name":null,"levels":null,"area":283},"geometry":{"type":"Polygon","coordinates":[[[-87.632391,41.873021],[-87.632346,41.87519],[-87.632285,41.872762],[-87.632391,41.873021]]]}},{"type":"Feature","properties":{"name":null,"levels":null,"area":268},"geometry":{"type":"Polygon","coordinates":[[[-87.632121,41.872764],[-87.632272,41.875191],[-87.632179,41.875192],[-87.632121,41.872764]]]}},{"type":"Feature","properties":{"name":null,"levels":null,"area":278},"geometry":{"type":"Polygon","coordinates":[[[-87.632047,41.872764],[-87.632009,41.875194],[-87.631973,41.872766],[-87.632047,41.872764]]]}},{"type":"Feature","properties":{"name":null,"levels":null,"area":173},"geometry":{"type":"Polygon","coordinates":[[[-87.631876,41.875196],[-87.631883,41.872768],[-87.631936,41.875195],[-87.631876,41.875196]]]}},{"type":"Feature","properties":{"name":null,"levels":null,"area":310},"geometry":{"type":"Polygon","coordinates":[[[-87.646053,41.866953],[-87.645327,41.866602],[-87.646042,41.866589],[-87.646053,41.866953]]]}},{"type":"Feature","properties":{"name":"The Art Institute of Chicago","levels":null,"area":3383},"geometry":{"type":"Polygon","coordinates":[[[-87.621088,41.879713],[-87.623342,41.878562],[-87.624012,41.880005],[-87.621387,41.880667],[-87.622083,41.880292],[-87.621088,41.879713]],[[-87.622092,41.879723],[-87.621621,41.879468],[-87.621626,41.879729],[-87.622092,41.879723]]]}},{"type":"Feature","properties":{"name":"Chicago Cultural Center","levels":null,"area":628},"geometry":{"type":"Polygon","coordinates":[[[-87.62527,41.884176],[-87.624715,41.884363],[-87.624696,41.88338],[-87.625255,41.883375],[-87.62527,41.884176]],[[-87.625061,41.883821],[-87.624896,41.88393],[-87.625063,41.883913],[-87.625061,41.883821]]]}},{"type":"Feature","properties":{"name":"Standard Parking Garage","levels":null,"area":279},"geometry":{"type":"Polygon","coordinates":[[[-87.634065,41.884643],[-87.634557,41.884584],[-87.634563,41.885078],[-87.634077,41.885079],[-87.634065,41.884643]],[[-87.634271,41.884803],[-87.634359,41.884868],[-87.634366,41.884811],[-87.634271,41.884803]]]}},{"type":"Feature","properties":{"name":null,"levels":null,"area":185},"geometry":{"type":"Polygon","coordinates":[[[-87.626155,41.878892],[-87.626269,41.879446],[-87.626235,41.880164],[-87.625998,41.87961],[-87.626155,41.878892]],[[-87.626088,41.879239],[-87.626177,41.879818],[-87.626163,41.879238],[-87.626088,41.879239]]]}},{"type":"Feature","properties":{"name":"300 W Adams","levels":null,"area":301},"geometry":{"type":"Polygon","coordinates":[[[-87.635423,41.87947],[-87.635968,41.879921],[-87.635432,41.879966],[-87.635423,41.87947]]]}},{"type":"Feature","properties":{"name":"122 South Michigan","levels":null,"area":410},"geometry":{"type":"Polygon","coordinates":[[[-87.624625,41.879644],[-87.625267,41.880179],[-87.624643,41.880189],[-87.624625,41.879644]]]}},{"type":"Feature","properties":{"name":"Metropolitan Tower","levels":null,"area":303},"geometry":{"type":"Polygon","coordinates":[[[-87.625219,41.878146],[-87.624585,41.878187],[-87.624574,41.877754],[-87.625209,41.877743],[-87.625219,41.878146]],[[-87.625019,41.878035],[-87.624814,41.877943],[-87.624817,41.878038],[-87.625019,41.878035]]]}},{"type":"Feature","properties":{"name":null,"levels":null,"area":233},"geometry":{"type":"Polygon","coordinates":[[[-87.639115,41.877963],[-87.639105,41.877963],[-87.639018,41.877965],[-87.638929,41.877311],[-87.638918,41.876891],[-87.638918,41.877306],[-87.638852,41.877297],[-87.638839,41.876879],[-87.639318,41.876872],[-87.639351,41.87796],[-87.639115,41.877963]],[[-87.638931,41.876908],[-87.638994,41.877253],[-87.63898,41.876906],[-87.638931,41.876908]],[[-87.63887,41.877256],[-87.638886,41.87691],[-87.638861,41.87691],[-87.63887,41.877256]],[[-87.639259,41.876902],[-87.639338,41.877932],[-87.639309,41.876902],[-87.639259,41.876902]],[[-87.639215,41.876903],[-87.639218,41.877934],[-87.639245,41.877933],[-87.639215,41.876903]],[[-87.639126,41.877926],[-87.639145,41.876905],[-87.639095,41.876905],[-87.639126,41.877926]],[[-87.639055,41.877936],[-87.639051,41.876907],[-87.639025,41.876908],[-87.639055,41.877936]]]}},{"type":"Feature","properties":{"name":"Chicago Union Station","levels":null,"area":952},"geometry":{"type":"Polygon","coordinates":[[[-87.63984,41.878382],[-87.638813,41.879063],[-87.638541,41.878343],[-87.63984,41.878382]]]}},{"type":"Feature","properties":{"name":"Fulton Court Townhomes","levels":null,"area":466},"geometry":{"type":"Polygon","coordinates":[[[-87.645603,41.887348],[-87.644455,41.887355],[-87.644451,41.886942],[-87.645599,41.886936],[-87.645603,41.887348]],[[-87.64551,41.887084],[-87.644538,41.887175],[-87.645511,41.887171],[-87.64551,41.887084]]]}},{"type":"Feature","properties":{"name":"Ogilvie Transportation Center","levels":null,"area":1380},"geometry":{"type":"Polygon","coordinates":[[[-87.639917,41.883005],[-87.640997,41.881994],[-87.641082,41.882991],[-87.639917,41.883005]]]}},{"type":"Feature","properties":{"name":"Old Chicago Post Office","levels":null,"area":3138},"geometry":{"type":"Polygon","coordinates":[[[-87.638089,41.876662],[-87.63926,41.874517],[-87.639327,41.876641],[-87.638089,41.876662]]]}},{"type":"Feature","properties":{"name":"Harold Washington Library Center","levels":null,"area":863},"geometry":{"type":"Polygon","coordinates":[[[-87.627838,41.875839],[-87.628592,41.876803],[-87.627845,41.876812],[-87.627838,41.875839]]]}},{"type":"Feature","properties":{"name":"Chicago Board of Trade Building","levels":null,"area":1664},"geometry":{"type":"Polygon","coordinates":[[[-87.630912,41.876979],[-87.632603,41.878044],[-87.630914,41.877645],[-87.630912,41.876979]]]}},{"type":"Feature","properties":{"name":"Computing and Digital Media Center","levels":null,"area":195},"geometry":{"type":"Polygon","coordinates":[[[-87.625923,41.878615],[-87.625287,41.878366],[-87.625916,41.878355],[-87.625923,41.878615]]]}},{"type":"Feature","properties":{"name":"DePaul Center","levels":null,"area":629},"geometry":{"type":"Polygon","coordinates":[[[-87.627483,41.877044],[-87.626978,41.878042],[-87.626953,41.877053],[-87.627483,41.877044]]]}},{"type":"Feature","properties":{"name":"Lewis Center","levels":null,"area":186},"geometry":{"type":"Polygon","coordinates":[[[-87.626906,41.877818],[-87.626289,41.878154],[-87.626282,41.877828],[-87.626906,41.877818]]]}},{"type":"Feature","properties":{"name":"Chicago Greyhound Terminal","levels":null,"area":626},"geometry":{"type":"Polygon","coordinates":[[[-87.643565,41.875201],[-87.642784,41.874536],[-87.64355,41.874527],[-87.643565,41.875201]]]}},{"type":"Feature","properties":{"name":"Hydro, Inc. Headquarters","levels":null,"area":268},"geometry":{"type":"Polygon","coordinates":[[[-87.649594,41.882198],[-87.648678,41.882422],[-87.64867,41.882213],[-87.649594,41.882198]]]}},{"type":"Feature","properties":{"name":"Porte","levels":null,"area":1129},"geometry":{"type":"Polygon","coordinates":[[[-87.649511,41.880565],[-87.64866,41.881632],[-87.648632,41.880578],[-87.649511,41.880565]]]}},{"type":"Feature","properties":{"name":"167 Green Street","levels":null,"area":580},"geometry":{"type":"Polygon","coordinates":[[[-87.647588,41.884916],[-87.648114,41.885556],[-87.64761,41.885559],[-87.647588,41.884916]]]}},{"type":"Feature","properties":{"name":"Kemper Building","levels":null,"area":272},"geometry":{"type":"Polygon","coordinates":[[[-87.62775,41.886338],[-87.627348,41.88672],[-87.627097,41.886339],[-87.62775,41.886338]]]}},{"type":"Feature","properties":{"name":"Leo Burnett Building","levels":null,"area":517},"geometry":{"type":"Polygon","coordinates":[[[-87.628776,41.885869],[-87.629369,41.886693],[-87.628837,41.886701],[-87.628776,41.885869]]]}},{"type":"Feature","properties":{"name":"77 West Wacker","levels":null,"area":276},"geometry":{"type":"Polygon","coordinates":[[[-87.630278,41.886328],[-87.630816,41.886708],[-87.630251,41.886686],[-87.630278,41.886328]]]}},{"type":"Feature","properties":{"name":"225 West Wacker","levels":null,"area":408},"geometry":{"type":"Polygon","coordinates":[[[-87.634891,41.885849],[-87.635296,41.886712],[-87.634906,41.886714],[-87.634891,41.885849]]]}},{"type":"Feature","properties":{"name":"Kluczynski Federal Building","levels":null,"area":311},"geometry":{"type":"Polygon","coordinates":[[[-87.62948,41.878306],[-87.630317,41.878605],[-87.629488,41.878618],[-87.62948,41.878306]]]}},{"type":"Feature","properties":{"name":"Mid-Continental Plaza","levels":null,"area":706},"geometry":{"type":"Polygon","coordinates":[[[-87.625945,41.879689],[-87.625349,41.880638],[-87.625326,41.879717],[-87.625945,41.879689]]]}},{"type":"Feature","properties":{"name":"190 South Lasalle","levels":null,"area":291},"geometry":{"type":"Polygon","coordinates":[[[-87.63297,41.879551],[-87.63248,41.880009],[-87.632464,41.879505],[-87.63297,41.879551]]]}},{"type":"Feature","properties":{"name":"Franklin Center North Tower","levels":null,"area":520},"geometry":{"type":"Polygon","coordinates":[[[-87.635139,41.880554],[-87.634327,41.88002],[-87.635107,41.88001],[-87.635139,41.880554]]]}},{"type":"Feature","properties":{"name":"111 South Wacker","levels":null,"area":350},"geometry":{"type":"Polygon","coordinates":[[[-87.636612,41.880074],[-87.636031,41.880547],[-87.636016,41.880039],[-87.636612,41.880074]]]}},{"type":"Feature","properties":{"name":"200 South Wacker","levels":null,"area":277},"geometry":{"type":"Polygon","coordinates":[[[-87.637081,41.878814],[-87.637686,41.87918],[-87.637086,41.879262],[-87.637081,41.878814]]]}},{"type":"Feature","properties":{"name":"Insurance Exchange Building","levels":null,"area":945},"geometry":{"type":"Polygon","coordinates":[[[-87.633556,41.876964],[-87.632858,41.87804],[-87.632847,41.876956],[-87.633556,41.876964]]]}},{"type":"Feature","properties":{"name":"Federal Reserve Bank of Chicago","levels":null,"area":618},"geometry":{"type":"Polygon","coordinates":[[[-87.632445,41.878232],[-87.63361,41.878665],[-87.632456,41.878681],[-87.632445,41.878232]]]}},{"type":"Feature","properties":{"name":"Wintrust Financial Corparation","levels":null,"area":671},"geometry":{"type":"Polygon","coordinates":[[[-87.630941,41.878249],[-87.632101,41.878723],[-87.630951,41.878737],[-87.630941,41.878249]]]}},{"type":"Feature","properties":{"name":"South La Salle Street Building","levels":null,"area":625},"geometry":{"type":"Polygon","coordinates":[[[-87.63243,41.878864],[-87.633614,41.879294],[-87.632445,41.879308],[-87.63243,41.878864]]]}},{"type":"Feature","properties":{"name":"Field Building","levels":null,"area":727},"geometry":{"type":"Polygon","coordinates":[[[-87.630972,41.87952],[-87.632163,41.880018],[-87.630985,41.880034],[-87.630972,41.87952]]]}},{"type":"Feature","properties":{"name":"Richard J. Daley Center","levels":null,"area":464},"geometry":{"type":"Polygon","coordinates":[[[-87.630679,41.883889],[-87.62973,41.884302],[-87.629719,41.883899],[-87.630679,41.883889]]]}},{"type":"Feature","properties":{"name":"One North LaSalle","levels":null,"area":215},"geometry":{"type":"Polygon","coordinates":[[[-87.631834,41.882082],[-87.632219,41.882558],[-87.63185,41.882562],[-87.631834,41.882082]]]}},{"type":"Feature","properties":{"name":"Two North LaSalle","levels":null,"area":336},"geometry":{"type":"Polygon","coordinates":[[[-87.632513,41.882079],[-87.633106,41.882552],[-87.632522,41.882561],[-87.632513,41.882079]]]}},{"type":"Feature","properties":{"name":"10 South Riverside Plaza","levels":null,"area":501},"geometry":{"type":"Polygon","coordinates":[[[-87.639366,41.880861],[-87.63889,41.881613],[-87.638798,41.880799],[-87.639366,41.880861]]]}},{"type":"Feature","properties":{"name":"Marmon Building","levels":null,"area":232},"geometry":{"type":"Polygon","coordinates":[[[-87.634804,41.883075],[-87.635199,41.882641],[-87.635147,41.883099],[-87.634804,41.883075]]]}},{"type":"Feature","properties":{"name":"PNC Centre","levels":null,"area":245},"geometry":{"type":"Polygon","coordinates":[[[-87.635179,41.88206],[-87.634775,41.882553],[-87.634754,41.882064],[-87.635179,41.88206]]]}},{"type":"Feature","properties":{"name":"Monadnock Building","levels":null,"area":320},"geometry":{"type":"Polygon","coordinates":[[[-87.629448,41.878088],[-87.629661,41.87699],[-87.629687,41.878086],[-87.629448,41.878088]]]}},{"type":"Feature","properties":{"name":"The Standard Club","levels":null,"area":172},"geometry":{"type":"Polygon","coordinates":[[[-87.629158,41.877949],[-87.628878,41.877412],[-87.629144,41.877408],[-87.629158,41.877949]]]}},{"type":"Feature","properties":{"name":"Dirksen Federal Building and US Courthouse","levels":null,"area":501},"geometry":{"type":"Polygon","coordinates":[[[-87.628739,41.878317],[-87.629185,41.879316],[-87.628772,41.879323],[-87.628739,41.878317]]]}},{"type":"Feature","properties":{"name":"Ralph H. Metcalfe Federal Building","levels":null,"area":319},"geometry":{"type":"Polygon","coordinates":[[[-87.630244,41.877333],[-87.630628,41.878062],[-87.630266,41.878066],[-87.630244,41.877333]]]}},{"type":"Feature","properties":{"name":"The Rookery","levels":null,"area":361},"geometry":{"type":"Polygon","coordinates":[[[-87.631519,41.878841],[-87.632144,41.879322],[-87.631526,41.879332],[-87.631519,41.878841]]]}},{"type":"Feature","properties":{"name":"Bankers Building","levels":null,"area":267},"geometry":{"type":"Polygon","coordinates":[[[-87.631407,41.878841],[-87.630964,41.879336],[-87.630951,41.878849],[-87.631407,41.878841]]]}},{"type":"Feature","properties":{"name":"Union League Club","levels":null,"area":179},"geometry":{"type":"Polygon","coordinates":[[[-87.630199,41.877665],[-87.629841,41.878077],[-87.629834,41.87767],[-87.630199,41.877665]]]}},{"type":"Feature","properties":{"name":"TransUnion Building","levels":null,"area":317},"geometry":{"type":"Polygon","coordinates":[[[-87.630914,41.877687],[-87.631703,41.878011],[-87.630925,41.87802],[-87.630914,41.877687]]]}},{"type":"Feature","properties":{"name":"Chicago Loop Post Office","levels":null,"area":468},"geometry":{"type":"Polygon","coordinates":[[[-87.629904,41.878797],[-87.630641,41.87933],[-87.629922,41.879339],[-87.629904,41.878797]]]}},{"type":"Feature","properties":{"name":"318 South Federal","levels":null,"area":264},"geometry":{"type":"Polygon","coordinates":[[[-87.629814,41.876993],[-87.630196,41.877593],[-87.629831,41.877597],[-87.629814,41.876993]]]}},{"type":"Feature","properties":{"name":"Hilton Garden Inn Chicago Central Loop","levels":null,"area":198},"geometry":{"type":"Polygon","coordinates":[[[-87.635099,41.878655],[-87.634683,41.878206],[-87.635079,41.878204],[-87.635099,41.878655]]]}},{"type":"Feature","properties":{"name":null,"levels":null,"area":209},"geometry":{"type":"Polygon","coordinates":[[[-87.634314,41.878661],[-87.634683,41.878206],[-87.634709,41.878658],[-87.634314,41.878661]]]}},{"type":"Feature","properties":{"name":"200 West Jackson","levels":null,"area":219},"geometry":{"type":"Polygon","coordinates":[[[-87.634301,41.878212],[-87.633904,41.878661],[-87.633894,41.878216],[-87.634301,41.878212]]]}},{"type":"Feature","properties":{"name":"Tower Self Park","levels":null,"area":724},"geometry":{"type":"Polygon","coordinates":[[[-87.633918,41.87878],[-87.635108,41.879278],[-87.633928,41.879292],[-87.633918,41.87878]]]}},{"type":"Feature","properties":{"name":"McKinlock Building","levels":null,"area":158},"geometry":{"type":"Polygon","coordinates":[[[-87.633894,41.878026],[-87.63444,41.877779],[-87.634445,41.87802],[-87.633894,41.878026]]]}},{"type":"Feature","properties":{"name":"Brooks Building","levels":null,"area":182},"geometry":{"type":"Polygon","coordinates":[[[-87.634515,41.878025],[-87.635068,41.877745],[-87.635077,41.878016],[-87.634515,41.878025]]]}},{"type":"Feature","properties":{"name":"235 West Van Buren Street","levels":null,"area":278},"geometry":{"type":"Polygon","coordinates":[[[-87.634264,41.876751],[-87.635052,41.876441],[-87.635057,41.87667],[-87.634264,41.876751]]]}},{"type":"Feature","properties":{"name":"Franklin-Van Buren Parking Garage","levels":null,"area":373},"geometry":{"type":"Polygon","coordinates":[[[-87.634508,41.877505],[-87.635039,41.876945],[-87.635055,41.877499],[-87.634508,41.877505]]]}},{"type":"Feature","properties":{"name":"Traders Self Park","levels":null,"area":317},"geometry":{"type":"Polygon","coordinates":[[[-87.634002,41.877193],[-87.63444,41.877779],[-87.634017,41.877787],[-87.634002,41.877193]]]}},{"type":"Feature","properties":{"name":"Federal Parking Facility","levels":null,"area":513},"geometry":{"type":"Polygon","coordinates":[[[-87.630378,41.876435],[-87.629803,41.875813],[-87.630494,41.875804],[-87.630378,41.876435]]]}},{"type":"Feature","properties":{"name":"THE MIDLAND HOTEL, Chicago, a Tribute Portfolio Hotel","levels":null,"area":211},"geometry":{"type":"Polygon","coordinates":[[[-87.633319,41.880015],[-87.632969,41.879492],[-87.633299,41.879488],[-87.633319,41.880015]]]}},{"type":"Feature","properties":{"name":"145 South Wells","levels":null,"area":154},"geometry":{"type":"Polygon","coordinates":[[[-87.63363,41.879598],[-87.633319,41.880015],[-87.633302,41.879602],[-87.63363,41.879598]]]}},{"type":"Feature","properties":{"name":null,"levels":null,"area":273},"geometry":{"type":"Polygon","coordinates":[[[-87.651496,41.883188],[-87.65106,41.883916],[-87.651048,41.883192],[-87.651496,41.883188]]]}},{"type":"Feature","properties":{"name":"Chicago City Hall","levels":null,"area":555},"geometry":{"type":"Polygon","coordinates":[[[-87.63169,41.883342],[-87.632239,41.884345],[-87.63167,41.88435],[-87.63169,41.883342]]]}},{"type":"Feature","properties":{"name":"30 North LaSalle","levels":null,"area":291},"geometry":{"type":"Polygon","coordinates":[[[-87.632613,41.882645],[-87.633216,41.883048],[-87.632612,41.883047],[-87.632613,41.882645]]]}},{"type":"Feature","properties":{"name":"Cook County Building","levels":null,"area":568},"geometry":{"type":"Polygon","coordinates":[[[-87.631097,41.883348],[-87.63167,41.88435],[-87.631114,41.884355],[-87.631097,41.883348]]]}},{"type":"Feature","properties":{"name":"Wabash-Randolph Parking Garage","levels":null,"area":406},"geometry":{"type":"Polygon","coordinates":[[[-87.626466,41.885073],[-87.627202,41.884608],[-87.627202,41.885067],[-87.626466,41.885073]]]}},{"type":"Feature","properties":{"name":"200 West Monroe","levels":null,"area":352},"geometry":{"type":"Polygon","coordinates":[[[-87.634006,41.881262],[-87.634585,41.880758],[-87.634598,41.881255],[-87.634006,41.881262]]]}},{"type":"Feature","properties":{"name":"Macy's","levels":null,"area":1595},"geometry":{"type":"Polygon","coordinates":[[[-87.627676,41.883332],[-87.62644,41.884394],[-87.626408,41.883343],[-87.627676,41.883332]]]}},{"type":"Feature","properties":{"name":"Gateway Center IV","levels":null,"area":648},"geometry":{"type":"Polygon","coordinates":[[[-87.638335,41.87797],[-87.638629,41.876891],[-87.638829,41.877961],[-87.638335,41.87797]]]}},{"type":"Feature","properties":{"name":"333 Wacker Drive","levels":null,"area":338},"geometry":{"type":"Polygon","coordinates":[[[-87.635906,41.885841],[-87.636086,41.886218],[-87.635588,41.886443],[-87.635906,41.885841]]]}},{"type":"Feature","properties":{"name":"Boeing World Headquarters","levels":null,"area":561},"geometry":{"type":"Polygon","coordinates":[[[-87.639037,41.884343],[-87.638588,41.883307],[-87.639009,41.883299],[-87.639037,41.884343]]]}},{"type":"Feature","properties":{"name":"George W. Dunne Cook County Administration Building","levels":null,"area":365},"geometry":{"type":"Polygon","coordinates":[[[-87.6302,41.882614],[-87.62962,41.883114],[-87.629701,41.882613],[-87.6302,41.882614]]]}},{"type":"Feature","properties":{"name":"Builders Building","levels":null,"area":535},"geometry":{"type":"Polygon","coordinates":[[[-87.633803,41.886308],[-87.632714,41.886717],[-87.632702,41.886308],[-87.633803,41.886308]]]}},{"type":"Feature","properties":{"name":"10 South LaSalle","levels":null,"area":270},"geometry":{"type":"Polygon","coordinates":[[[-87.632946,41.881803],[-87.632506,41.881352],[-87.632899,41.881347],[-87.632946,41.881803]]]}},{"type":"Feature","properties":{"name":"Civic Opera House","levels":null,"area":916},"geometry":{"type":"Polygon","coordinates":[[[-87.637754,41.883094],[-87.637104,41.882059],[-87.637875,41.882019],[-87.637754,41.883094]]]}},{"type":"Feature","properties":{"name":"The National Building","levels":null,"area":411},"geometry":{"type":"Polygon","coordinates":[[[-87.630009,41.879534],[-87.630683,41.880041],[-87.630017,41.88005],[-87.630009,41.879534]]]}},{"type":"Feature","properties":{"name":"100 South Wacker","levels":null,"area":356},"geometry":{"type":"Polygon","coordinates":[[[-87.63784,41.880096],[-87.637136,41.880522],[-87.637126,41.880106],[-87.63784,41.880096]]]}},{"type":"Feature","properties":{"name":"Marquette Building","levels":null,"area":315},"geometry":{"type":"Polygon","coordinates":[[[-87.630009,41.879534],[-87.629505,41.880054],[-87.6295,41.879539],[-87.630009,41.879534]]]}},{"type":"Feature","properties":{"name":"181 West Madison","levels":null,"area":310},"geometry":{"type":"Polygon","coordinates":[[[-87.633674,41.881786],[-87.633115,41.881377],[-87.633668,41.881369],[-87.633674,41.881786]]]}},{"type":"Feature","properties":{"name":"Pittsfield Building","levels":null,"area":235},"geometry":{"type":"Polygon","coordinates":[[[-87.626035,41.882788],[-87.625437,41.883117],[-87.62543,41.882792],[-87.626035,41.882788]]]}},{"type":"Feature","properties":{"name":"Two First National Building","levels":null,"area":167},"geometry":{"type":"Polygon","coordinates":[[[-87.631373,41.881495],[-87.631011,41.881105],[-87.631367,41.881099],[-87.631373,41.881495]]]}},{"type":"Feature","properties":{"name":"OneEleven","levels":null,"area":277},"geometry":{"type":"Polygon","coordinates":[[[-87.631746,41.886319],[-87.631163,41.886711],[-87.631162,41.886318],[-87.631746,41.886319]]]}},{"type":"Feature","properties":{"name":"Florsheim Tower","levels":null,"area":322},"geometry":{"type":"Polygon","coordinates":[[[-87.633515,41.88626],[-87.632778,41.885911],[-87.633512,41.886022],[-87.633515,41.88626]]]}},{"type":"Feature","properties":{"name":"CIBC Building","levels":null,"area":427},"geometry":{"type":"Polygon","coordinates":[[[-87.633152,41.880068],[-87.632479,41.880593],[-87.632461,41.880072],[-87.633152,41.880068]]]}},{"type":"Feature","properties":{"name":"Jessie White State of Illinois Building","levels":null,"area":231},"geometry":{"type":"Polygon","coordinates":[[[-87.632166,41.880121],[-87.631661,41.880506],[-87.631656,41.88013],[-87.632166,41.880121]]]}},{"type":"Feature","properties":{"name":"AT&T","levels":null,"area":302},"geometry":{"type":"Polygon","coordinates":[[[-87.63637,41.883105],[-87.635857,41.882609],[-87.636359,41.882605],[-87.63637,41.883105]]]}},{"type":"Feature","properties":{"name":"One South Dearborn","levels":null,"area":323},"geometry":{"type":"Polygon","coordinates":[[[-87.628991,41.881395],[-87.628476,41.88191],[-87.628461,41.881402],[-87.628991,41.881395]]]}},{"type":"Feature","properties":{"name":"33 West Monroe","levels":null,"area":465},"geometry":{"type":"Polygon","coordinates":[[[-87.628446,41.880636],[-87.629215,41.880128],[-87.629226,41.880626],[-87.628446,41.880636]]]}},{"type":"Feature","properties":{"name":"Monroe & Wells Parking","levels":null,"area":304},"geometry":{"type":"Polygon","coordinates":[[[-87.633645,41.880061],[-87.633165,41.880582],[-87.633152,41.880068],[-87.633645,41.880061]]]}},{"type":"Feature","properties":{"name":null,"levels":null,"area":158},"geometry":{"type":"Polygon","coordinates":[[[-87.636687,41.883102],[-87.636415,41.882604],[-87.636677,41.882602],[-87.636687,41.883102]]]}},{"type":"Feature","properties":{"name":"333 South Wabash","levels":null,"area":466},"geometry":{"type":"Polygon","coordinates":[[[-87.62588,41.87708],[-87.625277,41.877721],[-87.625266,41.877091],[-87.62588,41.87708]]]}},{"type":"Feature","properties":{"name":"Harold Washington College","levels":null,"area":335},"geometry":{"type":"Polygon","coordinates":[[[-87.627231,41.885872],[-87.626498,41.886255],[-87.626494,41.885876],[-87.627231,41.885872]]]}},{"type":"Feature","properties":{"name":"35 East Wacker","levels":null,"area":289},"geometry":{"type":"Polygon","coordinates":[[[-87.627097,41.886329],[-87.626495,41.886727],[-87.626484,41.886331],[-87.627097,41.886329]]]}},{"type":"Feature","properties":{"name":"Northern Trust Bank","levels":null,"area":169},"geometry":{"type":"Polygon","coordinates":[[[-87.632491,41.881289],[-87.632755,41.880771],[-87.632766,41.881286],[-87.632491,41.881289]]]}},{"type":"Feature","properties":{"name":"55 West Wacker","levels":null,"area":206},"geometry":{"type":"Polygon","coordinates":[[[-87.63011,41.886315],[-87.629686,41.886714],[-87.629678,41.886321],[-87.63011,41.886315]]]}},{"type":"Feature","properties":{"name":"Bell Savings Building","levels":null,"area":206},"geometry":{"type":"Polygon","coordinates":[[[-87.630691,41.880093],[-87.63037,41.880615],[-87.63036,41.880096],[-87.630691,41.880093]]]}},{"type":"Feature","properties":{"name":"The Poetry Garage","levels":null,"area":461},"geometry":{"type":"Polygon","coordinates":[[[-87.633987,41.881829],[-87.634809,41.881368],[-87.63482,41.881823],[-87.633987,41.881829]]]}},{"type":"Feature","properties":{"name":"Block 37 Shops","levels":null,"area":1453},"geometry":{"type":"Polygon","coordinates":[[[-87.629326,41.884391],[-87.628096,41.883341],[-87.629278,41.883329],[-87.629326,41.884391]]]}},{"type":"Feature","properties":{"name":"Northern Trust Bank","levels":null,"area":349},"geometry":{"type":"Polygon","coordinates":[[[-87.633328,41.880768],[-87.632766,41.881278],[-87.632755,41.880771],[-87.633328,41.880768]]]}},{"type":"Feature","properties":{"name":"55 West Monroe","levels":null,"area":279},"geometry":{"type":"Polygon","coordinates":[[[-87.630099,41.880155],[-87.629644,41.880591],[-87.629587,41.880161],[-87.630099,41.880155]]]}},{"type":"Feature","properties":{"name":"Auditorium Building","levels":null,"area":749},"geometry":{"type":"Polygon","coordinates":[[[-87.625874,41.876232],[-87.624538,41.875826],[-87.625857,41.875793],[-87.625874,41.876232]]]}},{"type":"Feature","properties":{"name":"Borg-Warner Building","levels":null,"area":212},"geometry":{"type":"Polygon","coordinates":[[[-87.625236,41.879165],[-87.62462,41.87946],[-87.624613,41.879178],[-87.625236,41.879165]]]}},{"type":"Feature","properties":{"name":"Chicago Theatre","levels":null,"area":371},"geometry":{"type":"Polygon","coordinates":[[[-87.626902,41.885648],[-87.627718,41.885186],[-87.627718,41.885348],[-87.626902,41.885648]]]}},{"type":"Feature","properties":{"name":"Burnham Center","levels":null,"area":440},"geometry":{"type":"Polygon","coordinates":[[[-87.631065,41.883107],[-87.631771,41.882616],[-87.631781,41.883106],[-87.631065,41.883107]]]}},{"type":"Feature","properties":{"name":"Engineering Building","levels":null,"area":180},"geometry":{"type":"Polygon","coordinates":[[[-87.634477,41.886307],[-87.634119,41.886716],[-87.634107,41.886309],[-87.634477,41.886307]]]}},{"type":"Feature","properties":{"name":"Fine Arts Building","levels":null,"area":182},"geometry":{"type":"Polygon","coordinates":[[[-87.624549,41.87662],[-87.625176,41.876319],[-87.625184,41.876584],[-87.624549,41.87662]]]}},{"type":"Feature","properties":{"name":"Heitman Center","levels":null,"area":380},"geometry":{"type":"Polygon","coordinates":[[[-87.633352,41.885577],[-87.63268,41.885142],[-87.633343,41.885138],[-87.633352,41.885577]]]}},{"type":"Feature","properties":{"name":"LaSalle - Wacker Building","levels":null,"area":247},"geometry":{"type":"Polygon","coordinates":[[[-87.63226,41.886715],[-87.631746,41.886313],[-87.632255,41.88631],[-87.63226,41.886715]]]}},{"type":"Feature","properties":{"name":"Madison Plaza","levels":null,"area":315},"geometry":{"type":"Polygon","coordinates":[[[-87.634027,41.882547],[-87.634636,41.882074],[-87.634666,41.882552],[-87.634027,41.882547]]]}},{"type":"Feature","properties":{"name":"McCormick Building","levels":null,"area":340},"geometry":{"type":"Polygon","coordinates":[[[-87.625206,41.877608],[-87.62457,41.87711],[-87.62519,41.877092],[-87.625206,41.877608]]]}},{"type":"Feature","properties":{"name":"One Congress Center","levels":null,"area":705},"geometry":{"type":"Polygon","coordinates":[[[-87.627453,41.87576],[-87.626952,41.876874],[-87.626919,41.875767],[-87.627453,41.87576]]]}},{"type":"Feature","properties":{"name":"Railway Exchange Building","levels":null,"area":354},"geometry":{"type":"Polygon","coordinates":[[[-87.624606,41.878846],[-87.625221,41.878366],[-87.625233,41.87884],[-87.624606,41.878846]]]}},{"type":"Feature","properties":{"name":"State-Madison Building","levels":null,"area":623},"geometry":{"type":"Polygon","coordinates":[[[-87.629257,41.882112],[-87.628084,41.882562],[-87.628083,41.882129],[-87.629257,41.882112]]]}},{"type":"Feature","properties":{"name":"Columbia College","levels":null,"area":290},"geometry":{"type":"Polygon","coordinates":[[[-87.62683,41.875591],[-87.626219,41.875207],[-87.626824,41.875197],[-87.62683,41.875591]]]}},{"type":"Feature","properties":{"name":"University Center","levels":null,"area":463},"geometry":{"type":"Polygon","coordinates":[[[-87.627445,41.875437],[-87.626807,41.874492],[-87.627388,41.874484],[-87.627445,41.875437]]]}},{"type":"Feature","properties":{"name":"Chicago Club","levels":null,"area":164},"geometry":{"type":"Polygon","coordinates":[[[-87.625188,41.876911],[-87.624552,41.876704],[-87.625182,41.876693],[-87.625188,41.876911]]]}},{"type":"Feature","properties":{"name":"AT&T","levels":null,"area":223},"geometry":{"type":"Polygon","coordinates":[[[-87.630567,41.87543],[-87.630185,41.87493],[-87.630553,41.874926],[-87.630567,41.87543]]]}},{"type":"Feature","properties":{"name":"Joffrey Tower","levels":null,"area":219},"geometry":{"type":"Polygon","coordinates":[[[-87.6277,41.884611],[-87.627308,41.88507],[-87.627298,41.884616],[-87.6277,41.884611]]]}},{"type":"Feature","properties":{"name":"Theater District Self Park","levels":null,"area":339},"geometry":{"type":"Polygon","coordinates":[[[-87.629349,41.885146],[-87.628778,41.88564],[-87.628772,41.885154],[-87.629349,41.885146]]]}},{"type":"Feature","properties":{"name":"Michigan Boulevard Building","levels":null,"area":193},"geometry":{"type":"Polygon","coordinates":[[[-87.62469,41.882846],[-87.625293,41.883122],[-87.624692,41.883125],[-87.62469,41.882846]]]}},{"type":"Feature","properties":{"name":"Six North Michigan","levels":null,"area":178},"geometry":{"type":"Polygon","coordinates":[[[-87.625286,41.882461],[-87.624684,41.882217],[-87.625282,41.882211],[-87.625286,41.882461]]]}},{"type":"Feature","properties":{"name":"20 North Michigan","levels":null,"area":274},"geometry":{"type":"Polygon","coordinates":[[[-87.62529,41.882843],[-87.624686,41.882464],[-87.625286,41.882461],[-87.62529,41.882843]]]}},{"type":"Feature","properties":{"name":null,"levels":null,"area":403},"geometry":{"type":"Polygon","coordinates":[[[-87.623296,41.88661],[-87.624288,41.886259],[-87.624287,41.8866],[-87.623296,41.88661]]]}},{"type":"Feature","properties":{"name":"Michigan Plaza South","levels":null,"area":304},"geometry":{"type":"Polygon","coordinates":[[[-87.623171,41.885894],[-87.62385,41.886268],[-87.623174,41.886172],[-87.623171,41.885894]]]}},{"type":"Feature","properties":{"name":"Millennium Park Plaza","levels":null,"area":244},"geometry":{"type":"Polygon","coordinates":[[[-87.624036,41.885656],[-87.624265,41.884851],[-87.62428,41.885652],[-87.624036,41.885656]]]}},{"type":"Feature","properties":{"name":"One Prudential Plaza","levels":null,"area":874},"geometry":{"type":"Polygon","coordinates":[[[-87.622468,41.885173],[-87.623817,41.884616],[-87.623834,41.88523],[-87.622468,41.885173]]]}},{"type":"Feature","properties":{"name":"Millennium on LaSalle","levels":null,"area":195},"geometry":{"type":"Polygon","coordinates":[[[-87.632197,41.881264],[-87.631427,41.881069],[-87.63219,41.881024],[-87.632197,41.881264]]]}},{"type":"Feature","properties":{"name":"Whole Foods Market","levels":null,"area":615},"geometry":{"type":"Polygon","coordinates":[[[-87.647205,41.881901],[-87.646525,41.882444],[-87.646563,41.88191],[-87.647205,41.881901]]]}},{"type":"Feature","properties":{"name":"Skybridge","levels":null,"area":211},"geometry":{"type":"Polygon","coordinates":[[[-87.646878,41.883042],[-87.646525,41.882444],[-87.64686,41.882438],[-87.646878,41.883042]]]}},{"type":"Feature","properties":{"name":"Madison Manor 2","levels":null,"area":321},"geometry":{"type":"Polygon","coordinates":[[[-87.65077,41.88212],[-87.649822,41.88185],[-87.650762,41.881839],[-87.65077,41.88212]]]}},{"type":"Feature","properties":{"name":null,"levels":null,"area":316},"geometry":{"type":"Polygon","coordinates":[[[-87.636704,41.883812],[-87.636151,41.883329],[-87.63669,41.88332],[-87.636704,41.883812]]]}},{"type":"Feature","properties":{"name":null,"levels":null,"area":252},"geometry":{"type":"Polygon","coordinates":[[[-87.636714,41.884353],[-87.636304,41.883873],[-87.636708,41.883866],[-87.636714,41.884353]]]}},{"type":"Feature","properties":{"name":"155 North Wacker","levels":null,"area":467},"geometry":{"type":"Polygon","coordinates":[[[-87.636701,41.88507],[-87.635916,41.884584],[-87.636721,41.884583],[-87.636701,41.88507]]]}},{"type":"Feature","properties":{"name":"First United Methodist Church of Chicago","levels":null,"area":184},"geometry":{"type":"Polygon","coordinates":[[[-87.63077,41.88311],[-87.630459,41.882609],[-87.630764,41.882607],[-87.63077,41.88311]]]}},{"type":"Feature","properties":{"name":"110 North Wacker","levels":null,"area":431},"geometry":{"type":"Polygon","coordinates":[[[-87.637699,41.883318],[-87.637233,41.88419],[-87.637226,41.88332],[-87.637699,41.883318]]]}},{"type":"Feature","properties":{"name":"Roosevelt University Wabash Building","levels":null,"area":202},"geometry":{"type":"Polygon","coordinates":[[[-87.625241,41.876242],[-87.625873,41.876509],[-87.625247,41.876517],[-87.625241,41.876242]]]}},{"type":"Feature","properties":{"name":null,"levels":null,"area":301},"geometry":{"type":"Polygon","coordinates":[[[-87.634395,41.879477],[-87.633946,41.880024],[-87.63393,41.879483],[-87.634395,41.879477]]]}},{"type":"Feature","properties":{"name":"Franklin Center South Tower","levels":null,"area":459},"geometry":{"type":"Polygon","coordinates":[[[-87.635123,41.88001],[-87.634395,41.879488],[-87.635113,41.879475],[-87.635123,41.88001]]]}},{"type":"Feature","properties":{"name":"One Illinois Center","levels":null,"area":415},"geometry":{"type":"Polygon","coordinates":[[[-87.623356,41.88807],[-87.623797,41.887309],[-87.623812,41.888066],[-87.623356,41.88807]]]}},{"type":"Feature","properties":{"name":"Chicago Title & Trust Building","levels":null,"area":413},"geometry":{"type":"Polygon","coordinates":[[[-87.630765,41.88522],[-87.630228,41.8846],[-87.630767,41.8846],[-87.630765,41.88522]]]}},{"type":"Feature","properties":{"name":"Government Center Self Park","levels":null,"area":377},"geometry":{"type":"Polygon","coordinates":[[[-87.630084,41.885155],[-87.630837,41.885636],[-87.630101,41.88564],[-87.630084,41.885155]]]}},{"type":"Feature","properties":{"name":"Renaissance Chicago Downtown Hotel","levels":null,"area":517},"geometry":{"type":"Polygon","coordinates":[[[-87.628786,41.886527],[-87.628191,41.885882],[-87.628776,41.885869],[-87.628786,41.886527]]]}},{"type":"Feature","properties":{"name":"St. Peter's Church","levels":null,"area":166},"geometry":{"type":"Polygon","coordinates":[[[-87.631635,41.882562],[-87.631326,41.88209],[-87.631618,41.882087],[-87.631635,41.882562]]]}},{"type":"Feature","properties":{"name":"Richard M. and Maggie C. Daley Building","levels":null,"area":206},"geometry":{"type":"Polygon","coordinates":[[[-87.627517,41.87864],[-87.626977,41.878327],[-87.627511,41.87832],[-87.627517,41.87864]]]}},{"type":"Feature","properties":{"name":"The Masonic Building","levels":null,"area":311},"geometry":{"type":"Polygon","coordinates":[[[-87.629118,41.884598],[-87.62861,41.885101],[-87.6286,41.884604],[-87.629118,41.884598]]]}},{"type":"Feature","properties":{"name":"Inland Steel Building","levels":null,"area":188},"geometry":{"type":"Polygon","coordinates":[[[-87.629226,41.881296],[-87.628797,41.880895],[-87.629212,41.880822],[-87.629226,41.881296]]]}},{"type":"Feature","properties":{"name":"Majestic Building","levels":null,"area":198},"geometry":{"type":"Polygon","coordinates":[[[-87.628748,41.881344],[-87.628422,41.880814],[-87.62875,41.880811],[-87.628748,41.881344]]]}},{"type":"Feature","properties":{"name":"ABC Building","levels":null,"area":225},"geometry":{"type":"Polygon","coordinates":[[[-87.628425,41.885156],[-87.628173,41.885651],[-87.628165,41.885157],[-87.628425,41.885156]]]}},{"type":"Feature","properties":{"name":"Goodman Theatre Center","levels":null,"area":621},"geometry":{"type":"Polygon","coordinates":[[[-87.630229,41.884618],[-87.62966,41.88564],[-87.629648,41.884594],[-87.630229,41.884618]]]}},{"type":"Feature","properties":{"name":"The Concourse at 203","levels":null,"area":539},"geometry":{"type":"Polygon","coordinates":[[[-87.632253,41.886264],[-87.631147,41.885857],[-87.632245,41.885855],[-87.632253,41.886264]]]}},{"type":"Feature","properties":{"name":"Symphony Center","levels":null,"area":432},"geometry":{"type":"Polygon","coordinates":[[[-87.624606,41.878846],[-87.625586,41.879228],[-87.624613,41.879178],[-87.624606,41.878846]]]}},{"type":"Feature","properties":{"name":"Adams-Wabash Self Park","levels":null,"area":242},"geometry":{"type":"Polygon","coordinates":[[[-87.626317,41.879429],[-87.626929,41.87908],[-87.626939,41.879418],[-87.626317,41.879429]]]}},{"type":"Feature","properties":{"name":"Monroe Building","levels":null,"area":193},"geometry":{"type":"Polygon","coordinates":[[[-87.62529,41.880727],[-87.624631,41.880492],[-87.625289,41.880484],[-87.62529,41.880727]]]}},{"type":"Feature","properties":{"name":"33 North LaSalle","levels":null,"area":251},"geometry":{"type":"Polygon","coordinates":[[[-87.63224,41.883102],[-87.631812,41.882608],[-87.63223,41.882602],[-87.63224,41.883102]]]}},{"type":"Feature","properties":{"name":"Citadel Center","levels":null,"area":741},"geometry":{"type":"Polygon","coordinates":[[[-87.62911,41.87955],[-87.627942,41.880063],[-87.62793,41.879565],[-87.62911,41.87955]]]}},{"type":"Feature","properties":{"name":"33 North Dearborn Building","levels":null,"area":164},"geometry":{"type":"Polygon","coordinates":[[[-87.628994,41.883117],[-87.629262,41.882613],[-87.629272,41.883107],[-87.628994,41.883117]]]}},{"type":"Feature","properties":{"name":"Reliance Building","levels":null,"area":460},"geometry":{"type":"Polygon","coordinates":[[[-87.628088,41.882967],[-87.628843,41.882621],[-87.628994,41.883117],[-87.628088,41.882967]]]}},{"type":"Feature","properties":{"name":"Heller International Building","levels":null,"area":681},"geometry":{"type":"Polygon","coordinates":[[[-87.640993,41.880662],[-87.63983,41.881162],[-87.639819,41.880679],[-87.640993,41.880662]]]}},{"type":"Feature","properties":{"name":"525 West Monroe","levels":null,"area":590},"geometry":{"type":"Polygon","coordinates":[[[-87.640616,41.87996],[-87.639954,41.88044],[-87.639802,41.879969],[-87.640616,41.87996]]]}},{"type":"Feature","properties":{"name":"Metropolitan Place","levels":null,"area":729},"geometry":{"type":"Polygon","coordinates":[[[-87.640969,41.879909],[-87.63979,41.879406],[-87.640969,41.879393],[-87.640969,41.879909]]]}},{"type":"Feature","properties":{"name":"303 West Madison","levels":null,"area":162},"geometry":{"type":"Polygon","coordinates":[[[-87.63574,41.881832],[-87.635467,41.881316],[-87.635727,41.881313],[-87.63574,41.881832]]]}},{"type":"Feature","properties":{"name":"230 West Monroe","levels":null,"area":277},"geometry":{"type":"Polygon","coordinates":[[[-87.634676,41.880763],[-87.635155,41.881255],[-87.634691,41.881259],[-87.634676,41.880763]]]}},{"type":"Feature","properties":{"name":"191 North Wacker","levels":null,"area":298},"geometry":{"type":"Polygon","coordinates":[[[-87.636222,41.885129],[-87.636745,41.88561],[-87.636235,41.885617],[-87.636222,41.885129]]]}},{"type":"Feature","properties":{"name":"120 North LaSalle","levels":null,"area":158},"geometry":{"type":"Polygon","coordinates":[[[-87.633302,41.883823],[-87.632625,41.883597],[-87.633299,41.883659],[-87.633302,41.883823]]]}},{"type":"Feature","properties":{"name":"One South Wacker","levels":null,"area":484},"geometry":{"type":"Polygon","coordinates":[[[-87.635729,41.881374],[-87.636472,41.881819],[-87.635789,41.881829],[-87.635729,41.881374]]]}},{"type":"Feature","properties":{"name":"UBS Tower","levels":null,"area":503},"geometry":{"type":"Polygon","coordinates":[[[-87.636636,41.88211],[-87.63572,41.882529],[-87.635642,41.882117],[-87.636636,41.88211]]]}},{"type":"Feature","properties":{"name":"Harris Bank Center Building","levels":null,"area":229},"geometry":{"type":"Polygon","coordinates":[[[-87.631657,41.880083],[-87.631276,41.880572],[-87.631318,41.880089],[-87.631657,41.880083]]]}},{"type":"Feature","properties":{"name":"Michael A. Bilandic Building","levels":null,"area":276},"geometry":{"type":"Polygon","coordinates":[[[-87.633184,41.885036],[-87.632657,41.884597],[-87.633174,41.884589],[-87.633184,41.885036]]]}},{"type":"Feature","properties":{"name":"Randolph Tower","levels":null,"area":177},"geometry":{"type":"Polygon","coordinates":[[[-87.633487,41.885084],[-87.633773,41.884585],[-87.633787,41.885082],[-87.633487,41.885084]]]}},{"type":"Feature","properties":{"name":"Congress Plaza Hotel","levels":null,"area":824},"geometry":{"type":"Polygon","coordinates":[[[-87.624533,41.875624],[-87.625135,41.874525],[-87.625165,41.875612],[-87.624533,41.875624]]]}},{"type":"Feature","properties":{"name":"Auditorium Parking","levels":null,"area":302},"geometry":{"type":"Polygon","coordinates":[[[-87.625487,41.87562],[-87.625209,41.874968],[-87.625837,41.874958],[-87.625487,41.87562]]]}},{"type":"Feature","properties":{"name":"Columbia College Chicago Alexandroff Campus Center","levels":null,"area":167},"geometry":{"type":"Polygon","coordinates":[[[-87.625126,41.874128],[-87.624497,41.874361],[-87.624494,41.87414],[-87.625126,41.874128]]]}},{"type":"Feature","properties":{"name":"HI Chicago","levels":null,"area":160},"geometry":{"type":"Polygon","coordinates":[[[-87.626852,41.875991],[-87.626223,41.875785],[-87.626845,41.875783],[-87.626852,41.875991]]]}},{"type":"Feature","properties":{"name":"Lillan and Larry Goodman Center","levels":null,"area":167},"geometry":{"type":"Polygon","coordinates":[[[-87.625485,41.875561],[-87.625844,41.875177],[-87.625854,41.875555],[-87.625485,41.875561]]]}},{"type":"Feature","properties":{"name":"55 East Jackson","levels":null,"area":342},"geometry":{"type":"Polygon","coordinates":[[[-87.625277,41.877721],[-87.62591,41.878167],[-87.625219,41.878146],[-87.625277,41.877721]]]}},{"type":"Feature","properties":{"name":"215 West Apartments","levels":null,"area":300},"geometry":{"type":"Polygon","coordinates":[[[-87.634168,41.883098],[-87.634749,41.882614],[-87.634759,41.883094],[-87.634168,41.883098]]]}},{"type":"Feature","properties":{"name":"Washington-Madison-Wells Self Park","levels":null,"area":418},"geometry":{"type":"Polygon","coordinates":[[[-87.633091,41.882068],[-87.633716,41.88277],[-87.633106,41.882562],[-87.633091,41.882068]]]}},{"type":"Feature","properties":{"name":"212 West Washington Condominium Association","levels":null,"area":200},"geometry":{"type":"Polygon","coordinates":[[[-87.634411,41.883825],[-87.634928,41.883323],[-87.634927,41.8835],[-87.634411,41.883825]]]}},{"type":"Feature","properties":{"name":"La Quinta Inn & Suites by Wyndham Chicago Downtown","levels":null,"area":185},"geometry":{"type":"Polygon","coordinates":[[[-87.635163,41.881311],[-87.634821,41.881836],[-87.63481,41.881345],[-87.635163,41.881311]]]}},{"type":"Feature","properties":{"name":"Concord City Centre","levels":null,"area":217},"geometry":{"type":"Polygon","coordinates":[[[-87.634394,41.88332],[-87.634033,41.883826],[-87.634024,41.883323],[-87.634394,41.88332]]]}},{"type":"Feature","properties":{"name":"Washington Franklin Self Park","levels":null,"area":278},"geometry":{"type":"Polygon","coordinates":[[[-87.63521,41.883812],[-87.634626,41.8835],[-87.635207,41.883323],[-87.63521,41.883812]]]}},{"type":"Feature","properties":{"name":"Residence Inn Chicago Downtown/Loop","levels":null,"area":164},"geometry":{"type":"Polygon","coordinates":[[[-87.63169,41.881641],[-87.632212,41.881869],[-87.631697,41.881877],[-87.63169,41.881641]]]}},{"type":"Feature","properties":{"name":"Telegraph Building","levels":null,"area":317},"geometry":{"type":"Polygon","coordinates":[[[-87.63167,41.876512],[-87.631284,41.875799],[-87.631653,41.875795],[-87.63167,41.876512]]]}},{"type":"Feature","properties":{"name":"300 South Wacker","levels":null,"area":185},"geometry":{"type":"Polygon","coordinates":[[[-87.63721,41.877355],[-87.637057,41.87799],[-87.636976,41.877372],[-87.63721,41.877355]]]}},{"type":"Feature","properties":{"name":"Harris Trust","levels":null,"area":322},"geometry":{"type":"Polygon","coordinates":[[[-87.636015,41.88009],[-87.635445,41.880553],[-87.635429,41.880096],[-87.636015,41.88009]]]}},{"type":"Feature","properties":{"name":"Northern Trust Bank","levels":null,"area":235},"geometry":{"type":"Polygon","coordinates":[[[-87.63661,41.87999],[-87.636238,41.879537],[-87.636597,41.879459],[-87.63661,41.87999]]]}},{"type":"Feature","properties":{"name":"150 South Wacker","levels":null,"area":211},"geometry":{"type":"Polygon","coordinates":[[[-87.637236,41.879841],[-87.637712,41.879471],[-87.63772,41.879835],[-87.637236,41.879841]]]}},{"type":"Feature","properties":{"name":"250 South Wacker","levels":null,"area":230},"geometry":{"type":"Polygon","coordinates":[[[-87.637074,41.878631],[-87.637407,41.878168],[-87.637572,41.878616],[-87.637074,41.878631]]]}},{"type":"Feature","properties":{"name":"311 South Wacker Drive","levels":null,"area":538},"geometry":{"type":"Polygon","coordinates":[[[-87.636456,41.877546],[-87.635345,41.877159],[-87.636453,41.877357],[-87.636456,41.877546]]]}},{"type":"Feature","properties":{"name":null,"levels":null,"area":242},"geometry":{"type":"Polygon","coordinates":[[[-87.626889,41.885182],[-87.626475,41.885656],[-87.626462,41.885183],[-87.626889,41.885182]]]}},{"type":"Feature","properties":{"name":"225 West Randolph","levels":null,"area":361},"geometry":{"type":"Polygon","coordinates":[[[-87.635176,41.884314],[-87.63442,41.883918],[-87.635172,41.883912],[-87.635176,41.884314]]]}},{"type":"Feature","properties":{"name":"Lake/Wells Self Park","levels":null,"area":259},"geometry":{"type":"Polygon","coordinates":[[[-87.633795,41.885609],[-87.633343,41.885138],[-87.633783,41.885134],[-87.633795,41.885609]]]}},{"type":"Feature","properties":{"name":"Garland Building","levels":null,"area":194},"geometry":{"type":"Polygon","coordinates":[[[-87.626047,41.883608],[-87.625452,41.883334],[-87.626047,41.883334],[-87.626047,41.883608]]]}},{"type":"Feature","properties":{"name":"The Heritage at Millennium Park","levels":null,"area":559},"geometry":{"type":"Polygon","coordinates":[[[-87.626072,41.884393],[-87.625454,41.883609],[-87.626047,41.883608],[-87.626072,41.884393]]]}},{"type":"Feature","properties":{"name":"201 North Clark","levels":null,"area":352},"geometry":{"type":"Polygon","coordinates":[[[-87.630123,41.886267],[-87.630846,41.885857],[-87.630854,41.886259],[-87.630123,41.886267]]]}},{"type":"Feature","properties":{"name":"Lake & Wells Apartments","levels":null,"area":283},"geometry":{"type":"Polygon","coordinates":[[[-87.634678,41.885849],[-87.634103,41.886257],[-87.634097,41.885854],[-87.634678,41.885849]]]}},{"type":"Feature","properties":{"name":"Randolph-Wells Building","levels":null,"area":164},"geometry":{"type":"Polygon","coordinates":[[[-87.634342,41.883949],[-87.634056,41.884368],[-87.634045,41.88387],[-87.634342,41.883949]]]}},{"type":"Feature","properties":{"name":"Linea","levels":null,"area":253},"geometry":{"type":"Polygon","coordinates":[[[-87.634388,41.885625],[-87.634812,41.885131],[-87.634818,41.885623],[-87.634388,41.885625]]]}},{"type":"Feature","properties":{"name":"The Royal Sonesta Chicago Downtown","levels":null,"area":178},"geometry":{"type":"Polygon","coordinates":[[[-87.625711,41.887157],[-87.625665,41.887615],[-87.625358,41.887468],[-87.625711,41.887157]]]}},{"type":"Feature","properties":{"name":"MILA","levels":null,"area":247},"geometry":{"type":"Polygon","coordinates":[[[-87.624756,41.885901],[-87.625243,41.886327],[-87.624766,41.886331],[-87.624756,41.885901]]]}},{"type":"Feature","properties":{"name":"Parkline","levels":null,"area":195},"geometry":{"type":"Polygon","coordinates":[[[-87.625737,41.885074],[-87.626083,41.884615],[-87.626093,41.885071],[-87.625737,41.885074]]]}},{"type":"Feature","properties":{"name":"Chicago Athletic Association Hotel","levels":null,"area":159},"geometry":{"type":"Polygon","coordinates":[[[-87.62466,41.88156],[-87.625302,41.881777],[-87.624664,41.881787],[-87.62466,41.88156]]]}},{"type":"Feature","properties":{"name":"Mallers Building","levels":null,"area":182},"geometry":{"type":"Polygon","coordinates":[[[-87.625371,41.881775],[-87.626002,41.881985],[-87.625379,41.881997],[-87.625371,41.881775]]]}},{"type":"Feature","properties":{"name":"Legacy at Millennium Park","levels":null,"area":330},"geometry":{"type":"Polygon","coordinates":[[[-87.625984,41.881104],[-87.625367,41.881553],[-87.625356,41.881111],[-87.625984,41.881104]]]}},{"type":"Feature","properties":{"name":"Sharp Building","levels":null,"area":152},"geometry":{"type":"Polygon","coordinates":[[[-87.625979,41.880892],[-87.625356,41.881111],[-87.625344,41.880901],[-87.625979,41.880892]]]}},{"type":"Feature","properties":{"name":"The Kimpton Gray Hotel","levels":null,"area":205},"geometry":{"type":"Polygon","coordinates":[[[-87.631342,41.880997],[-87.632186,41.880778],[-87.632192,41.880995],[-87.631342,41.880997]]]}},{"type":"Feature","properties":{"name":"The Palmer House Hilton","levels":null,"area":991},"geometry":{"type":"Polygon","coordinates":[[[-87.626338,41.880559],[-87.627554,41.879988],[-87.627578,41.880683],[-87.626338,41.880559]]]}},{"type":"Feature","properties":{"name":"The Alfred","levels":null,"area":150},"geometry":{"type":"Polygon","coordinates":[[[-87.626824,41.879921],[-87.626323,41.879619],[-87.626821,41.879815],[-87.626824,41.879921]]]}},{"type":"Feature","properties":{"name":null,"levels":null,"area":204},"geometry":{"type":"Polygon","coordinates":[[[-87.628403,41.881783],[-87.627957,41.881361],[-87.628395,41.881354],[-87.628403,41.881783]]]}},{"type":"Feature","properties":{"name":"Amalgamated Bank","levels":null,"area":169},"geometry":{"type":"Polygon","coordinates":[[[-87.628369,41.880313],[-87.627938,41.880643],[-87.62793,41.880319],[-87.628369,41.880313]]]}},{"type":"Feature","properties":{"name":"Primark","levels":null,"area":186},"geometry":{"type":"Polygon","coordinates":[[[-87.627657,41.883108],[-87.627094,41.882843],[-87.627649,41.882834],[-87.627657,41.883108]]]}},{"type":"Feature","properties":{"name":"25 East Washington","levels":null,"area":271},"geometry":{"type":"Polygon","coordinates":[[[-87.626956,41.882721],[-87.626396,41.883122],[-87.626391,41.882725],[-87.626956,41.882721]]]}},{"type":"Feature","properties":{"name":"One North State Street","levels":null,"area":334},"geometry":{"type":"Polygon","coordinates":[[[-87.627633,41.882179],[-87.626942,41.882573],[-87.626933,41.882206],[-87.627633,41.882179]]]}},{"type":"Feature","properties":{"name":null,"levels":null,"area":261},"geometry":{"type":"Polygon","coordinates":[[[-87.62638,41.882198],[-87.626942,41.882584],[-87.62639,41.882591],[-87.62638,41.882198]]]}},{"type":"Feature","properties":{"name":"McClurg Building","levels":null,"area":157},"geometry":{"type":"Polygon","coordinates":[[[-87.626879,41.878762],[-87.626303,41.878997],[-87.626301,41.878772],[-87.626879,41.878762]]]}},{"type":"Feature","properties":{"name":"Home Federal Building","levels":null,"area":163},"geometry":{"type":"Polygon","coordinates":[[[-87.627008,41.879147],[-87.627538,41.879408],[-87.627016,41.879415],[-87.627008,41.879147]]]}},{"type":"Feature","properties":{"name":null,"levels":null,"area":247},"geometry":{"type":"Polygon","coordinates":[[[-87.626993,41.878757],[-87.627531,41.87914],[-87.627008,41.879147],[-87.626993,41.878757]]]}},{"type":"Feature","properties":{"name":"Sullivan Center","levels":null,"area":628},"geometry":{"type":"Polygon","coordinates":[[[-87.627598,41.881957],[-87.626928,41.881198],[-87.627574,41.880993],[-87.627598,41.881957]]]}},{"type":"Feature","properties":{"name":"Sullivan Center","levels":null,"area":251},"geometry":{"type":"Polygon","coordinates":[[[-87.627225,41.880877],[-87.626344,41.881105],[-87.626337,41.880894],[-87.627225,41.880877]]]}},{"type":"Feature","properties":{"name":"Heyworth Building","levels":null,"area":174},"geometry":{"type":"Polygon","coordinates":[[[-87.627041,41.881974],[-87.626366,41.881768],[-87.627034,41.881759],[-87.627041,41.881974]]]}},{"type":"Feature","properties":{"name":"Library Tower","levels":null,"area":291},"geometry":{"type":"Polygon","coordinates":[[[-87.62818,41.87545],[-87.627801,41.874783],[-87.628161,41.874781],[-87.62818,41.87545]]]}},{"type":"Feature","properties":{"name":"Transportation Building","levels":null,"area":217},"geometry":{"type":"Polygon","coordinates":[[[-87.629576,41.874449],[-87.629332,41.873636],[-87.629554,41.873633],[-87.629576,41.874449]]]}},{"type":"Feature","properties":{"name":"Pendry Chicago","levels":null,"area":225},"geometry":{"type":"Polygon","coordinates":[[[-87.624766,41.886331],[-87.62525,41.886721],[-87.624773,41.886725],[-87.624766,41.886331]]]}},{"type":"Feature","properties":{"name":"120 Riverside Plaza","levels":null,"area":499},"geometry":{"type":"Polygon","coordinates":[[[-87.638826,41.879597],[-87.639347,41.880332],[-87.638785,41.880414],[-87.638826,41.879597]]]}},{"type":"Feature","properties":{"name":"Franklin-Lake Self Park","levels":null,"area":368},"geometry":{"type":"Polygon","coordinates":[[[-87.636183,41.885128],[-87.635571,41.88562],[-87.635558,41.885128],[-87.636183,41.885128]]]}},{"type":"Feature","properties":{"name":"71 South Wacker","levels":null,"area":653},"geometry":{"type":"Polygon","coordinates":[[[-87.636638,41.881241],[-87.635453,41.880896],[-87.636635,41.880888],[-87.636638,41.881241]]]}},{"type":"Feature","properties":{"name":null,"levels":null,"area":425},"geometry":{"type":"Polygon","coordinates":[[[-87.643806,41.878519],[-87.643332,41.879177],[-87.643317,41.878438],[-87.643806,41.878519]]]}},{"type":"Feature","properties":{"name":"Vetro","levels":null,"area":284},"geometry":{"type":"Polygon","coordinates":[[[-87.633158,41.874396],[-87.633505,41.873739],[-87.633521,41.874391],[-87.633158,41.874396]]]}},{"type":"Feature","properties":{"name":"Thermal Chicago District Cooling Plant #2","levels":null,"area":260},"geometry":{"type":"Polygon","coordinates":[[[-87.636019,41.876131],[-87.635328,41.876394],[-87.635323,41.876134],[-87.636019,41.876131]]]}},{"type":"Feature","properties":{"name":"Patten Building","levels":null,"area":201},"geometry":{"type":"Polygon","coordinates":[[[-87.63308,41.874398],[-87.6327,41.873953],[-87.633073,41.87395],[-87.63308,41.874398]]]}},{"type":"Feature","properties":{"name":"Chicago Federal Building","levels":null,"area":734},"geometry":{"type":"Polygon","coordinates":[[[-87.631644,41.875369],[-87.630847,41.874621],[-87.631627,41.874609],[-87.631644,41.875369]]]}},{"type":"Feature","properties":{"name":null,"levels":null,"area":176},"geometry":{"type":"Polygon","coordinates":[[[-87.631164,41.874013],[-87.630813,41.874425],[-87.630803,41.874017],[-87.631164,41.874013]]]}},{"type":"Feature","properties":{"name":"Jones College Prep","levels":null,"area":437},"geometry":{"type":"Polygon","coordinates":[[[-87.628167,41.873655],[-87.62778,41.874473],[-87.627767,41.87361],[-87.628167,41.873655]]]}},{"type":"Feature","properties":{"name":null,"levels":null,"area":608},"geometry":{"type":"Polygon","coordinates":[[[-87.631817,41.876143],[-87.632617,41.876748],[-87.631829,41.876756],[-87.631817,41.876143]]]}},{"type":"Feature","properties":{"name":"425 South Financial Place","levels":null,"area":335},"geometry":{"type":"Polygon","coordinates":[[[-87.63185,41.875778],[-87.632583,41.87612],[-87.631822,41.876112],[-87.63185,41.875778]]]}},{"type":"Feature","properties":{"name":"The Rice Building","levels":null,"area":202},"geometry":{"type":"Polygon","coordinates":[[[-87.647807,41.876248],[-87.64824,41.876571],[-87.647813,41.876575],[-87.647807,41.876248]]]}},{"type":"Feature","properties":{"name":"Green Street Lofts","levels":null,"area":286},"geometry":{"type":"Polygon","coordinates":[[[-87.648904,41.876013],[-87.648483,41.87657],[-87.648474,41.876018],[-87.648904,41.876013]]]}},{"type":"Feature","properties":{"name":"Crowne Plaza Chicago West Loop","levels":null,"area":356},"geometry":{"type":"Polygon","coordinates":[[[-87.647226,41.881003],[-87.646475,41.880598],[-87.647214,41.880586],[-87.647226,41.881003]]]}},{"type":"Feature","properties":{"name":"Fifth Third Center","levels":null,"area":432},"geometry":{"type":"Polygon","coordinates":[[[-87.639391,41.87847],[-87.638605,41.878934],[-87.638589,41.878481],[-87.639391,41.87847]]]}},{"type":"Feature","properties":{"name":"Harold Washington Social Security Center","levels":null,"area":834},"geometry":{"type":"Polygon","coordinates":[[[-87.643799,41.882073],[-87.643028,41.882834],[-87.643013,41.882083],[-87.643799,41.882073]]]}},{"type":"Feature","properties":{"name":"Peerless Building","levels":null,"area":152},"geometry":{"type":"Polygon","coordinates":[[[-87.647849,41.878868],[-87.647413,41.879129],[-87.647403,41.878861],[-87.647849,41.878868]]]}},{"type":"Feature","properties":{"name":"Walgreens","levels":null,"area":181},"geometry":{"type":"Polygon","coordinates":[[[-87.647174,41.880026],[-87.646739,41.879678],[-87.647166,41.879725],[-87.647174,41.880026]]]}},{"type":"Feature","properties":{"name":"Lofthaus","levels":null,"area":196},"geometry":{"type":"Polygon","coordinates":[[[-87.650596,41.876883],[-87.650173,41.877271],[-87.650162,41.876884],[-87.650596,41.876883]]]}},{"type":"Feature","properties":{"name":"Walsh Group Offices","levels":null,"area":240},"geometry":{"type":"Polygon","coordinates":[[[-87.65062,41.877798],[-87.65018,41.877334],[-87.650605,41.877326],[-87.65062,41.877798]]]}},{"type":"Feature","properties":{"name":"727 West Madison","levels":null,"area":416},"geometry":{"type":"Polygon","coordinates":[[[-87.647175,41.881157],[-87.646603,41.881661],[-87.646562,41.881203],[-87.647175,41.881157]]]}},{"type":"Feature","properties":{"name":"University Center","levels":null,"area":671},"geometry":{"type":"Polygon","coordinates":[[[-87.62742,41.874518],[-87.626944,41.87548],[-87.626807,41.874492],[-87.62742,41.874518]]]}},{"type":"Feature","properties":{"name":"2 Riverside Plaza","levels":null,"area":847},"geometry":{"type":"Polygon","coordinates":[[[-87.639516,41.881999],[-87.638803,41.883079],[-87.638772,41.882009],[-87.639516,41.881999]]]}},{"type":"Feature","properties":{"name":"540 West Madison","levels":null,"area":740},"geometry":{"type":"Polygon","coordinates":[[[-87.642103,41.882899],[-87.641373,41.882062],[-87.642087,41.882148],[-87.642103,41.882899]]]}},{"type":"Feature","properties":{"name":"Randolph Place Lofts","levels":null,"area":709},"geometry":{"type":"Polygon","coordinates":[[[-87.639701,41.885614],[-87.639118,41.884567],[-87.639679,41.88456],[-87.639701,41.885614]]]}},{"type":"Feature","properties":{"name":"River Center","levels":null,"area":709},"geometry":{"type":"Polygon","coordinates":[[[-87.639636,41.883296],[-87.639104,41.884352],[-87.639074,41.883298],[-87.639636,41.883296]]]}},{"type":"Feature","properties":{"name":"AT&T","levels":null,"area":341},"geometry":{"type":"Polygon","coordinates":[[[-87.639868,41.881709],[-87.640445,41.881246],[-87.640547,41.881702],[-87.639868,41.881709]]]}},{"type":"Feature","properties":{"name":"Left Bank at K Station","levels":null,"area":386},"geometry":{"type":"Polygon","coordinates":[[[-87.640585,41.886938],[-87.640059,41.887363],[-87.640407,41.886939],[-87.640585,41.886938]]]}},{"type":"Feature","properties":{"name":null,"levels":null,"area":824},"geometry":{"type":"Polygon","coordinates":[[[-87.643633,41.875946],[-87.642648,41.876646],[-87.642625,41.875885],[-87.643633,41.875946]]]}},{"type":"Feature","properties":{"name":"Riverbend","levels":null,"area":214},"geometry":{"type":"Polygon","coordinates":[[[-87.639737,41.887409],[-87.639478,41.887777],[-87.639349,41.887165],[-87.639737,41.887409]]]}},{"type":"Feature","properties":{"name":null,"levels":null,"area":318},"geometry":{"type":"Polygon","coordinates":[[[-87.642388,41.878572],[-87.641813,41.878109],[-87.642378,41.878102],[-87.642388,41.878572]]]}},{"type":"Feature","properties":{"name":null,"levels":null,"area":330},"geometry":{"type":"Polygon","coordinates":[[[-87.641813,41.878109],[-87.641238,41.878587],[-87.641226,41.878116],[-87.641813,41.878109]]]}},{"type":"Feature","properties":{"name":"Illinois Department of Human Services","levels":null,"area":284},"geometry":{"type":"Polygon","coordinates":[[[-87.64088,41.876669],[-87.640497,41.87602],[-87.64086,41.876016],[-87.64088,41.876669]]]}},{"type":"Feature","properties":{"name":"Congress Center","levels":null,"area":491},"geometry":{"type":"Polygon","coordinates":[[[-87.640463,41.876626],[-87.639897,41.876007],[-87.640446,41.875922],[-87.640463,41.876626]]]}},{"type":"Feature","properties":{"name":"TransUnion","levels":null,"area":306},"geometry":{"type":"Polygon","coordinates":[[[-87.641851,41.87919],[-87.641264,41.878752],[-87.641841,41.878746],[-87.641851,41.87919]]]}},{"type":"Feature","properties":{"name":"Kinzie Station Tower","levels":null,"area":233},"geometry":{"type":"Polygon","coordinates":[[[-87.644176,41.887935],[-87.643712,41.887507],[-87.644157,41.887506],[-87.644176,41.887935]]]}},{"type":"Feature","properties":{"name":"IIT Downtown Campus","levels":null,"area":295},"geometry":{"type":"Polygon","coordinates":[[[-87.642397,41.878737],[-87.641851,41.87919],[-87.641841,41.878746],[-87.642397,41.878737]]]}},{"type":"Feature","properties":{"name":"Glessner Center","levels":null,"area":194},"geometry":{"type":"Polygon","coordinates":[[[-87.643044,41.879915],[-87.642735,41.879373],[-87.643031,41.879369],[-87.643044,41.879915]]]}},{"type":"Feature","properties":{"name":"Chicago Central Carrier Annex","levels":null,"area":752},"geometry":{"type":"Polygon","coordinates":[[[-87.637729,41.87547],[-87.637034,41.874535],[-87.637909,41.874529],[-87.637729,41.87547]]]}},{"type":"Feature","properties":{"name":"Holiday Inn Chicago-Downtown","levels":null,"area":173},"geometry":{"type":"Polygon","coordinates":[[[-87.640064,41.87525],[-87.639855,41.874495],[-87.640046,41.874493],[-87.640064,41.87525]]]}},{"type":"Feature","properties":{"name":"AT&T","levels":null,"area":330},"geometry":{"type":"Polygon","coordinates":[[[-87.630145,41.875385],[-87.629763,41.87463],[-87.630125,41.874624],[-87.630145,41.875385]]]}},{"type":"Feature","properties":{"name":"Quaker Plaza","levels":null,"area":470},"geometry":{"type":"Polygon","coordinates":[[[-87.642446,41.880118],[-87.641293,41.880468],[-87.641284,41.88013],[-87.642446,41.880118]]]}},{"type":"Feature","properties":{"name":"550 West Adams Street","levels":null,"area":330},"geometry":{"type":"Polygon","coordinates":[[[-87.642136,41.879697],[-87.641274,41.879384],[-87.64213,41.879376],[-87.642136,41.879697]]]}},{"type":"Feature","properties":{"name":"Park Alexandria","levels":null,"area":299},"geometry":{"type":"Polygon","coordinates":[[[-87.642438,41.879747],[-87.64169,41.880087],[-87.641684,41.879755],[-87.642438,41.879747]]]}},{"type":"Feature","properties":{"name":"Burlington Building","levels":null,"area":263},"geometry":{"type":"Polygon","coordinates":[[[-87.641211,41.877463],[-87.641771,41.877927],[-87.641225,41.877936],[-87.641211,41.877463]]]}},{"type":"Feature","properties":{"name":"Union Tower","levels":null,"area":262},"geometry":{"type":"Polygon","coordinates":[[[-87.641749,41.877247],[-87.641194,41.87685],[-87.641738,41.876841],[-87.641749,41.877247]]]}},{"type":"Feature","properties":{"name":"Arkadia Tower","levels":null,"area":421},"geometry":{"type":"Polygon","coordinates":[[[-87.647136,41.878653],[-87.646432,41.879154],[-87.646414,41.878667],[-87.647136,41.878653]]]}},{"type":"Feature","properties":{"name":"740 West Fulton Condominiums","levels":null,"area":236},"geometry":{"type":"Polygon","coordinates":[[[-87.647386,41.886901],[-87.647069,41.887459],[-87.647053,41.886906],[-87.647386,41.886901]]]}},{"type":"Feature","properties":{"name":"Gotham Lofts East","levels":null,"area":246},"geometry":{"type":"Polygon","coordinates":[[[-87.641718,41.876415],[-87.641156,41.875902],[-87.641709,41.87592],[-87.641718,41.876415]]]}},{"type":"Feature","properties":{"name":"Gotham Lofts West","levels":null,"area":178},"geometry":{"type":"Polygon","coordinates":[[[-87.642339,41.876381],[-87.641787,41.876115],[-87.642336,41.87611],[-87.642339,41.876381]]]}},{"type":"Feature","properties":{"name":"910 Posted","levels":null,"area":208},"geometry":{"type":"Polygon","coordinates":[[[-87.649962,41.886126],[-87.650403,41.885735],[-87.650415,41.886119],[-87.649962,41.886126]]]}},{"type":"Feature","properties":{"name":"Frances Xavier Warde School","levels":null,"area":212},"geometry":{"type":"Polygon","coordinates":[[[-87.644232,41.880246],[-87.644542,41.879704],[-87.644556,41.880242],[-87.644232,41.880246]]]}},{"type":"Feature","properties":{"name":null,"levels":null,"area":310},"geometry":{"type":"Polygon","coordinates":[[[-87.642298,41.874974],[-87.641137,41.87524],[-87.64113,41.87499],[-87.642298,41.874974]]]}},{"type":"Feature","properties":{"name":"Haberdasher Square Lofts 1","levels":null,"area":345},"geometry":{"type":"Polygon","coordinates":[[[-87.64528,41.878521],[-87.644626,41.878083],[-87.645265,41.87807],[-87.64528,41.878521]]]}},{"type":"Feature","properties":{"name":"Joseph Cardinal Bernardin Archives & Records Center","levels":null,"area":189},"geometry":{"type":"Polygon","coordinates":[[[-87.644599,41.88044],[-87.644932,41.879978],[-87.644976,41.880437],[-87.644599,41.88044]]]}},{"type":"Feature","properties":{"name":"H Mart","levels":null,"area":255},"geometry":{"type":"Polygon","coordinates":[[[-87.64452,41.877895],[-87.644885,41.877302],[-87.644899,41.877893],[-87.64452,41.877895]]]}},{"type":"Feature","properties":{"name":"The Edge Lofts and Tower","levels":null,"area":346},"geometry":{"type":"Polygon","coordinates":[[[-87.644795,41.878715],[-87.644192,41.879174],[-87.64418,41.878722],[-87.644795,41.878715]]]}},{"type":"Feature","properties":{"name":"Haberdasher Square Lofts 2","levels":null,"area":163},"geometry":{"type":"Polygon","coordinates":[[[-87.644635,41.878377],[-87.644163,41.878088],[-87.644626,41.878083],[-87.644635,41.878377]]]}},{"type":"Feature","properties":{"name":"East Bank Storage Company","levels":null,"area":153},"geometry":{"type":"Polygon","coordinates":[[[-87.647023,41.88579],[-87.646702,41.886177],[-87.646693,41.885795],[-87.647023,41.88579]]]}},{"type":"Feature","properties":{"name":"Schoenburg and Co. Building","levels":null,"area":176},"geometry":{"type":"Polygon","coordinates":[[[-87.649516,41.879625],[-87.649077,41.879288],[-87.649506,41.879281],[-87.649516,41.879625]]]}},{"type":"Feature","properties":{"name":"Illume","levels":null,"area":296},"geometry":{"type":"Polygon","coordinates":[[[-87.64952,41.879819],[-87.648603,41.880076],[-87.648601,41.879785],[-87.64952,41.879819]]]}},{"type":"Feature","properties":{"name":"Monroe Manor","levels":null,"area":286},"geometry":{"type":"Polygon","coordinates":[[[-87.648619,41.880114],[-87.649533,41.880363],[-87.648626,41.880377],[-87.648619,41.880114]]]}},{"type":"Feature","properties":{"name":null,"levels":null,"area":268},"geometry":{"type":"Polygon","coordinates":[[[-87.643832,41.877226],[-87.64327,41.876824],[-87.643817,41.876817],[-87.643832,41.877226]]]}},{"type":"Feature","properties":{"name":"James T. Igoe Building","levels":null,"area":363},"geometry":{"type":"Polygon","coordinates":[[[-87.643208,41.877443],[-87.64266,41.876836],[-87.643109,41.876829],[-87.643208,41.877443]]]}},{"type":"Feature","properties":{"name":"Capitol Hill Lofts","levels":null,"area":177},"geometry":{"type":"Polygon","coordinates":[[[-87.643848,41.877639],[-87.643305,41.877913],[-87.643295,41.877642],[-87.643848,41.877639]]]}},{"type":"Feature","properties":{"name":"Burnham Otis Building","levels":null,"area":183},"geometry":{"type":"Polygon","coordinates":[[[-87.643255,41.878482],[-87.642696,41.878105],[-87.643253,41.878401],[-87.643255,41.878482]]]}},{"type":"Feature","properties":{"name":null,"levels":null,"area":182},"geometry":{"type":"Polygon","coordinates":[[[-87.643861,41.878358],[-87.6433,41.87809],[-87.643856,41.878084],[-87.643861,41.878358]]]}},{"type":"Feature","properties":{"name":"National Hellenic Museum","levels":null,"area":157},"geometry":{"type":"Polygon","coordinates":[[[-87.646806,41.876784],[-87.647055,41.877221],[-87.646602,41.877043],[-87.646806,41.876784]]]}},{"type":"Feature","properties":{"name":"Chicago Union Station","levels":null,"area":1397},"geometry":{"type":"Polygon","coordinates":[[[-87.640981,41.879179],[-87.639831,41.878156],[-87.64095,41.878139],[-87.640981,41.879179]]]}},{"type":"Feature","properties":{"name":null,"levels":null,"area":438},"geometry":{"type":"Polygon","coordinates":[[[-87.651741,41.87597],[-87.651321,41.876522],[-87.650834,41.876529],[-87.650821,41.875984],[-87.651741,41.87597]]]}},{"type":"Feature","properties":{"name":null,"levels":null,"area":272},"geometry":{"type":"Polygon","coordinates":[[[-87.643435,41.883984],[-87.642951,41.88351],[-87.643425,41.883505],[-87.643435,41.883984]]]}},{"type":"Feature","properties":{"name":"333 North Green","levels":null,"area":492},"geometry":{"type":"Polygon","coordinates":[[[-87.647672,41.887514],[-87.648578,41.888023],[-87.647687,41.887919],[-87.647672,41.887514]]]}},{"type":"Feature","properties":{"name":"Accenture Tower","levels":null,"area":943},"geometry":{"type":"Polygon","coordinates":[[[-87.641075,41.882677],[-87.639966,41.882007],[-87.641069,41.882136],[-87.641075,41.882677]]]}},{"type":"Feature","properties":{"name":"China Club Lofts","levels":null,"area":353},"geometry":{"type":"Polygon","coordinates":[[[-87.643521,41.886918],[-87.64416,41.887389],[-87.643529,41.887384],[-87.643521,41.886918]]]}},{"type":"Feature","properties":{"name":"Clinton Street Lofts","levels":null,"area":420},"geometry":{"type":"Polygon","coordinates":[[[-87.641478,41.886049],[-87.642052,41.886715],[-87.641495,41.886715],[-87.641478,41.886049]]]}},{"type":"Feature","properties":{"name":null,"levels":null,"area":257},"geometry":{"type":"Polygon","coordinates":[[[-87.644671,41.883055],[-87.645056,41.882542],[-87.645071,41.883048],[-87.644671,41.883055]]]}},{"type":"Feature","properties":{"name":"Soho House","levels":null,"area":194},"geometry":{"type":"Polygon","coordinates":[[[-87.64805,41.883575],[-87.648471,41.883964],[-87.648051,41.883968],[-87.64805,41.883575]]]}},{"type":"Feature","properties":{"name":"Circa","levels":null,"area":336},"geometry":{"type":"Polygon","coordinates":[[[-87.650793,41.883207],[-87.650421,41.883931],[-87.650376,41.883215],[-87.650793,41.883207]]]}},{"type":"Feature","properties":{"name":null,"levels":null,"area":234},"geometry":{"type":"Polygon","coordinates":[[[-87.65026,41.88221],[-87.649872,41.882681],[-87.649839,41.882216],[-87.65026,41.88221]]]}},{"type":"Feature","properties":{"name":null,"levels":null,"area":280},"geometry":{"type":"Polygon","coordinates":[[[-87.641433,41.884559],[-87.641999,41.88498],[-87.641445,41.884982],[-87.641433,41.884559]]]}},{"type":"Feature","properties":{"name":null,"levels":null,"area":304},"geometry":{"type":"Polygon","coordinates":[[[-87.65189,41.881187],[-87.650969,41.880923],[-87.651883,41.88091],[-87.65189,41.881187]]]}},{"type":"Feature","properties":{"name":null,"levels":null,"area":329},"geometry":{"type":"Polygon","coordinates":[[[-87.649725,41.878678],[-87.650651,41.879072],[-87.649731,41.878872],[-87.649725,41.878678]]]}},{"type":"Feature","properties":{"name":"Walsh Group Headquarters","levels":null,"area":157},"geometry":{"type":"Polygon","coordinates":[[[-87.651396,41.878459],[-87.651674,41.878894],[-87.651304,41.878978],[-87.651396,41.878459]]]}},{"type":"Feature","properties":{"name":null,"levels":null,"area":255},"geometry":{"type":"Polygon","coordinates":[[[-87.650177,41.878462],[-87.650621,41.877987],[-87.650639,41.878424],[-87.650177,41.878462]]]}},{"type":"Feature","properties":{"name":null,"levels":null,"area":150},"geometry":{"type":"Polygon","coordinates":[[[-87.651535,41.886024],[-87.651116,41.886325],[-87.65111,41.88603],[-87.651535,41.886024]]]}},{"type":"Feature","properties":{"name":null,"levels":null,"area":196},"geometry":{"type":"Polygon","coordinates":[[[-87.644115,41.886471],[-87.643657,41.886153],[-87.644102,41.886145],[-87.644115,41.886471]]]}},{"type":"Feature","properties":{"name":null,"levels":null,"area":204},"geometry":{"type":"Polygon","coordinates":[[[-87.642209,41.886214],[-87.642642,41.885827],[-87.642653,41.886213],[-87.642209,41.886214]]]}},{"type":"Feature","properties":{"name":null,"levels":null,"area":159},"geometry":{"type":"Polygon","coordinates":[[[-87.644767,41.886694],[-87.644419,41.886309],[-87.644762,41.886307],[-87.644767,41.886694]]]}},{"type":"Feature","properties":{"name":null,"levels":null,"area":193},"geometry":{"type":"Polygon","coordinates":[[[-87.649966,41.877023],[-87.649686,41.877502],[-87.649669,41.877029],[-87.649966,41.877023]]]}},{"type":"Feature","properties":{"name":null,"levels":null,"area":172},"geometry":{"type":"Polygon","coordinates":[[[-87.648259,41.877154],[-87.647814,41.877512],[-87.647805,41.877159],[-87.648259,41.877154]]]}},{"type":"Feature","properties":{"name":null,"levels":null,"area":273},"geometry":{"type":"Polygon","coordinates":[[[-87.651847,41.880508],[-87.65099,41.880783],[-87.650955,41.880545],[-87.651847,41.880508]]]}},{"type":"Feature","properties":{"name":"Joy Faith Knapp Music Center","levels":null,"area":317},"geometry":{"type":"Polygon","coordinates":[[[-87.650245,41.880537],[-87.649806,41.881121],[-87.649787,41.880545],[-87.650245,41.880537]]]}},{"type":"Feature","properties":{"name":"Chicago Transit Authority Headquarters","levels":null,"area":403},"geometry":{"type":"Polygon","coordinates":[[[-87.642616,41.885601],[-87.642073,41.884969],[-87.642596,41.88496],[-87.642616,41.885601]]]}},{"type":"Feature","properties":{"name":null,"levels":null,"area":315},"geometry":{"type":"Polygon","coordinates":[[[-87.643529,41.887384],[-87.642957,41.886923],[-87.643521,41.886918],[-87.643529,41.887384]]]}},{"type":"Feature","properties":{"name":null,"levels":null,"area":207},"geometry":{"type":"Polygon","coordinates":[[[-87.645077,41.886198],[-87.644619,41.885819],[-87.645067,41.885815],[-87.645077,41.886198]]]}},{"type":"Feature","properties":{"name":null,"levels":null,"area":254},"geometry":{"type":"Polygon","coordinates":[[[-87.645339,41.886308],[-87.64485,41.886653],[-87.644777,41.886311],[-87.645339,41.886308]]]}},{"type":"Feature","properties":{"name":"Olympia Lofts","levels":null,"area":175},"geometry":{"type":"Polygon","coordinates":[[[-87.648985,41.878757],[-87.648569,41.879107],[-87.648558,41.878764],[-87.648985,41.878757]]]}},{"type":"Feature","properties":{"name":"AMLI West Loop","levels":null,"area":389},"geometry":{"type":"Polygon","coordinates":[[[-87.649485,41.878332],[-87.649099,41.879103],[-87.649049,41.878338],[-87.649485,41.878332]]]}},{"type":"Feature","properties":{"name":null,"levels":null,"area":246},"geometry":{"type":"Polygon","coordinates":[[[-87.649715,41.886441],[-87.648789,41.886673],[-87.648784,41.886452],[-87.649715,41.886441]]]}},{"type":"Feature","properties":{"name":null,"levels":null,"area":150},"geometry":{"type":"Polygon","coordinates":[[[-87.64993,41.885247],[-87.650402,41.885508],[-87.64994,41.88551],[-87.64993,41.885247]]]}},{"type":"Feature","properties":{"name":"Madison 901","levels":null,"area":416},"geometry":{"type":"Polygon","coordinates":[[[-87.65074,41.881617],[-87.649811,41.881193],[-87.65073,41.881252],[-87.65074,41.881617]]]}},{"type":"Feature","properties":{"name":"909 West Washington","levels":null,"area":306},"geometry":{"type":"Polygon","coordinates":[[[-87.650774,41.88271],[-87.649873,41.883004],[-87.649835,41.88278],[-87.650774,41.88271]]]}},{"type":"Feature","properties":{"name":null,"levels":null,"area":265},"geometry":{"type":"Polygon","coordinates":[[[-87.650584,41.876536],[-87.650064,41.875997],[-87.650568,41.875987],[-87.650584,41.876536]]]}},{"type":"Feature","properties":{"name":"Time Out Market Chicago","levels":null,"area":179},"geometry":{"type":"Polygon","coordinates":[[[-87.650339,41.886877],[-87.650897,41.887144],[-87.650345,41.887149],[-87.650339,41.886877]]]}},{"type":"Feature","properties":{"name":null,"levels":null,"area":151},"geometry":{"type":"Polygon","coordinates":[[[-87.651585,41.886645],[-87.65112,41.886377],[-87.651577,41.886369],[-87.651585,41.886645]]]}},{"type":"Feature","properties":{"name":"Information Resources","levels":null,"area":166},"geometry":{"type":"Polygon","coordinates":[[[-87.642048,41.884814],[-87.642591,41.884546],[-87.642593,41.88482],[-87.642048,41.884814]]]}},{"type":"Feature","properties":{"name":"Knight Building","levels":null,"area":214},"geometry":{"type":"Polygon","coordinates":[[[-87.641431,41.884341],[-87.641973,41.88402],[-87.641978,41.884336],[-87.641431,41.884341]]]}},{"type":"Feature","properties":{"name":null,"levels":null,"area":152},"geometry":{"type":"Polygon","coordinates":[[[-87.641512,41.887892],[-87.64208,41.887671],[-87.642071,41.887937],[-87.641512,41.887892]]]}},{"type":"Feature","properties":{"name":null,"levels":null,"area":194},"geometry":{"type":"Polygon","coordinates":[[[-87.64461,41.882552],[-87.644313,41.883057],[-87.644298,41.882557],[-87.64461,41.882552]]]}},{"type":"Feature","properties":{"name":"R+D659","levels":null,"area":361},"geometry":{"type":"Polygon","coordinates":[[[-87.644346,41.883811],[-87.645074,41.884221],[-87.644353,41.884229],[-87.644346,41.883811]]]}},{"type":"Feature","properties":{"name":"Two Mid City Plaza","levels":null,"area":198},"geometry":{"type":"Polygon","coordinates":[[[-87.647921,41.88131],[-87.647476,41.88168],[-87.647466,41.881317],[-87.647921,41.88131]]]}},{"type":"Feature","properties":{"name":null,"levels":null,"area":259},"geometry":{"type":"Polygon","coordinates":[[[-87.648495,41.876747],[-87.648932,41.87725],[-87.648508,41.877257],[-87.648495,41.876747]]]}},{"type":"Feature","properties":{"name":"820 West Jackson","levels":null,"area":251},"geometry":{"type":"Polygon","coordinates":[[[-87.647909,41.878519],[-87.648289,41.878026],[-87.648304,41.878512],[-87.647909,41.878519]]]}},{"type":"Feature","properties":{"name":"International Tailoring Company Building","levels":null,"area":290},"geometry":{"type":"Polygon","coordinates":[[[-87.649441,41.877205],[-87.649016,41.877831],[-87.649002,41.877214],[-87.649441,41.877205]]]}},{"type":"Feature","properties":{"name":"WCIU-TV Studios","levels":null,"area":430},"geometry":{"type":"Polygon","coordinates":[[[-87.64792,41.882168],[-87.64752,41.883032],[-87.647502,41.882174],[-87.64792,41.882168]]]}},{"type":"Feature","properties":{"name":"Zurich","levels":null,"area":308},"geometry":{"type":"Polygon","coordinates":[[[-87.641421,41.88378],[-87.641948,41.883298],[-87.641957,41.883774],[-87.641421,41.88378]]]}},{"type":"Feature","properties":{"name":"Cadillac Palace Theatre","levels":null,"area":301},"geometry":{"type":"Polygon","coordinates":[[[-87.633497,41.88419],[-87.632866,41.883871],[-87.633504,41.883867],[-87.633497,41.88419]]]}},{"type":"Feature","properties":{"name":"The Allegro Royal Sonesta Hotel Chicago Loop","levels":null,"area":230},"geometry":{"type":"Polygon","coordinates":[[[-87.633497,41.88419],[-87.633756,41.884362],[-87.632845,41.884369],[-87.633497,41.88419]]]}},{"type":"Feature","properties":{"name":"Union Station Multiplex","levels":null,"area":419},"geometry":{"type":"Polygon","coordinates":[[[-87.639491,41.878146],[-87.638343,41.878441],[-87.63833,41.878166],[-87.639491,41.878146]]]}},{"type":"Feature","properties":{"name":"Crain Communications Building","levels":null,"area":219},"geometry":{"type":"Polygon","coordinates":[[[-87.625198,41.884619],[-87.624745,41.885034],[-87.624735,41.884623],[-87.625198,41.884619]]]}},{"type":"Feature","properties":{"name":"Chicago Mercantile Exchange Center","levels":null,"area":987},"geometry":{"type":"Polygon","coordinates":[[[-87.637809,41.881805],[-87.637127,41.880812],[-87.637928,41.8808],[-87.637809,41.881805]]]}},{"type":"Feature","properties":{"name":null,"levels":null,"area":305},"geometry":{"type":"Polygon","coordinates":[[[-87.645203,41.887492],[-87.644467,41.887867],[-87.644465,41.887629],[-87.645203,41.887492]]]}},{"type":"Feature","properties":{"name":"Mariano's Fresh Market","levels":null,"area":802},"geometry":{"type":"Polygon","coordinates":[[[-87.647466,41.881317],[-87.648371,41.880577],[-87.648398,41.881301],[-87.647466,41.881317]]]}},{"type":"Feature","properties":{"name":"Chase Tower","levels":null,"area":689},"geometry":{"type":"Polygon","coordinates":[[[-87.629621,41.881893],[-87.630656,41.881348],[-87.630665,41.881882],[-87.629621,41.881893]]]}},{"type":"Feature","properties":{"name":"Google Center","levels":null,"area":1284},"geometry":{"type":"Polygon","coordinates":[[[-87.631192,41.884962],[-87.63229,41.885621],[-87.631089,41.88564],[-87.631192,41.884962]]]}},{"type":"Feature","properties":{"name":"73 East Lake","levels":null,"area":202},"geometry":{"type":"Polygon","coordinates":[[[-87.625658,41.885187],[-87.625304,41.885652],[-87.625294,41.885192],[-87.625658,41.885187]]]}},{"type":"Feature","properties":{"name":"Presidential Towers Garage","levels":null,"area":878},"geometry":{"type":"Polygon","coordinates":[[[-87.642801,41.88107],[-87.643963,41.88171],[-87.642802,41.881632],[-87.642801,41.88107]]]}},{"type":"Feature","properties":{"name":"Catalyst","levels":null,"area":376},"geometry":{"type":"Polygon","coordinates":[[[-87.644044,41.883898],[-87.643477,41.883291],[-87.644029,41.883282],[-87.644044,41.883898]]]}},{"type":"Feature","properties":{"name":"Millennium Station/Pedway","levels":null,"area":174},"geometry":{"type":"Polygon","coordinates":[[[-87.623813,41.884254],[-87.623578,41.884755],[-87.623247,41.884251],[-87.623813,41.884254]]]}},{"type":"Feature","properties":{"name":null,"levels":null,"area":1000},"geometry":{"type":"Polygon","coordinates":[[[-87.624105,41.887891],[-87.622567,41.887322],[-87.62295,41.885895],[-87.624005,41.886991],[-87.624105,41.887891]]]}},{"type":"Feature","properties":{"name":"West Loop Collection","levels":null,"area":348},"geometry":{"type":"Polygon","coordinates":[[[-87.648979,41.878696],[-87.648527,41.878021],[-87.64895,41.878011],[-87.648979,41.878696]]]}},{"type":"Feature","properties":{"name":null,"levels":null,"area":340},"geometry":{"type":"Polygon","coordinates":[[[-87.643931,41.885602],[-87.64317,41.885221],[-87.643927,41.885216],[-87.643931,41.885602]]]}},{"type":"Feature","properties":{"name":"JeffJack Apartments","levels":null,"area":176},"geometry":{"type":"Polygon","coordinates":[[[-87.643236,41.877913],[-87.642681,41.877556],[-87.643231,41.877725],[-87.643236,41.877913]]]}},{"type":"Feature","properties":{"name":"River Point","levels":null,"area":303},"geometry":{"type":"Polygon","coordinates":[[[-87.639201,41.885891],[-87.639708,41.886464],[-87.639381,41.886516],[-87.639201,41.885891]]]}},{"type":"Feature","properties":{"name":"Wolf Point West","levels":null,"area":171},"geometry":{"type":"Polygon","coordinates":[[[-87.638088,41.887661],[-87.638448,41.887577],[-87.638412,41.887895],[-87.638088,41.887661]]]}},{"type":"Feature","properties":{"name":"150 N Riverside","levels":null,"area":355},"geometry":{"type":"Polygon","coordinates":[[[-87.638678,41.885606],[-87.638234,41.884956],[-87.638653,41.884948],[-87.638678,41.885606]]]}},{"type":"Feature","properties":{"name":"The Parker","levels":null,"area":257},"geometry":{"type":"Polygon","coordinates":[[[-87.647323,41.885565],[-87.646791,41.885169],[-87.647318,41.885166],[-87.647323,41.885565]]]}},{"type":"Feature","properties":{"name":"Gateway West Loop","levels":null,"area":164},"geometry":{"type":"Polygon","coordinates":[[[-87.64801,41.881665],[-87.648388,41.881307],[-87.6484,41.881658],[-87.64801,41.881665]]]}},{"type":"Feature","properties":{"name":"The Van Buren","levels":null,"area":246},"geometry":{"type":"Polygon","coordinates":[[[-87.647677,41.876766],[-87.647345,41.877302],[-87.647332,41.876771],[-87.647677,41.876766]]]}},{"type":"Feature","properties":{"name":"Hoxton Hotel","levels":null,"area":237},"geometry":{"type":"Polygon","coordinates":[[[-87.649496,41.88575],[-87.648777,41.88603],[-87.648772,41.885757],[-87.649496,41.88575]]]}},{"type":"Feature","properties":{"name":"Willis Tower","levels":null,"area":1372},"geometry":{"type":"Polygon","coordinates":[[[-87.63653,41.879262],[-87.635394,41.878206],[-87.636502,41.878192],[-87.63653,41.879262]]]}},{"type":"Feature","properties":{"name":"AT&T","levels":null,"area":299},"geometry":{"type":"Polygon","coordinates":[[[-87.641025,41.881686],[-87.640445,41.881246],[-87.641015,41.881239],[-87.641025,41.881686]]]}},{"type":"Feature","properties":{"name":"EMME Chicago","levels":null,"area":393},"geometry":{"type":"Polygon","coordinates":[[[-87.644081,41.885169],[-87.643126,41.884761],[-87.644078,41.885023],[-87.644081,41.885169]]]}},{"type":"Feature","properties":{"name":null,"levels":null,"area":286},"geometry":{"type":"Polygon","coordinates":[[[-87.6435,41.886266],[-87.642927,41.885886],[-87.643494,41.885826],[-87.6435,41.886266]]]}},{"type":"Feature","properties":{"name":null,"levels":null,"area":436},"geometry":{"type":"Polygon","coordinates":[[[-87.648807,41.887312],[-87.649727,41.886888],[-87.649737,41.887108],[-87.648807,41.887312]]]}},{"type":"Feature","properties":{"name":"Alta Grand Central","levels":null,"area":499},"geometry":{"type":"Polygon","coordinates":[[[-87.634551,41.874334],[-87.63378,41.873771],[-87.634534,41.873759],[-87.634551,41.874334]]]}},{"type":"Feature","properties":{"name":"Union West","levels":null,"area":584},"geometry":{"type":"Polygon","coordinates":[[[-87.651925,41.882493],[-87.651007,41.882379],[-87.651631,41.881832],[-87.651925,41.882493]]]}},{"type":"Feature","properties":{"name":"Academic and Residential Complex","levels":null,"area":457},"geometry":{"type":"Polygon","coordinates":[[[-87.650067,41.874802],[-87.651676,41.87486],[-87.650489,41.874996],[-87.650067,41.874802]]]}},{"type":"Feature","properties":{"name":"151 North Franklin","levels":null,"area":394},"geometry":{"type":"Polygon","coordinates":[[[-87.634563,41.885078],[-87.635226,41.884584],[-87.63523,41.885076],[-87.634563,41.885078]]]}},{"type":"Feature","properties":{"name":null,"levels":null,"area":296},"geometry":{"type":"Polygon","coordinates":[[[-87.630754,41.882552],[-87.630426,41.882103],[-87.630749,41.882096],[-87.630754,41.882552]]]}},{"type":"Feature","properties":{"name":null,"levels":null,"area":420},"geometry":{"type":"Polygon","coordinates":[[[-87.648499,41.886897],[-87.647682,41.887312],[-87.647674,41.886906],[-87.648499,41.886897]]]}},{"type":"Feature","properties":{"name":"320 N Sangamon","levels":null,"area":292},"geometry":{"type":"Polygon","coordinates":[[[-87.65116,41.887151],[-87.651562,41.887779],[-87.651184,41.887784],[-87.65116,41.887151]]]}},{"type":"Feature","properties":{"name":"citizenM Chicago","levels":null,"area":187},"geometry":{"type":"Polygon","coordinates":[[[-87.625263,41.886917],[-87.624781,41.887242],[-87.624777,41.88692],[-87.625263,41.886917]]]}},{"type":"Feature","properties":{"name":"World's Congress Auxiliary Building","levels":null,"area":756},"geometry":{"type":"Polygon","coordinates":[[[-87.624012,41.880005],[-87.623336,41.879131],[-87.623994,41.879121],[-87.624012,41.880005]]]}},{"type":"Feature","properties":{"name":"Salesforce Tower","levels":null,"area":284},"geometry":{"type":"Polygon","coordinates":[[[-87.637867,41.887147],[-87.637444,41.887663],[-87.637436,41.887153],[-87.637867,41.887147]]]}},{"type":"Feature","properties":{"name":"BMO Tower","levels":null,"area":440},"geometry":{"type":"Polygon","coordinates":[[[-87.640231,41.876875],[-87.639761,41.877608],[-87.639743,41.876884],[-87.640231,41.876875]]]}},{"type":"Feature","properties":{"name":"Chicago Stock Exchange","levels":null,"area":314},"geometry":{"type":"Polygon","coordinates":[[[-87.631796,41.875438],[-87.632577,41.87577],[-87.631806,41.875778],[-87.631796,41.875438]]]}},{"type":"Feature","properties":{"name":"The Row","levels":null,"area":345},"geometry":{"type":"Polygon","coordinates":[[[-87.649909,41.884762],[-87.65059,41.885226],[-87.649924,41.885239],[-87.649909,41.884762]]]}},{"type":"Feature","properties":{"name":null,"levels":null,"area":223},"geometry":{"type":"Polygon","coordinates":[[[-87.642032,41.886048],[-87.6422,41.88583],[-87.642209,41.886214],[-87.642032,41.886048]]]}},{"type":"Feature","properties":{"name":"919 on Fulton","levels":null,"area":531},"geometry":{"type":"Polygon","coordinates":[[[-87.650879,41.886653],[-87.650406,41.885782],[-87.650865,41.885722],[-87.650879,41.886653]]]}},{"type":"Feature","properties":{"name":"Luxe Suites Chicago","levels":null,"area":219},"geometry":{"type":"Polygon","coordinates":[[[-87.648336,41.879296],[-87.647417,41.879571],[-87.647406,41.879312],[-87.648336,41.879296]]]}},{"type":"Feature","properties":{"name":"Stevens Building","levels":null,"area":165},"geometry":{"type":"Polygon","coordinates":[[[-87.627649,41.882834],[-87.62709,41.882592],[-87.627641,41.882586],[-87.627649,41.882834]]]}},{"type":"Feature","properties":{"name":"210 N Wells Self Park","levels":null,"area":166},"geometry":{"type":"Polygon","coordinates":[[[-87.634689,41.886251],[-87.634338,41.885851],[-87.634678,41.885849],[-87.634689,41.886251]]]}},{"type":"Feature","properties":{"name":"55 East Monroe Self Park","levels":null,"area":171},"geometry":{"type":"Polygon","coordinates":[[[-87.625349,41.880638],[-87.625484,41.879716],[-87.625502,41.880638],[-87.625349,41.880638]]]}},{"type":"Feature","properties":{"name":null,"levels":null,"area":201},"geometry":{"type":"Polygon","coordinates":[[[-87.632003,41.885668],[-87.630901,41.885824],[-87.630897,41.885673],[-87.632003,41.885668]]]}},{"type":"Feature","properties":{"name":"200 N Dearborn","levels":null,"area":194},"geometry":{"type":"Polygon","coordinates":[[[-87.630115,41.885866],[-87.629709,41.886204],[-87.6297,41.885869],[-87.630115,41.885866]]]}},{"type":"Feature","properties":{"name":"Emerald On Green Street","levels":null,"area":448},"geometry":{"type":"Polygon","coordinates":[[[-87.647884,41.879441],[-87.64836,41.880388],[-87.647903,41.880375],[-87.647884,41.879441]]]}},{"type":"Feature","properties":{"name":"Auditorium Theatre","levels":null,"area":374},"geometry":{"type":"Polygon","coordinates":[[[-87.624819,41.875919],[-87.625727,41.876235],[-87.624821,41.876249],[-87.624819,41.875919]]]}},{"type":"Feature","properties":{"name":null,"levels":null,"area":224},"geometry":{"type":"Polygon","coordinates":[[[-87.632562,41.875187],[-87.631796,41.875438],[-87.63179,41.875197],[-87.632562,41.875187]]]}},{"type":"Feature","properties":{"name":null,"levels":null,"area":189},"geometry":{"type":"Polygon","coordinates":[[[-87.632531,41.872759],[-87.632516,41.875187],[-87.632447,41.872761],[-87.632531,41.872759]]]}},{"type":"Feature","properties":{"name":null,"levels":null,"area":283},"geometry":{"type":"Polygon","coordinates":[[[-87.632391,41.873021],[-87.632346,41.87519],[-87.632285,41.872762],[-87.632391,41.873021]]]}},{"type":"Feature","properties":{"name":null,"levels":null,"area":268},"geometry":{"type":"Polygon","coordinates":[[[-87.632121,41.872764],[-87.632272,41.875191],[-87.632179,41.875192],[-87.632121,41.872764]]]}},{"type":"Feature","properties":{"name":null,"levels":null,"area":278},"geometry":{"type":"Polygon","coordinates":[[[-87.632047,41.872764],[-87.632009,41.875194],[-87.631973,41.872766],[-87.632047,41.872764]]]}},{"type":"Feature","properties":{"name":null,"levels":null,"area":173},"geometry":{"type":"Polygon","coordinates":[[[-87.631876,41.875196],[-87.631883,41.872768],[-87.631936,41.875195],[-87.631876,41.875196]]]}},{"type":"Feature","properties":{"name":"Metra Market Parking","levels":null,"area":1451},"geometry":{"type":"Polygon","coordinates":[[[-87.639964,41.884574],[-87.641166,41.885613],[-87.640001,41.885609],[-87.639964,41.884574]]]}},{"type":"Feature","properties":{"name":null,"levels":null,"area":2963},"geometry":{"type":"Polygon","coordinates":[[[-87.64108,41.882867],[-87.639977,41.884714],[-87.639963,41.882855],[-87.64108,41.882867]]]}},{"type":"Feature","properties":{"name":"MetraMarket","levels":null,"area":1343},"geometry":{"type":"Polygon","coordinates":[[[-87.639937,41.883376],[-87.641128,41.884336],[-87.639957,41.884342],[-87.639937,41.883376]]]}},{"type":"Feature","properties":{"name":"One River Place","levels":null,"area":530},"geometry":{"type":"Polygon","coordinates":[[[-87.643782,41.896357],[-87.643224,41.896368],[-87.643194,41.895472],[-87.643772,41.895458],[-87.643782,41.896357]],[[-87.643572,41.895848],[-87.643417,41.895584],[-87.643428,41.895851],[-87.643572,41.895848]],[[-87.643585,41.896178],[-87.64343,41.895908],[-87.643436,41.896182],[-87.643585,41.896178]]]}},{"type":"Feature","properties":{"name":"River North Park","levels":null,"area":491},"geometry":{"type":"Polygon","coordinates":[[[-87.635694,41.891035],[-87.636858,41.89086],[-87.636871,41.891442],[-87.635708,41.891456],[-87.635694,41.891035]],[[-87.635839,41.891033],[-87.636617,41.891326],[-87.636612,41.891025],[-87.635839,41.891033]]]}},{"type":"Feature","properties":{"name":"Merchandise Mart","levels":null,"area":2578},"geometry":{"type":"Polygon","coordinates":[[[-87.634164,41.888949],[-87.636253,41.888073],[-87.636825,41.888907],[-87.634164,41.888949]]]}},{"type":"Feature","properties":{"name":"Park Community Church","levels":null,"area":392},"geometry":{"type":"Polygon","coordinates":[[[-87.643734,41.901],[-87.643233,41.900499],[-87.644265,41.901],[-87.643734,41.901]]]}},{"type":"Feature","properties":{"name":"900 North Michigan","levels":null,"area":1628},"geometry":{"type":"Polygon","coordinates":[[[-87.624354,41.899319],[-87.626972,41.899867],[-87.62437,41.89991],[-87.624354,41.899319]]]}},{"type":"Feature","properties":{"name":"Nordstrom","levels":null,"area":765},"geometry":{"type":"Polygon","coordinates":[[[-87.625494,41.89102],[-87.626603,41.891586],[-87.625509,41.891601],[-87.625494,41.89102]]]}},{"type":"Feature","properties":{"name":"Trump International Hotel & Tower Chicago","levels":null,"area":525},"geometry":{"type":"Polygon","coordinates":[[[-87.626682,41.888455],[-87.626233,41.889293],[-87.626024,41.889226],[-87.626682,41.888455]]]}},{"type":"Feature","properties":{"name":"330 North Wabash","levels":null,"area":404},"geometry":{"type":"Polygon","coordinates":[[[-87.627835,41.889025],[-87.627355,41.888285],[-87.627806,41.888276],[-87.627835,41.889025]]]}},{"type":"Feature","properties":{"name":"Water Tower Place","levels":null,"area":1365},"geometry":{"type":"Polygon","coordinates":[[[-87.623891,41.8977],[-87.621964,41.898315],[-87.621949,41.89773],[-87.623891,41.8977]]]}},{"type":"Feature","properties":{"name":null,"levels":null,"area":245},"geometry":{"type":"Polygon","coordinates":[[[-87.627788,41.896384],[-87.628041,41.896545],[-87.62718,41.896559],[-87.627788,41.896384]]]}},{"type":"Feature","properties":{"name":"Holy Name Cathedral","levels":null,"area":289},"geometry":{"type":"Polygon","coordinates":[[[-87.62799,41.895804],[-87.627169,41.896178],[-87.627155,41.895838],[-87.62799,41.895804]]]}},{"type":"Feature","properties":{"name":"The Chicagoan","levels":null,"area":223},"geometry":{"type":"Polygon","coordinates":[[[-87.626158,41.896571],[-87.625638,41.89621],[-87.626151,41.896201],[-87.626158,41.896571]]]}},{"type":"Feature","properties":{"name":"The Bernardin","levels":null,"area":223},"geometry":{"type":"Polygon","coordinates":[[[-87.626701,41.896191],[-87.626202,41.896563],[-87.626192,41.896194],[-87.626701,41.896191]]]}},{"type":"Feature","properties":{"name":"Reid-Murdoch Center","levels":null,"area":527},"geometry":{"type":"Polygon","coordinates":[[[-87.632307,41.888379],[-87.631187,41.887848],[-87.632299,41.887883],[-87.632307,41.888379]]]}},{"type":"Feature","properties":{"name":"321 North Clark","levels":null,"area":327},"geometry":{"type":"Polygon","coordinates":[[[-87.6304,41.887963],[-87.630869,41.888542],[-87.630419,41.88855],[-87.6304,41.887963]]]}},{"type":"Feature","properties":{"name":"Palmolive Building","levels":null,"area":285},"geometry":{"type":"Polygon","coordinates":[[[-87.623932,41.899909],[-87.623086,41.899637],[-87.623927,41.899622],[-87.623932,41.899909]]]}},{"type":"Feature","properties":{"name":"One Magnificent Mile","levels":null,"area":375},"geometry":{"type":"Polygon","coordinates":[[[-87.624797,41.900109],[-87.624394,41.900616],[-87.62438,41.900116],[-87.624797,41.900109]]]}},{"type":"Feature","properties":{"name":"The Drake Hotel","levels":null,"area":750},"geometry":{"type":"Polygon","coordinates":[[[-87.623942,41.900118],[-87.622898,41.900724],[-87.62288,41.900135],[-87.623942,41.900118]]]}},{"type":"Feature","properties":{"name":"Park Tower","levels":null,"area":320},"geometry":{"type":"Polygon","coordinates":[[[-87.625137,41.897301],[-87.625545,41.89686],[-87.625748,41.89729],[-87.625137,41.897301]]]}},{"type":"Feature","properties":{"name":"The Clare at Water Tower","levels":null,"area":313},"geometry":{"type":"Polygon","coordinates":[[[-87.626735,41.897122],[-87.626141,41.897444],[-87.625889,41.897089],[-87.626735,41.897122]]]}},{"type":"Feature","properties":{"name":"Elys\u00e9es Condominiums","levels":null,"area":325},"geometry":{"type":"Polygon","coordinates":[[[-87.625073,41.898268],[-87.625449,41.897677],[-87.625559,41.898257],[-87.625073,41.898268]]]}},{"type":"Feature","properties":{"name":null,"levels":null,"area":238},"geometry":{"type":"Polygon","coordinates":[[[-87.625009,41.897976],[-87.624408,41.898273],[-87.624336,41.897983],[-87.625009,41.897976]]]}},{"type":"Feature","properties":{"name":"The Bristol","levels":null,"area":213},"geometry":{"type":"Polygon","coordinates":[[[-87.626438,41.898734],[-87.626048,41.899068],[-87.625899,41.898756],[-87.626438,41.898734]]]}},{"type":"Feature","properties":{"name":"Quigley Seminary Building","levels":null,"area":225},"geometry":{"type":"Polygon","coordinates":[[[-87.626004,41.897824],[-87.625559,41.898257],[-87.625449,41.897677],[-87.626004,41.897824]]]}},{"type":"Feature","properties":{"name":"The Newberry Library","levels":null,"area":468},"geometry":{"type":"Polygon","coordinates":[[[-87.631156,41.899891],[-87.630695,41.9004],[-87.630017,41.899904],[-87.631156,41.899891]]]}},{"type":"Feature","properties":{"name":"Sofitel Chicago Magnificent Mile","levels":null,"area":280},"geometry":{"type":"Polygon","coordinates":[[[-87.627048,41.898919],[-87.62758,41.898447],[-87.62759,41.89891],[-87.627048,41.898919]]]}},{"type":"Feature","properties":{"name":"America-Fore Building","levels":null,"area":324},"geometry":{"type":"Polygon","coordinates":[[[-87.626785,41.898242],[-87.626187,41.89766],[-87.626763,41.897655],[-87.626785,41.898242]]]}},{"type":"Feature","properties":{"name":"Lewis Towers","levels":null,"area":153},"geometry":{"type":"Polygon","coordinates":[[[-87.625009,41.897465],[-87.625748,41.89729],[-87.625829,41.897454],[-87.625009,41.897465]]]}},{"type":"Feature","properties":{"name":"The Walton Residence","levels":null,"area":247},"geometry":{"type":"Polygon","coordinates":[[[-87.625579,41.900369],[-87.624796,41.900101],[-87.625574,41.900192],[-87.625579,41.900369]]]}},{"type":"Feature","properties":{"name":null,"levels":null,"area":162},"geometry":{"type":"Polygon","coordinates":[[[-87.627628,41.899262],[-87.628147,41.899519],[-87.627635,41.899526],[-87.627628,41.899262]]]}},{"type":"Feature","properties":{"name":"Baumhart Hall","levels":null,"area":161},"geometry":{"type":"Polygon","coordinates":[[[-87.627043,41.89799],[-87.62741,41.897637],[-87.62742,41.897988],[-87.627043,41.89799]]]}},{"type":"Feature","properties":{"name":null,"levels":null,"area":378},"geometry":{"type":"Polygon","coordinates":[[[-87.629558,41.895555],[-87.628605,41.895136],[-87.629558,41.895426],[-87.629558,41.895555]]]}},{"type":"Feature","properties":{"name":"American Medical Association","levels":null,"area":336},"geometry":{"type":"Polygon","coordinates":[[[-87.626853,41.89159],[-87.627742,41.891264],[-87.627826,41.891577],[-87.626853,41.89159]]]}},{"type":"Feature","properties":{"name":"Loyola University Tower","levels":null,"area":218},"geometry":{"type":"Polygon","coordinates":[[[-87.627435,41.897416],[-87.62698,41.896851],[-87.627215,41.896846],[-87.627435,41.897416]]]}},{"type":"Feature","properties":{"name":"One Illinois Center","levels":null,"area":415},"geometry":{"type":"Polygon","coordinates":[[[-87.623356,41.88807],[-87.623797,41.887309],[-87.623812,41.888066],[-87.623356,41.88807]]]}},{"type":"Feature","properties":{"name":"London Guarantee Building","levels":null,"area":179},"geometry":{"type":"Polygon","coordinates":[[[-87.624799,41.88783],[-87.625134,41.888163],[-87.624808,41.888088],[-87.624799,41.88783]]]}},{"type":"Feature","properties":{"name":"The Westin Michigan Avenue Chicago","levels":null,"area":496},"geometry":{"type":"Polygon","coordinates":[[[-87.623938,41.899622],[-87.622532,41.899347],[-87.623931,41.899329],[-87.623938,41.899622]]]}},{"type":"Feature","properties":{"name":"Hotel St. Benedict Flats","levels":null,"area":162},"geometry":{"type":"Polygon","coordinates":[[[-87.6267,41.8971],[-87.626153,41.896844],[-87.626692,41.896835],[-87.6267,41.8971]]]}},{"type":"Feature","properties":{"name":"River North Point","levels":null,"area":1679},"geometry":{"type":"Polygon","coordinates":[[[-87.638551,41.88807],[-87.637129,41.889002],[-87.636768,41.888093],[-87.638551,41.88807]]]}},{"type":"Feature","properties":{"name":"Helene Curtis Building","levels":null,"area":168},"geometry":{"type":"Polygon","coordinates":[[[-87.633861,41.888413],[-87.633565,41.887912],[-87.633851,41.887918],[-87.633861,41.888413]]]}},{"type":"Feature","properties":{"name":"Left Bank at K Station","levels":null,"area":386},"geometry":{"type":"Polygon","coordinates":[[[-87.640585,41.886938],[-87.640059,41.887363],[-87.640407,41.886939],[-87.640585,41.886938]]]}},{"type":"Feature","properties":{"name":"Riverbend","levels":null,"area":214},"geometry":{"type":"Polygon","coordinates":[[[-87.639737,41.887409],[-87.639478,41.887777],[-87.639349,41.887165],[-87.639737,41.887409]]]}},{"type":"Feature","properties":{"name":"Blommer Chocolate Factory","levels":null,"area":699},"geometry":{"type":"Polygon","coordinates":[[[-87.6442,41.889661],[-87.643023,41.889162],[-87.644188,41.889146],[-87.6442,41.889661]]]}},{"type":"Feature","properties":{"name":"Kinzie Station Tower","levels":null,"area":233},"geometry":{"type":"Polygon","coordinates":[[[-87.644176,41.887935],[-87.643712,41.887507],[-87.644157,41.887506],[-87.644176,41.887935]]]}},{"type":"Feature","properties":{"name":null,"levels":null,"area":403},"geometry":{"type":"Polygon","coordinates":[[[-87.644183,41.88819],[-87.643209,41.888483],[-87.643109,41.888253],[-87.644183,41.88819]]]}},{"type":"Feature","properties":{"name":"Jewel-Osco","levels":null,"area":561},"geometry":{"type":"Polygon","coordinates":[[[-87.645652,41.888894],[-87.644512,41.888488],[-87.645641,41.888488],[-87.645652,41.888894]]]}},{"type":"Feature","properties":{"name":"Alta at K Station","levels":null,"area":596},"geometry":{"type":"Polygon","coordinates":[[[-87.642792,41.888545],[-87.641799,41.88896],[-87.641849,41.888413],[-87.642792,41.888545]]]}},{"type":"Feature","properties":{"name":"Kinzie Park Tower","levels":null,"area":361},"geometry":{"type":"Polygon","coordinates":[[[-87.642384,41.89077],[-87.641811,41.891244],[-87.641763,41.890985],[-87.642384,41.89077]]]}},{"type":"Feature","properties":{"name":"Tribune Tower","levels":null,"area":754},"geometry":{"type":"Polygon","coordinates":[[[-87.622768,41.890261],[-87.623888,41.890839],[-87.622793,41.890864],[-87.622768,41.890261]]]}},{"type":"Feature","properties":{"name":"444 North Michigan","levels":null,"area":201},"geometry":{"type":"Polygon","coordinates":[[[-87.624419,41.890811],[-87.625157,41.89057],[-87.625165,41.890795],[-87.624419,41.890811]]]}},{"type":"Feature","properties":{"name":"Chicago Fire Department Engine Company 42","levels":null,"area":172},"geometry":{"type":"Polygon","coordinates":[[[-87.629802,41.890421],[-87.630318,41.890693],[-87.629809,41.89073],[-87.629802,41.890421]]]}},{"type":"Feature","properties":{"name":"Plaza 440","levels":null,"area":442},"geometry":{"type":"Polygon","coordinates":[[[-87.627902,41.890178],[-87.626939,41.890452],[-87.626898,41.890238],[-87.627902,41.890178]]]}},{"type":"Feature","properties":{"name":null,"levels":null,"area":335},"geometry":{"type":"Polygon","coordinates":[[[-87.630959,41.890937],[-87.630642,41.891536],[-87.630231,41.890945],[-87.630959,41.890937]]]}},{"type":"Feature","properties":{"name":"Illinois Holocaust Museum Presents Experience360","levels":null,"area":210},"geometry":{"type":"Polygon","coordinates":[[[-87.628272,41.888883],[-87.6289,41.889158],[-87.628281,41.889168],[-87.628272,41.888883]]]}},{"type":"Feature","properties":{"name":"Kinzie Hotel","levels":null,"area":295},"geometry":{"type":"Polygon","coordinates":[[[-87.629368,41.889616],[-87.62845,41.88936],[-87.629363,41.889407],[-87.629368,41.889616]]]}},{"type":"Feature","properties":{"name":"AT&T","levels":null,"area":216},"geometry":{"type":"Polygon","coordinates":[[[-87.629498,41.890955],[-87.628839,41.891234],[-87.628833,41.890963],[-87.629498,41.890955]]]}},{"type":"Feature","properties":{"name":"Hampton Inn & Suites Chicago - Downtown","levels":null,"area":194},"geometry":{"type":"Polygon","coordinates":[[[-87.629488,41.890476],[-87.628911,41.890763],[-87.628904,41.890483],[-87.629488,41.890476]]]}},{"type":"Feature","properties":{"name":null,"levels":null,"area":214},"geometry":{"type":"Polygon","coordinates":[[[-87.630097,41.889944],[-87.629739,41.88934],[-87.629985,41.889337],[-87.630097,41.889944]]]}},{"type":"Feature","properties":{"name":null,"levels":null,"area":273},"geometry":{"type":"Polygon","coordinates":[[[-87.630908,41.88933],[-87.630087,41.889617],[-87.630079,41.889344],[-87.630908,41.88933]]]}},{"type":"Feature","properties":{"name":"The Westin Chicago River North","levels":null,"area":311},"geometry":{"type":"Polygon","coordinates":[[[-87.629744,41.887872],[-87.630374,41.888342],[-87.629764,41.888469],[-87.629744,41.887872]]]}},{"type":"Feature","properties":{"name":"Realtor Building","levels":null,"area":208},"geometry":{"type":"Polygon","coordinates":[[[-87.625035,41.890225],[-87.624406,41.890508],[-87.624393,41.890235],[-87.625035,41.890225]]]}},{"type":"Feature","properties":{"name":"353 North Clark","levels":null,"area":348},"geometry":{"type":"Polygon","coordinates":[[[-87.630523,41.888749],[-87.629769,41.889112],[-87.629761,41.888758],[-87.630523,41.888749]]]}},{"type":"Feature","properties":{"name":"500 North Michigan","levels":null,"area":179},"geometry":{"type":"Polygon","coordinates":[[[-87.624426,41.891039],[-87.624992,41.891299],[-87.624437,41.891307],[-87.624426,41.891039]]]}},{"type":"Feature","properties":{"name":"AMLI River North","levels":null,"area":173},"geometry":{"type":"Polygon","coordinates":[[[-87.630926,41.88993],[-87.630475,41.889611],[-87.630919,41.889605],[-87.630926,41.88993]]]}},{"type":"Feature","properties":{"name":"John R. Thompson Building","levels":null,"area":192},"geometry":{"type":"Polygon","coordinates":[[[-87.631505,41.888579],[-87.631215,41.88911],[-87.631203,41.888573],[-87.631505,41.888579]]]}},{"type":"Feature","properties":{"name":"The Sterling","levels":null,"area":409},"geometry":{"type":"Polygon","coordinates":[[[-87.631505,41.888599],[-87.632262,41.888976],[-87.631514,41.889065],[-87.631505,41.888599]]]}},{"type":"Feature","properties":{"name":"EnV","levels":null,"area":212},"geometry":{"type":"Polygon","coordinates":[[[-87.633839,41.888637],[-87.633428,41.88906],[-87.633421,41.888632],[-87.633839,41.888637]]]}},{"type":"Feature","properties":{"name":"Orleans-Hubbard Self Park","levels":null,"area":287},"geometry":{"type":"Polygon","coordinates":[[[-87.636852,41.890326],[-87.635975,41.890063],[-87.636844,41.89005],[-87.636852,41.890326]]]}},{"type":"Feature","properties":{"name":"Hubbard Place","levels":null,"area":363},"geometry":{"type":"Polygon","coordinates":[[[-87.637966,41.890606],[-87.638436,41.890182],[-87.638904,41.890534],[-87.637966,41.890606]]]}},{"type":"Feature","properties":{"name":"East Bank Club","levels":null,"area":1441},"geometry":{"type":"Polygon","coordinates":[[[-87.638905,41.889264],[-87.639584,41.890957],[-87.63839,41.889469],[-87.638905,41.889264]]]}},{"type":"Feature","properties":{"name":"The Lock Up","levels":null,"area":182},"geometry":{"type":"Polygon","coordinates":[[[-87.637402,41.889231],[-87.637939,41.88951],[-87.63741,41.889518],[-87.637402,41.889231]]]}},{"type":"Feature","properties":{"name":null,"levels":null,"area":213},"geometry":{"type":"Polygon","coordinates":[[[-87.635654,41.889572],[-87.63653,41.889842],[-87.635648,41.889801],[-87.635654,41.889572]]]}},{"type":"Feature","properties":{"name":null,"levels":null,"area":319},"geometry":{"type":"Polygon","coordinates":[[[-87.636616,41.889525],[-87.635652,41.88926],[-87.636609,41.889247],[-87.636616,41.889525]]]}},{"type":"Feature","properties":{"name":"InterContinental Chicago Hotel","levels":null,"area":503},"geometry":{"type":"Polygon","coordinates":[[[-87.623226,41.891055],[-87.623921,41.891644],[-87.623181,41.891655],[-87.623226,41.891055]]]}},{"type":"Feature","properties":{"name":"The Peninsula Chicago","levels":null,"area":736},"geometry":{"type":"Polygon","coordinates":[[[-87.625397,41.896585],[-87.624556,41.895845],[-87.625365,41.895828],[-87.625397,41.896585]]]}},{"type":"Feature","properties":{"name":null,"levels":null,"area":179},"geometry":{"type":"Polygon","coordinates":[[[-87.626786,41.889716],[-87.627346,41.88998],[-87.626797,41.889989],[-87.626786,41.889716]]]}},{"type":"Feature","properties":{"name":"Waldorf Astoria Chicago","levels":null,"area":314},"geometry":{"type":"Polygon","coordinates":[[[-87.628147,41.899519],[-87.627231,41.899865],[-87.627076,41.899572],[-87.628147,41.899519]]]}},{"type":"Feature","properties":{"name":null,"levels":null,"area":228},"geometry":{"type":"Polygon","coordinates":[[[-87.627945,41.891238],[-87.627135,41.890994],[-87.627936,41.890976],[-87.627945,41.891238]]]}},{"type":"Feature","properties":{"name":"Court House Square","levels":null,"area":187},"geometry":{"type":"Polygon","coordinates":[[[-87.630504,41.890125],[-87.629766,41.890346],[-87.629761,41.890134],[-87.630504,41.890125]]]}},{"type":"Feature","properties":{"name":null,"levels":null,"area":597},"geometry":{"type":"Polygon","coordinates":[[[-87.632824,41.889861],[-87.633846,41.889302],[-87.633877,41.889849],[-87.632824,41.889861]]]}},{"type":"Feature","properties":{"name":null,"levels":null,"area":292},"geometry":{"type":"Polygon","coordinates":[[[-87.632089,41.890441],[-87.631265,41.890727],[-87.631258,41.890455],[-87.632089,41.890441]]]}},{"type":"Feature","properties":{"name":null,"levels":null,"area":449},"geometry":{"type":"Polygon","coordinates":[[[-87.633253,41.889894],[-87.633846,41.889302],[-87.633877,41.889849],[-87.633253,41.889894]]]}},{"type":"Feature","properties":{"name":"Embassy Suites by Hilton Chicago Downtown","levels":null,"area":402},"geometry":{"type":"Polygon","coordinates":[[[-87.628856,41.892577],[-87.628296,41.893167],[-87.628281,41.892585],[-87.628856,41.892577]]]}},{"type":"Feature","properties":{"name":"Rush-Ohio-Wabash Self Park","levels":null,"area":388},"geometry":{"type":"Polygon","coordinates":[[[-87.626623,41.8926],[-87.62554,41.892914],[-87.625532,41.892617],[-87.626623,41.8926]]]}},{"type":"Feature","properties":{"name":"Millennium Centre","levels":null,"area":398},"geometry":{"type":"Polygon","coordinates":[[[-87.629536,41.892581],[-87.628934,41.893132],[-87.628923,41.892587],[-87.629536,41.892581]]]}},{"type":"Feature","properties":{"name":"Michigan - Ohio Building","levels":null,"area":574},"geometry":{"type":"Polygon","coordinates":[[[-87.625286,41.89263],[-87.624505,41.893221],[-87.624486,41.892664],[-87.625286,41.89263]]]}},{"type":"Feature","properties":{"name":"Chicago Place","levels":null,"area":586},"geometry":{"type":"Polygon","coordinates":[[[-87.625366,41.895622],[-87.624547,41.895053],[-87.625355,41.895033],[-87.625366,41.895622]]]}},{"type":"Feature","properties":{"name":"James F. Maguire, S.J. Hall","levels":null,"area":151},"geometry":{"type":"Polygon","coordinates":[[[-87.627579,41.897149],[-87.628079,41.8974],[-87.627585,41.897406],[-87.627579,41.897149]]]}},{"type":"Feature","properties":{"name":null,"levels":null,"area":199},"geometry":{"type":"Polygon","coordinates":[[[-87.624032,41.895652],[-87.623467,41.895361],[-87.624022,41.895352],[-87.624032,41.895652]]]}},{"type":"Feature","properties":{"name":"Olympia Centre","levels":null,"area":618},"geometry":{"type":"Polygon","coordinates":[[[-87.623588,41.896611],[-87.62317,41.895871],[-87.624025,41.895859],[-87.623588,41.896611]]]}},{"type":"Feature","properties":{"name":"Warwick Allerton Hotel Chicago","levels":null,"area":186},"geometry":{"type":"Polygon","coordinates":[[[-87.624022,41.895352],[-87.623501,41.89506],[-87.624015,41.895049],[-87.624022,41.895352]]]}},{"type":"Feature","properties":{"name":"777 North Michigan","levels":null,"area":202},"geometry":{"type":"Polygon","coordinates":[[[-87.623649,41.896593],[-87.624032,41.896184],[-87.624039,41.896605],[-87.623649,41.896593]]]}},{"type":"Feature","properties":{"name":"350 West Hubbard","levels":null,"area":322},"geometry":{"type":"Polygon","coordinates":[[[-87.637903,41.89004],[-87.637207,41.890403],[-87.637149,41.890086],[-87.637903,41.89004]]]}},{"type":"Feature","properties":{"name":"The Farallon","levels":null,"area":199},"geometry":{"type":"Polygon","coordinates":[[[-87.630484,41.892813],[-87.629857,41.892561],[-87.630479,41.892543],[-87.630484,41.892813]]]}},{"type":"Feature","properties":{"name":"State-Kinzie-Wabash Self Park","levels":null,"area":341},"geometry":{"type":"Polygon","coordinates":[[[-87.626924,41.889385],[-87.627878,41.889637],[-87.626783,41.889652],[-87.626924,41.889385]]]}},{"type":"Feature","properties":{"name":"The Residences at Grand Plaza","levels":null,"area":160},"geometry":{"type":"Polygon","coordinates":[[[-87.629381,41.892045],[-87.629126,41.892343],[-87.628971,41.892065],[-87.629381,41.892045]]]}},{"type":"Feature","properties":{"name":"Fort Dearborn Post Office","levels":null,"area":674},"geometry":{"type":"Polygon","coordinates":[[[-87.630966,41.891759],[-87.629964,41.892325],[-87.629949,41.891773],[-87.630966,41.891759]]]}},{"type":"Feature","properties":{"name":"Grand Plaza Apartments","levels":null,"area":157},"geometry":{"type":"Polygon","coordinates":[[[-87.628692,41.891773],[-87.628449,41.892068],[-87.628274,41.891799],[-87.628692,41.891773]]]}},{"type":"Feature","properties":{"name":"Grand Plaza","levels":null,"area":854},"geometry":{"type":"Polygon","coordinates":[[[-87.628273,41.89178],[-87.629521,41.892336],[-87.628288,41.892358],[-87.628273,41.89178]]]}},{"type":"Feature","properties":{"name":"333 North Green","levels":null,"area":492},"geometry":{"type":"Polygon","coordinates":[[[-87.647672,41.887514],[-87.648578,41.888023],[-87.647687,41.887919],[-87.647672,41.887514]]]}},{"type":"Feature","properties":{"name":"South River Park at Kinzie Park","levels":null,"area":151},"geometry":{"type":"Polygon","coordinates":[[[-87.640401,41.889217],[-87.641073,41.889381],[-87.640403,41.88939],[-87.640401,41.889217]]]}},{"type":"Feature","properties":{"name":"Morgan MFG","levels":null,"area":447},"geometry":{"type":"Polygon","coordinates":[[[-87.6512,41.88906],[-87.651654,41.889197],[-87.651218,41.889707],[-87.6512,41.88906]]]}},{"type":"Feature","properties":{"name":"Pickens Kane Moving & Storage","levels":null,"area":1780},"geometry":{"type":"Polygon","coordinates":[[[-87.644966,41.889142],[-87.647714,41.889714],[-87.644968,41.889356],[-87.644966,41.889142]]]}},{"type":"Feature","properties":{"name":"Metro Self Storage","levels":null,"area":351},"geometry":{"type":"Polygon","coordinates":[[[-87.643768,41.890555],[-87.644218,41.891117],[-87.643672,41.891122],[-87.643768,41.890555]]]}},{"type":"Feature","properties":{"name":null,"levels":null,"area":180},"geometry":{"type":"Polygon","coordinates":[[[-87.646927,41.890643],[-87.647491,41.890414],[-87.647501,41.890701],[-87.646927,41.890643]]]}},{"type":"Feature","properties":{"name":"Guiness Open Gate Brewery","levels":null,"area":191},"geometry":{"type":"Polygon","coordinates":[[[-87.650945,41.88878],[-87.650016,41.888619],[-87.650942,41.888605],[-87.650945,41.88878]]]}},{"type":"Feature","properties":{"name":null,"levels":null,"area":169},"geometry":{"type":"Polygon","coordinates":[[[-87.642126,41.887669],[-87.642664,41.887938],[-87.642117,41.887927],[-87.642126,41.887669]]]}},{"type":"Feature","properties":{"name":null,"levels":null,"area":152},"geometry":{"type":"Polygon","coordinates":[[[-87.641512,41.887892],[-87.64208,41.887671],[-87.642071,41.887937],[-87.641512,41.887892]]]}},{"type":"Feature","properties":{"name":"Admiral's Pointe","levels":null,"area":188},"geometry":{"type":"Polygon","coordinates":[[[-87.640522,41.893211],[-87.641107,41.893477],[-87.640525,41.893479],[-87.640522,41.893211]]]}},{"type":"Feature","properties":{"name":null,"levels":null,"area":481},"geometry":{"type":"Polygon","coordinates":[[[-87.648091,41.901],[-87.648366,41.900646],[-87.648668,41.901],[-87.648091,41.901]]]}},{"type":"Feature","properties":{"name":"StorageMart","levels":null,"area":315},"geometry":{"type":"Polygon","coordinates":[[[-87.647126,41.900281],[-87.647838,41.900765],[-87.647143,41.900683],[-87.647126,41.900281]]]}},{"type":"Feature","properties":{"name":null,"levels":null,"area":405},"geometry":{"type":"Polygon","coordinates":[[[-87.65119,41.899991],[-87.651336,41.900684],[-87.650762,41.900383],[-87.65119,41.899991]]]}},{"type":"Feature","properties":{"name":null,"levels":null,"area":175},"geometry":{"type":"Polygon","coordinates":[[[-87.640294,41.893539],[-87.640847,41.8938],[-87.640306,41.893808],[-87.640294,41.893539]]]}},{"type":"Feature","properties":{"name":"The Montgomery","levels":null,"area":399},"geometry":{"type":"Polygon","coordinates":[[[-87.642732,41.895733],[-87.64163,41.896189],[-87.641878,41.895738],[-87.642732,41.895733]]]}},{"type":"Feature","properties":{"name":null,"levels":null,"area":322},"geometry":{"type":"Polygon","coordinates":[[[-87.642062,41.895064],[-87.642471,41.894787],[-87.642699,41.89506],[-87.642062,41.895064]]]}},{"type":"Feature","properties":{"name":null,"levels":null,"area":783},"geometry":{"type":"Polygon","coordinates":[[[-87.64284,41.897873],[-87.64183,41.896638],[-87.64263,41.896627],[-87.64284,41.897873]]]}},{"type":"Feature","properties":{"name":null,"levels":null,"area":374},"geometry":{"type":"Polygon","coordinates":[[[-87.648483,41.891904],[-87.647793,41.892168],[-87.647771,41.891476],[-87.648483,41.891904]]]}},{"type":"Feature","properties":{"name":null,"levels":null,"area":177},"geometry":{"type":"Polygon","coordinates":[[[-87.642017,41.89432],[-87.641592,41.894595],[-87.641586,41.894326],[-87.642017,41.89432]]]}},{"type":"Feature","properties":{"name":"The Salvation Army","levels":null,"area":215},"geometry":{"type":"Polygon","coordinates":[[[-87.645692,41.891867],[-87.645138,41.891545],[-87.645691,41.891543],[-87.645692,41.891867]]]}},{"type":"Feature","properties":{"name":"Erie on the Park","levels":null,"area":250},"geometry":{"type":"Polygon","coordinates":[[[-87.642272,41.894587],[-87.642085,41.893996],[-87.642542,41.894584],[-87.642272,41.894587]]]}},{"type":"Feature","properties":{"name":null,"levels":null,"area":231},"geometry":{"type":"Polygon","coordinates":[[[-87.647125,41.892174],[-87.647518,41.891678],[-87.647525,41.891922],[-87.647125,41.892174]]]}},{"type":"Feature","properties":{"name":null,"levels":null,"area":202},"geometry":{"type":"Polygon","coordinates":[[[-87.642132,41.895121],[-87.642759,41.895387],[-87.642141,41.895391],[-87.642132,41.895121]]]}},{"type":"Feature","properties":{"name":"River Bank Lofts","levels":null,"area":507},"geometry":{"type":"Polygon","coordinates":[[[-87.640105,41.891604],[-87.641175,41.892095],[-87.640671,41.892302],[-87.640105,41.891604]]]}},{"type":"Feature","properties":{"name":"600 West","levels":null,"area":3434},"geometry":{"type":"Polygon","coordinates":[[[-87.643788,41.896587],[-87.643293,41.897725],[-87.643247,41.896599],[-87.643788,41.896587]]]}},{"type":"Feature","properties":{"name":null,"levels":null,"area":193},"geometry":{"type":"Polygon","coordinates":[[[-87.649524,41.894186],[-87.649295,41.894648],[-87.649002,41.894195],[-87.649524,41.894186]]]}},{"type":"Feature","properties":{"name":null,"levels":null,"area":334},"geometry":{"type":"Polygon","coordinates":[[[-87.648779,41.894696],[-87.647853,41.895004],[-87.647846,41.894708],[-87.648779,41.894696]]]}},{"type":"Feature","properties":{"name":"Chicago Tribune Freedom Center North","levels":null,"area":1256},"geometry":{"type":"Polygon","coordinates":[[[-87.647254,41.896544],[-87.645835,41.897207],[-87.645814,41.896566],[-87.647254,41.896544]]]}},{"type":"Feature","properties":{"name":"WaterSaver Faucet Co.","levels":null,"area":474},"geometry":{"type":"Polygon","coordinates":[[[-87.646016,41.89274],[-87.64675,41.893279],[-87.646026,41.893287],[-87.646016,41.89274]]]}},{"type":"Feature","properties":{"name":null,"levels":null,"area":170},"geometry":{"type":"Polygon","coordinates":[[[-87.648792,41.895632],[-87.648281,41.895915],[-87.648271,41.895643],[-87.648792,41.895632]]]}},{"type":"Feature","properties":{"name":null,"levels":null,"area":301},"geometry":{"type":"Polygon","coordinates":[[[-87.650328,41.896782],[-87.650709,41.897455],[-87.64997,41.897184],[-87.650328,41.896782]]]}},{"type":"Feature","properties":{"name":null,"levels":null,"area":224},"geometry":{"type":"Polygon","coordinates":[[[-87.648159,41.896284],[-87.648693,41.895962],[-87.648811,41.896273],[-87.648159,41.896284]]]}},{"type":"Feature","properties":{"name":null,"levels":null,"area":258},"geometry":{"type":"Polygon","coordinates":[[[-87.649094,41.900433],[-87.649025,41.901],[-87.648701,41.900613],[-87.649094,41.900433]]]}},{"type":"Feature","properties":{"name":"River Village Pointe","levels":null,"area":350},"geometry":{"type":"Polygon","coordinates":[[[-87.64317,41.897912],[-87.643142,41.898741],[-87.643108,41.897938],[-87.64317,41.897912]]]}},{"type":"Feature","properties":{"name":null,"levels":null,"area":287},"geometry":{"type":"Polygon","coordinates":[[[-87.64243,41.898362],[-87.642905,41.898879],[-87.642452,41.89889],[-87.64243,41.898362]]]}},{"type":"Feature","properties":{"name":null,"levels":null,"area":157},"geometry":{"type":"Polygon","coordinates":[[[-87.649978,41.892861],[-87.649985,41.893241],[-87.649798,41.892864],[-87.649978,41.892861]]]}},{"type":"Feature","properties":{"name":"CTA Material Distribution Center","levels":null,"area":3444},"geometry":{"type":"Polygon","coordinates":[[[-87.650169,41.901],[-87.64952,41.901],[-87.649985,41.900781],[-87.650169,41.901]]]}},{"type":"Feature","properties":{"name":null,"levels":null,"area":220},"geometry":{"type":"Polygon","coordinates":[[[-87.643844,41.8988],[-87.644073,41.899447],[-87.643617,41.898836],[-87.643844,41.8988]]]}},{"type":"Feature","properties":{"name":null,"levels":null,"area":637},"geometry":{"type":"Polygon","coordinates":[[[-87.650741,41.901],[-87.650768,41.900647],[-87.651498,41.901],[-87.650741,41.901]]]}},{"type":"Feature","properties":{"name":null,"levels":null,"area":232},"geometry":{"type":"Polygon","coordinates":[[[-87.651063,41.895594],[-87.650366,41.895878],[-87.650361,41.895604],[-87.651063,41.895594]]]}},{"type":"Feature","properties":{"name":null,"levels":null,"area":354},"geometry":{"type":"Polygon","coordinates":[[[-87.651029,41.894175],[-87.650217,41.894958],[-87.650703,41.894179],[-87.651029,41.894175]]]}},{"type":"Feature","properties":{"name":null,"levels":null,"area":166},"geometry":{"type":"Polygon","coordinates":[[[-87.651394,41.898024],[-87.651034,41.898301],[-87.651016,41.897903],[-87.651394,41.898024]]]}},{"type":"Feature","properties":{"name":null,"levels":null,"area":233},"geometry":{"type":"Polygon","coordinates":[[[-87.651242,41.894237],[-87.65158,41.894937],[-87.65129,41.894941],[-87.651242,41.894237]]]}},{"type":"Feature","properties":{"name":"Kingsbury on the Park","levels":null,"area":151},"geometry":{"type":"Polygon","coordinates":[[[-87.640839,41.89353],[-87.641318,41.893793],[-87.640847,41.8938],[-87.640839,41.89353]]]}},{"type":"Feature","properties":{"name":"Park Place","levels":null,"area":325},"geometry":{"type":"Polygon","coordinates":[[[-87.641487,41.892674],[-87.641933,41.893071],[-87.640987,41.892703],[-87.641487,41.892674]]]}},{"type":"Feature","properties":{"name":"River Place on the Park","levels":null,"area":224},"geometry":{"type":"Polygon","coordinates":[[[-87.643658,41.894562],[-87.643018,41.894848],[-87.643004,41.894574],[-87.643658,41.894562]]]}},{"type":"Feature","properties":{"name":"The Mondial","levels":null,"area":309},"geometry":{"type":"Polygon","coordinates":[[[-87.649934,41.895159],[-87.651032,41.895416],[-87.649942,41.895435],[-87.649934,41.895159]]]}},{"type":"Feature","properties":{"name":"Two River Place","levels":null,"area":306},"geometry":{"type":"Polygon","coordinates":[[[-87.643667,41.894957],[-87.643044,41.895356],[-87.643035,41.894999],[-87.643667,41.894957]]]}},{"type":"Feature","properties":{"name":null,"levels":null,"area":464},"geometry":{"type":"Polygon","coordinates":[[[-87.648675,41.898646],[-87.649475,41.898814],[-87.648538,41.899083],[-87.648675,41.898646]]]}},{"type":"Feature","properties":{"name":null,"levels":null,"area":166},"geometry":{"type":"Polygon","coordinates":[[[-87.648486,41.900359],[-87.649094,41.900433],[-87.648701,41.900613],[-87.648486,41.900359]]]}},{"type":"Feature","properties":{"name":null,"levels":null,"area":363},"geometry":{"type":"Polygon","coordinates":[[[-87.64577,41.892739],[-87.645501,41.893311],[-87.645099,41.892751],[-87.64577,41.892739]]]}},{"type":"Feature","properties":{"name":"The Residences at Hudson & Huron","levels":null,"area":219},"geometry":{"type":"Polygon","coordinates":[[[-87.640131,41.894344],[-87.640812,41.894604],[-87.640132,41.894613],[-87.640131,41.894344]]]}},{"type":"Feature","properties":{"name":null,"levels":null,"area":156},"geometry":{"type":"Polygon","coordinates":[[[-87.635118,41.890074],[-87.634659,41.89035],[-87.634633,41.890081],[-87.635118,41.890074]]]}},{"type":"Feature","properties":{"name":null,"levels":null,"area":156},"geometry":{"type":"Polygon","coordinates":[[[-87.634584,41.890085],[-87.634187,41.890412],[-87.63418,41.89009],[-87.634584,41.890085]]]}},{"type":"Feature","properties":{"name":null,"levels":null,"area":238},"geometry":{"type":"Polygon","coordinates":[[[-87.625009,41.897976],[-87.624327,41.897692],[-87.625001,41.89766],[-87.625009,41.897976]]]}},{"type":"Feature","properties":{"name":"AT&T","levels":null,"area":200},"geometry":{"type":"Polygon","coordinates":[[[-87.629037,41.893698],[-87.62957,41.893956],[-87.628957,41.893962],[-87.629037,41.893698]]]}},{"type":"Feature","properties":{"name":"Anti-Cruelty Society Parking","levels":null,"area":156},"geometry":{"type":"Polygon","coordinates":[[[-87.633481,41.891496],[-87.633919,41.891198],[-87.633932,41.891491],[-87.633481,41.891496]]]}},{"type":"Feature","properties":{"name":"Best Western River North","levels":null,"area":211},"geometry":{"type":"Polygon","coordinates":[[[-87.631582,41.892049],[-87.63239,41.892312],[-87.631584,41.892188],[-87.631582,41.892049]]]}},{"type":"Feature","properties":{"name":"Chestnut Place Apartments","levels":null,"area":322},"geometry":{"type":"Polygon","coordinates":[[[-87.629342,41.898477],[-87.628375,41.898595],[-87.62845,41.898114],[-87.629342,41.898477]]]}},{"type":"Feature","properties":{"name":"Chestnut Tower","levels":null,"area":181},"geometry":{"type":"Polygon","coordinates":[[[-87.63252,41.897326],[-87.632278,41.89788],[-87.63211,41.897365],[-87.63252,41.897326]]]}},{"type":"Feature","properties":{"name":"Omni Chicago Hotel","levels":null,"area":212},"geometry":{"type":"Polygon","coordinates":[[[-87.624527,41.894841],[-87.625335,41.894608],[-87.625339,41.894824],[-87.624527,41.894841]]]}},{"type":"Feature","properties":{"name":"Delaware Place on the Park","levels":null,"area":202},"geometry":{"type":"Polygon","coordinates":[[[-87.62906,41.89901],[-87.629672,41.898742],[-87.629702,41.898997],[-87.62906,41.89901]]]}},{"type":"Feature","properties":{"name":"Fogo de Ch\u00e3o","levels":null,"area":220},"geometry":{"type":"Polygon","coordinates":[[[-87.631779,41.894128],[-87.632467,41.894385],[-87.631787,41.894398],[-87.631779,41.894128]]]}},{"type":"Feature","properties":{"name":"AC Hotel Chicago Downtown","levels":null,"area":460},"geometry":{"type":"Polygon","coordinates":[[[-87.626648,41.893406],[-87.625555,41.893716],[-87.625548,41.893421],[-87.626648,41.893406]]]}},{"type":"Feature","properties":{"name":null,"levels":null,"area":290},"geometry":{"type":"Polygon","coordinates":[[[-87.636924,41.892449],[-87.636115,41.89273],[-87.63605,41.892488],[-87.636924,41.892449]]]}},{"type":"Feature","properties":{"name":"Hilton Garden Inn Chicago Downtown/Magnificent Mile","levels":null,"area":244},"geometry":{"type":"Polygon","coordinates":[[[-87.627943,41.892366],[-87.627584,41.891779],[-87.627927,41.891773],[-87.627943,41.892366]]]}},{"type":"Feature","properties":{"name":"Metropolitan Water Reclamation District of Greater Chicago","levels":null,"area":206},"geometry":{"type":"Polygon","coordinates":[[[-87.625335,41.894608],[-87.624855,41.894237],[-87.625321,41.894227],[-87.625335,41.894608]]]}},{"type":"Feature","properties":{"name":null,"levels":null,"area":172},"geometry":{"type":"Polygon","coordinates":[[[-87.637488,41.900752],[-87.637817,41.901],[-87.637468,41.901],[-87.637488,41.900752]]]}},{"type":"Feature","properties":{"name":"Warren Barr Gold Coast","levels":null,"area":175},"geometry":{"type":"Polygon","coordinates":[[[-87.630507,41.900674],[-87.631156,41.900894],[-87.630508,41.900896],[-87.630507,41.900674]]]}},{"type":"Feature","properties":{"name":"Residence Inn Chicago Downtown Magnificent Mile","levels":null,"area":249},"geometry":{"type":"Polygon","coordinates":[[[-87.624772,41.893622],[-87.625239,41.894024],[-87.62478,41.894022],[-87.624772,41.893622]]]}},{"type":"Feature","properties":{"name":"Oak Club","levels":null,"area":216},"geometry":{"type":"Polygon","coordinates":[[[-87.631549,41.900263],[-87.632605,41.900417],[-87.63151,41.900411],[-87.631549,41.900263]]]}},{"type":"Feature","properties":{"name":null,"levels":null,"area":328},"geometry":{"type":"Polygon","coordinates":[[[-87.634849,41.897508],[-87.63441,41.898109],[-87.634387,41.897517],[-87.634849,41.897508]]]}},{"type":"Feature","properties":{"name":null,"levels":null,"area":260},"geometry":{"type":"Polygon","coordinates":[[[-87.63554,41.894393],[-87.63476,41.894679],[-87.634756,41.894402],[-87.63554,41.894393]]]}},{"type":"Feature","properties":{"name":null,"levels":null,"area":165},"geometry":{"type":"Polygon","coordinates":[[[-87.634989,41.893279],[-87.635501,41.893546],[-87.634996,41.893552],[-87.634989,41.893279]]]}},{"type":"Feature","properties":{"name":null,"levels":null,"area":451},"geometry":{"type":"Polygon","coordinates":[[[-87.628456,41.900042],[-87.6297,41.900395],[-87.628463,41.900436],[-87.628456,41.900042]]]}},{"type":"Feature","properties":{"name":null,"levels":null,"area":172},"geometry":{"type":"Polygon","coordinates":[[[-87.626773,41.900661],[-87.627211,41.900371],[-87.627337,41.900634],[-87.626773,41.900661]]]}},{"type":"Feature","properties":{"name":null,"levels":null,"area":155},"geometry":{"type":"Polygon","coordinates":[[[-87.636176,41.895669],[-87.635819,41.896028],[-87.63581,41.895674],[-87.636176,41.895669]]]}},{"type":"Feature","properties":{"name":null,"levels":null,"area":274},"geometry":{"type":"Polygon","coordinates":[[[-87.63663,41.893524],[-87.635755,41.893271],[-87.636626,41.893261],[-87.63663,41.893524]]]}},{"type":"Feature","properties":{"name":null,"levels":null,"area":193},"geometry":{"type":"Polygon","coordinates":[[[-87.636358,41.895666],[-87.636824,41.896013],[-87.636368,41.896019],[-87.636358,41.895666]]]}},{"type":"Feature","properties":{"name":null,"levels":null,"area":321},"geometry":{"type":"Polygon","coordinates":[[[-87.629581,41.894474],[-87.628631,41.894768],[-87.628588,41.894492],[-87.629581,41.894474]]]}},{"type":"Feature","properties":{"name":null,"levels":null,"area":322},"geometry":{"type":"Polygon","coordinates":[[[-87.629995,41.896135],[-87.630596,41.89651],[-87.629923,41.896456],[-87.629995,41.896135]]]}},{"type":"Feature","properties":{"name":null,"levels":null,"area":155},"geometry":{"type":"Polygon","coordinates":[[[-87.637675,41.896055],[-87.637322,41.896417],[-87.637308,41.896059],[-87.637675,41.896055]]]}},{"type":"Feature","properties":{"name":null,"levels":null,"area":150},"geometry":{"type":"Polygon","coordinates":[[[-87.637573,41.895023],[-87.638274,41.894866],[-87.638279,41.895006],[-87.637573,41.895023]]]}},{"type":"Feature","properties":{"name":null,"levels":null,"area":333},"geometry":{"type":"Polygon","coordinates":[[[-87.638659,41.893239],[-87.63762,41.893482],[-87.637615,41.893252],[-87.638659,41.893239]]]}},{"type":"Feature","properties":{"name":null,"levels":null,"area":253},"geometry":{"type":"Polygon","coordinates":[[[-87.638038,41.897002],[-87.637326,41.897292],[-87.637314,41.897017],[-87.638038,41.897002]]]}},{"type":"Feature","properties":{"name":"Public Storage","levels":null,"area":183},"geometry":{"type":"Polygon","coordinates":[[[-87.63838,41.896952],[-87.637814,41.896684],[-87.638371,41.896678],[-87.63838,41.896952]]]}},{"type":"Feature","properties":{"name":"Three Sixty West","levels":null,"area":180},"geometry":{"type":"Polygon","coordinates":[[[-87.637858,41.894045],[-87.638419,41.894311],[-87.637862,41.894315],[-87.637858,41.894045]]]}},{"type":"Feature","properties":{"name":"Former Le Cordon Bleu College of Culinary Arts","levels":null,"area":270},"geometry":{"type":"Polygon","coordinates":[[[-87.638594,41.897731],[-87.638146,41.898221],[-87.638121,41.897745],[-87.638594,41.897731]]]}},{"type":"Feature","properties":{"name":null,"levels":null,"area":245},"geometry":{"type":"Polygon","coordinates":[[[-87.639573,41.892213],[-87.638802,41.891972],[-87.639564,41.891945],[-87.639573,41.892213]]]}},{"type":"Feature","properties":{"name":"Superior House","levels":null,"area":200},"geometry":{"type":"Polygon","coordinates":[[[-87.637979,41.895648],[-87.638455,41.895993],[-87.637982,41.896002],[-87.637979,41.895648]]]}},{"type":"Feature","properties":{"name":null,"levels":null,"area":174},"geometry":{"type":"Polygon","coordinates":[[[-87.639169,41.894035],[-87.638645,41.894313],[-87.63864,41.89404],[-87.639169,41.894035]]]}},{"type":"Feature","properties":{"name":null,"levels":null,"area":172},"geometry":{"type":"Polygon","coordinates":[[[-87.639195,41.8951],[-87.638655,41.894839],[-87.639185,41.89483],[-87.639195,41.8951]]]}},{"type":"Feature","properties":{"name":null,"levels":null,"area":385},"geometry":{"type":"Polygon","coordinates":[[[-87.639557,41.893817],[-87.638377,41.893557],[-87.639557,41.893546],[-87.639557,41.893817]]]}},{"type":"Feature","properties":{"name":null,"levels":null,"area":392},"geometry":{"type":"Polygon","coordinates":[[[-87.639001,41.895996],[-87.639922,41.895628],[-87.639931,41.895979],[-87.639001,41.895996]]]}},{"type":"Feature","properties":{"name":null,"levels":null,"area":274},"geometry":{"type":"Polygon","coordinates":[[[-87.639826,41.891611],[-87.639166,41.891892],[-87.638888,41.891623],[-87.639826,41.891611]]]}},{"type":"Feature","properties":{"name":"Ontario Street Lofts","levels":null,"area":457},"geometry":{"type":"Polygon","coordinates":[[[-87.63903,41.892749],[-87.640654,41.893002],[-87.639036,41.89302],[-87.63903,41.892749]]]}},{"type":"Feature","properties":{"name":null,"levels":null,"area":211},"geometry":{"type":"Polygon","coordinates":[[[-87.639182,41.890828],[-87.638497,41.891417],[-87.638491,41.891299],[-87.639182,41.890828]]]}},{"type":"Feature","properties":{"name":null,"levels":null,"area":181},"geometry":{"type":"Polygon","coordinates":[[[-87.639309,41.893222],[-87.639874,41.893484],[-87.639315,41.893493],[-87.639309,41.893222]]]}},{"type":"Feature","properties":{"name":null,"levels":null,"area":355},"geometry":{"type":"Polygon","coordinates":[[[-87.626619,41.89239],[-87.625888,41.891989],[-87.626608,41.891979],[-87.626619,41.89239]]]}},{"type":"Feature","properties":{"name":"Sexton Lofts","levels":null,"area":615},"geometry":{"type":"Polygon","coordinates":[[[-87.638974,41.89082],[-87.637167,41.891116],[-87.637161,41.890846],[-87.638974,41.89082]]]}},{"type":"Feature","properties":{"name":null,"levels":null,"area":254},"geometry":{"type":"Polygon","coordinates":[[[-87.625885,41.891814],[-87.625532,41.892353],[-87.625502,41.891817],[-87.625885,41.891814]]]}},{"type":"Feature","properties":{"name":"Michigan Terrace Condos","levels":null,"area":161},"geometry":{"type":"Polygon","coordinates":[[[-87.623215,41.892045],[-87.623923,41.891845],[-87.623924,41.892034],[-87.623215,41.892045]]]}},{"type":"Feature","properties":{"name":"Chicago Marriott Downtown Magnificent Mile","levels":null,"area":590},"geometry":{"type":"Polygon","coordinates":[[[-87.624449,41.891838],[-87.625291,41.89242],[-87.624465,41.892433],[-87.624449,41.891838]]]}},{"type":"Feature","properties":{"name":"Former Office Depot","levels":null,"area":221},"geometry":{"type":"Polygon","coordinates":[[[-87.638098,41.891957],[-87.637444,41.892244],[-87.637436,41.891969],[-87.638098,41.891957]]]}},{"type":"Feature","properties":{"name":"Park Newberry","levels":null,"area":491},"geometry":{"type":"Polygon","coordinates":[[[-87.629998,41.898123],[-87.631122,41.898632],[-87.630018,41.89864],[-87.629998,41.898123]]]}},{"type":"Feature","properties":{"name":null,"levels":null,"area":301},"geometry":{"type":"Polygon","coordinates":[[[-87.625622,41.895836],[-87.626371,41.896164],[-87.62563,41.896174],[-87.625622,41.895836]]]}},{"type":"Feature","properties":{"name":"Tree Studios","levels":null,"area":215},"geometry":{"type":"Polygon","coordinates":[[[-87.627964,41.892578],[-87.627486,41.893172],[-87.627482,41.892591],[-87.627964,41.892578]]]}},{"type":"Feature","properties":{"name":null,"levels":null,"area":154},"geometry":{"type":"Polygon","coordinates":[[[-87.637248,41.893574],[-87.637733,41.893837],[-87.637254,41.893843],[-87.637248,41.893574]]]}},{"type":"Feature","properties":{"name":null,"levels":null,"area":162},"geometry":{"type":"Polygon","coordinates":[[[-87.631052,41.894204],[-87.630644,41.894511],[-87.630641,41.894209],[-87.631052,41.894204]]]}},{"type":"Feature","properties":{"name":null,"levels":null,"area":207},"geometry":{"type":"Polygon","coordinates":[[[-87.634287,41.894226],[-87.634675,41.894677],[-87.634298,41.894681],[-87.634287,41.894226]]]}},{"type":"Feature","properties":{"name":null,"levels":null,"area":198},"geometry":{"type":"Polygon","coordinates":[[[-87.637301,41.895366],[-87.638435,41.895268],[-87.638437,41.895405],[-87.637301,41.895366]]]}},{"type":"Feature","properties":{"name":"West77 Apartments","levels":null,"area":159},"geometry":{"type":"Polygon","coordinates":[[[-87.630328,41.894661],[-87.631054,41.894548],[-87.631056,41.894736],[-87.630328,41.894661]]]}},{"type":"Feature","properties":{"name":"U.S. Bank","levels":null,"area":194},"geometry":{"type":"Polygon","coordinates":[[[-87.631102,41.896791],[-87.630557,41.897093],[-87.630549,41.896798],[-87.631102,41.896791]]]}},{"type":"Feature","properties":{"name":"AMLI 808","levels":null,"area":243},"geometry":{"type":"Polygon","coordinates":[[[-87.63468,41.896727],[-87.634389,41.897331],[-87.634359,41.896731],[-87.63468,41.896727]]]}},{"type":"Feature","properties":{"name":null,"levels":null,"area":219},"geometry":{"type":"Polygon","coordinates":[[[-87.638109,41.897459],[-87.63857,41.897066],[-87.638583,41.89745],[-87.638109,41.897459]]]}},{"type":"Feature","properties":{"name":null,"levels":null,"area":229},"geometry":{"type":"Polygon","coordinates":[[[-87.631441,41.898349],[-87.631997,41.898681],[-87.631445,41.898687],[-87.631441,41.898349]]]}},{"type":"Feature","properties":{"name":"Saint Luke Church of God in Christ","levels":null,"area":154},"geometry":{"type":"Polygon","coordinates":[[[-87.637809,41.899305],[-87.637422,41.899634],[-87.637408,41.899314],[-87.637809,41.899305]]]}},{"type":"Feature","properties":{"name":"Huron Pointe","levels":null,"area":185},"geometry":{"type":"Polygon","coordinates":[[[-87.639876,41.894349],[-87.639337,41.894625],[-87.639262,41.894363],[-87.639876,41.894349]]]}},{"type":"Feature","properties":{"name":"Lower North Center","levels":null,"area":219},"geometry":{"type":"Polygon","coordinates":[[[-87.638965,41.900578],[-87.639332,41.901],[-87.638978,41.901],[-87.638965,41.900578]]]}},{"type":"Feature","properties":{"name":null,"levels":null,"area":199},"geometry":{"type":"Polygon","coordinates":[[[-87.634885,41.893077],[-87.635485,41.892794],[-87.635491,41.893068],[-87.634885,41.893077]]]}},{"type":"Feature","properties":{"name":"The Leo","levels":null,"area":212},"geometry":{"type":"Polygon","coordinates":[[[-87.633644,41.896341],[-87.634044,41.8959],[-87.634048,41.896335],[-87.633644,41.896341]]]}},{"type":"Feature","properties":{"name":"Former Medinah Temple","levels":null,"area":463},"geometry":{"type":"Polygon","coordinates":[[[-87.6274,41.892594],[-87.626877,41.893194],[-87.626869,41.892598],[-87.6274,41.892594]]]}},{"type":"Feature","properties":{"name":"Torrey-Gray Auditorium","levels":null,"area":198},"geometry":{"type":"Polygon","coordinates":[[[-87.633636,41.89785],[-87.632985,41.898132],[-87.632981,41.897891],[-87.633636,41.89785]]]}},{"type":"Feature","properties":{"name":"Solheim Athletic Center","levels":null,"area":636},"geometry":{"type":"Polygon","coordinates":[[[-87.634728,41.899931],[-87.63572,41.90038],[-87.634499,41.900396],[-87.634728,41.899931]]]}},{"type":"Feature","properties":{"name":"George Sweeting Center for World Evangelization","levels":null,"area":304},"geometry":{"type":"Polygon","coordinates":[[[-87.633776,41.898262],[-87.633289,41.898775],[-87.633275,41.89827],[-87.633776,41.898262]]]}},{"type":"Feature","properties":{"name":null,"levels":null,"area":226},"geometry":{"type":"Polygon","coordinates":[[[-87.636871,41.895185],[-87.636199,41.895471],[-87.636194,41.895198],[-87.636871,41.895185]]]}},{"type":"Feature","properties":{"name":null,"levels":null,"area":215},"geometry":{"type":"Polygon","coordinates":[[[-87.627772,41.900867],[-87.628202,41.901],[-87.627749,41.900992],[-87.627772,41.900867]]]}},{"type":"Feature","properties":{"name":"One East Delaware","levels":null,"area":355},"geometry":{"type":"Polygon","coordinates":[[[-87.62758,41.898447],[-87.628129,41.899038],[-87.627594,41.899048],[-87.62758,41.898447]]]}},{"type":"Feature","properties":{"name":null,"levels":null,"area":217},"geometry":{"type":"Polygon","coordinates":[[[-87.623975,41.89378],[-87.623251,41.894052],[-87.623248,41.893952],[-87.623975,41.89378]]]}},{"type":"Feature","properties":{"name":"Seven","levels":null,"area":157},"geometry":{"type":"Polygon","coordinates":[[[-87.635458,41.895473],[-87.634959,41.895205],[-87.63545,41.895199],[-87.635458,41.895473]]]}},{"type":"Feature","properties":{"name":"Catholic Charities of the Archdiocese of Chicago","levels":null,"area":291},"geometry":{"type":"Polygon","coordinates":[[[-87.63216,41.894956],[-87.632497,41.895513],[-87.63183,41.895521],[-87.63216,41.894956]]]}},{"type":"Feature","properties":{"name":"The Godfrey Hotel Chicago","levels":null,"area":209},"geometry":{"type":"Polygon","coordinates":[[[-87.631815,41.894714],[-87.632468,41.894441],[-87.632475,41.894705],[-87.631815,41.894714]]]}},{"type":"Feature","properties":{"name":"Al Sahara Rugs","levels":null,"area":180},"geometry":{"type":"Polygon","coordinates":[[[-87.636275,41.891937],[-87.635715,41.891678],[-87.636268,41.891668],[-87.636275,41.891937]]]}},{"type":"Feature","properties":{"name":"The Caravel","levels":null,"area":168},"geometry":{"type":"Polygon","coordinates":[[[-87.629562,41.893631],[-87.629041,41.893375],[-87.629555,41.893369],[-87.629562,41.893631]]]}},{"type":"Feature","properties":{"name":"The Fordham","levels":null,"area":407},"geometry":{"type":"Polygon","coordinates":[[[-87.627519,41.895],[-87.626965,41.895554],[-87.626978,41.895009],[-87.627519,41.895]]]}},{"type":"Feature","properties":{"name":"Aritzia","levels":null,"area":163},"geometry":{"type":"Polygon","coordinates":[[[-87.623942,41.892282],[-87.623282,41.892453],[-87.623274,41.892183],[-87.623942,41.892282]]]}},{"type":"Feature","properties":{"name":"The Grand on Grand","levels":null,"area":176},"geometry":{"type":"Polygon","coordinates":[[[-87.634628,41.892089],[-87.634226,41.891808],[-87.634623,41.891686],[-87.634628,41.892089]]]}},{"type":"Feature","properties":{"name":"The Hermitage on Huron","levels":null,"area":268},"geometry":{"type":"Polygon","coordinates":[[[-87.630655,41.894958],[-87.631055,41.895529],[-87.630667,41.895533],[-87.630655,41.894958]]]}},{"type":"Feature","properties":{"name":"The Park LaSalle","levels":null,"area":172},"geometry":{"type":"Polygon","coordinates":[[[-87.633088,41.900776],[-87.633304,41.901],[-87.633094,41.901],[-87.633088,41.900776]]]}},{"type":"Feature","properties":{"name":"The Pinnacle","levels":null,"area":308},"geometry":{"type":"Polygon","coordinates":[[[-87.627371,41.894789],[-87.626923,41.894205],[-87.627355,41.894196],[-87.627371,41.894789]]]}},{"type":"Feature","properties":{"name":"Urban Innovations","levels":null,"area":185},"geometry":{"type":"Polygon","coordinates":[[[-87.636964,41.89438],[-87.636341,41.89466],[-87.636335,41.894446],[-87.636964,41.89438]]]}},{"type":"Feature","properties":{"name":"Culbertson Hall","levels":null,"area":200},"geometry":{"type":"Polygon","coordinates":[[[-87.634063,41.896734],[-87.633372,41.897037],[-87.633364,41.896744],[-87.634063,41.896734]]]}},{"type":"Feature","properties":{"name":"Windsor at Ontario Place","levels":null,"area":505},"geometry":{"type":"Polygon","coordinates":[[[-87.626904,41.893612],[-87.627975,41.893398],[-87.627991,41.893968],[-87.626904,41.893612]]]}},{"type":"Feature","properties":{"name":"Alumni Student Center","levels":null,"area":220},"geometry":{"type":"Polygon","coordinates":[[[-87.633309,41.897853],[-87.633858,41.897513],[-87.633866,41.897845],[-87.633309,41.897853]]]}},{"type":"Feature","properties":{"name":"2 East Erie","levels":null,"area":248},"geometry":{"type":"Polygon","coordinates":[[[-87.627355,41.894196],[-87.62802,41.894504],[-87.627365,41.894491],[-87.627355,41.894196]]]}},{"type":"Feature","properties":{"name":"21 West Chestnut","levels":null,"area":230},"geometry":{"type":"Polygon","coordinates":[[[-87.6285,41.897606],[-87.629158,41.897892],[-87.62851,41.897904],[-87.6285,41.897606]]]}},{"type":"Feature","properties":{"name":"340 West Superior","levels":null,"area":201},"geometry":{"type":"Polygon","coordinates":[[[-87.637847,41.895646],[-87.637379,41.89601],[-87.637374,41.895727],[-87.637847,41.895646]]]}},{"type":"Feature","properties":{"name":"55 East Erie","levels":null,"area":308},"geometry":{"type":"Polygon","coordinates":[[[-87.626664,41.893824],[-87.625562,41.894022],[-87.625559,41.893732],[-87.626664,41.893824]]]}},{"type":"Feature","properties":{"name":null,"levels":null,"area":179},"geometry":{"type":"Polygon","coordinates":[[[-87.623955,41.892971],[-87.623453,41.893251],[-87.623345,41.893037],[-87.623955,41.892971]]]}},{"type":"Feature","properties":{"name":null,"levels":null,"area":177},"geometry":{"type":"Polygon","coordinates":[[[-87.628674,41.893369],[-87.628316,41.893834],[-87.628304,41.893373],[-87.628674,41.893369]]]}},{"type":"Feature","properties":{"name":null,"levels":null,"area":295},"geometry":{"type":"Polygon","coordinates":[[[-87.637001,41.896078],[-87.636297,41.896431],[-87.636288,41.896088],[-87.637001,41.896078]]]}},{"type":"Feature","properties":{"name":"Walton on the Park","levels":null,"area":287},"geometry":{"type":"Polygon","coordinates":[[[-87.629116,41.899247],[-87.628419,41.899551],[-87.62841,41.899259],[-87.629116,41.899247]]]}},{"type":"Feature","properties":{"name":"Kingsbury Plaza","levels":null,"area":397},"geometry":{"type":"Polygon","coordinates":[[[-87.640206,41.890677],[-87.640062,41.891283],[-87.639584,41.890957],[-87.640206,41.890677]]]}},{"type":"Feature","properties":{"name":"Bowne Building","levels":null,"area":169},"geometry":{"type":"Polygon","coordinates":[[[-87.636368,41.892255],[-87.636873,41.891973],[-87.636883,41.892246],[-87.636368,41.892255]]]}},{"type":"Feature","properties":{"name":"Silver Tower","levels":null,"area":184},"geometry":{"type":"Polygon","coordinates":[[[-87.636297,41.892256],[-87.635728,41.891994],[-87.636286,41.891981],[-87.636297,41.892256]]]}},{"type":"Feature","properties":{"name":"North Bridge Self Park","levels":null,"area":250},"geometry":{"type":"Polygon","coordinates":[[[-87.627591,41.892064],[-87.626853,41.891795],[-87.627584,41.891779],[-87.627591,41.892064]]]}},{"type":"Feature","properties":{"name":"Flair Tower","levels":null,"area":231},"geometry":{"type":"Polygon","coordinates":[[[-87.634829,41.894087],[-87.635533,41.894353],[-87.634842,41.894363],[-87.634829,41.894087]]]}},{"type":"Feature","properties":{"name":null,"levels":null,"area":513},"geometry":{"type":"Polygon","coordinates":[[[-87.633642,41.893876],[-87.632856,41.893333],[-87.633627,41.893321],[-87.633642,41.893876]]]}},{"type":"Feature","properties":{"name":null,"levels":null,"area":305},"geometry":{"type":"Polygon","coordinates":[[[-87.645203,41.887492],[-87.644467,41.887867],[-87.644465,41.887629],[-87.645203,41.887492]]]}},{"type":"Feature","properties":{"name":"Poetry Foundation","levels":null,"area":187},"geometry":{"type":"Polygon","coordinates":[[[-87.630636,41.895546],[-87.630196,41.895278],[-87.63063,41.895273],[-87.630636,41.895546]]]}},{"type":"Feature","properties":{"name":"McDonald's","levels":null,"area":171},"geometry":{"type":"Polygon","coordinates":[[[-87.631416,41.89309],[-87.631713,41.892623],[-87.631724,41.893086],[-87.631416,41.89309]]]}},{"type":"Feature","properties":{"name":null,"levels":null,"area":303},"geometry":{"type":"Polygon","coordinates":[[[-87.626648,41.89501],[-87.626012,41.895602],[-87.626009,41.895435],[-87.626648,41.89501]]]}},{"type":"Feature","properties":{"name":"The Oak","levels":null,"area":322},"geometry":{"type":"Polygon","coordinates":[[[-87.642989,41.901],[-87.642231,41.900809],[-87.642204,41.900543],[-87.642989,41.901]]]}},{"type":"Feature","properties":{"name":null,"levels":null,"area":1000},"geometry":{"type":"Polygon","coordinates":[[[-87.624105,41.887891],[-87.622567,41.887322],[-87.62295,41.885895],[-87.624005,41.886991],[-87.624105,41.887891]]]}},{"type":"Feature","properties":{"name":null,"levels":null,"area":199},"geometry":{"type":"Polygon","coordinates":[[[-87.635429,41.897326],[-87.634809,41.897064],[-87.635418,41.897053],[-87.635429,41.897326]]]}},{"type":"Feature","properties":{"name":null,"levels":null,"area":245},"geometry":{"type":"Polygon","coordinates":[[[-87.642878,41.898351],[-87.642407,41.897966],[-87.642867,41.897873],[-87.642878,41.898351]]]}},{"type":"Feature","properties":{"name":"Marina City 2","levels":null,"area":158},"geometry":{"type":"Polygon","coordinates":[[[-87.628727,41.888197],[-87.628249,41.888208],[-87.628484,41.888029],[-87.628727,41.888197]]]}},{"type":"Feature","properties":{"name":"River Plaza","levels":null,"area":259},"geometry":{"type":"Polygon","coordinates":[[[-87.626103,41.889805],[-87.62547,41.889991],[-87.625523,41.889626],[-87.626103,41.889805]]]}},{"type":"Feature","properties":{"name":"Cortland River North","levels":null,"area":192},"geometry":{"type":"Polygon","coordinates":[[[-87.634668,41.891156],[-87.635239,41.890871],[-87.635245,41.89115],[-87.634668,41.891156]]]}},{"type":"Feature","properties":{"name":"State & Chestnut","levels":null,"area":212},"geometry":{"type":"Polygon","coordinates":[[[-87.628123,41.89822],[-87.627638,41.897934],[-87.628115,41.897926],[-87.628123,41.89822]]]}},{"type":"Feature","properties":{"name":null,"levels":null,"area":195},"geometry":{"type":"Polygon","coordinates":[[[-87.629739,41.901],[-87.629212,41.900908],[-87.629766,41.900933],[-87.629739,41.901]]]}},{"type":"Feature","properties":{"name":"Eight O Five","levels":null,"area":329},"geometry":{"type":"Polygon","coordinates":[[[-87.632541,41.897312],[-87.632027,41.89677],[-87.632527,41.896764],[-87.632541,41.897312]]]}},{"type":"Feature","properties":{"name":"Wolf Point West","levels":null,"area":171},"geometry":{"type":"Polygon","coordinates":[[[-87.638088,41.887661],[-87.638448,41.887577],[-87.638412,41.887895],[-87.638088,41.887661]]]}},{"type":"Feature","properties":{"name":"Jesse White Community Center & Fieldhouse","levels":null,"area":315},"geometry":{"type":"Polygon","coordinates":[[[-87.639731,41.897046],[-87.638835,41.896821],[-87.639723,41.89681],[-87.639731,41.897046]]]}},{"type":"Feature","properties":{"name":null,"levels":null,"area":188},"geometry":{"type":"Polygon","coordinates":[[[-87.64675,41.893279],[-87.646832,41.892791],[-87.647317,41.893277],[-87.64675,41.893279]]]}},{"type":"Feature","properties":{"name":"Gallery on Wells Apartments","levels":null,"area":225},"geometry":{"type":"Polygon","coordinates":[[[-87.633642,41.893876],[-87.633966,41.893316],[-87.633981,41.893871],[-87.633642,41.893876]]]}},{"type":"Feature","properties":{"name":"Parc Huron","levels":null,"area":258},"geometry":{"type":"Polygon","coordinates":[[[-87.641276,41.894048],[-87.640898,41.894584],[-87.641004,41.89401],[-87.641276,41.894048]]]}},{"type":"Feature","properties":{"name":null,"levels":null,"area":271},"geometry":{"type":"Polygon","coordinates":[[[-87.633719,41.895232],[-87.632898,41.895513],[-87.632893,41.895239],[-87.633719,41.895232]]]}},{"type":"Feature","properties":{"name":"The Hudson","levels":null,"area":412},"geometry":{"type":"Polygon","coordinates":[[[-87.6413,41.896357],[-87.640204,41.896057],[-87.641288,41.896039],[-87.6413,41.896357]]]}},{"type":"Feature","properties":{"name":"NEXT Chestnut","levels":null,"area":256},"geometry":{"type":"Polygon","coordinates":[[[-87.637359,41.898077],[-87.638049,41.897793],[-87.638061,41.898067],[-87.637359,41.898077]]]}},{"type":"Feature","properties":{"name":null,"levels":null,"area":280},"geometry":{"type":"Polygon","coordinates":[[[-87.634284,41.893895],[-87.634659,41.893296],[-87.634678,41.893888],[-87.634284,41.893895]]]}},{"type":"Feature","properties":{"name":"Niche 905","levels":null,"area":248},"geometry":{"type":"Polygon","coordinates":[[[-87.636809,41.899643],[-87.63714,41.899047],[-87.63716,41.899636],[-87.636809,41.899643]]]}},{"type":"Feature","properties":{"name":"Marlowe","levels":null,"area":287},"geometry":{"type":"Polygon","coordinates":[[[-87.634008,41.894699],[-87.633596,41.894105],[-87.633996,41.894101],[-87.634008,41.894699]]]}},{"type":"Feature","properties":{"name":null,"levels":null,"area":199},"geometry":{"type":"Polygon","coordinates":[[[-87.639168,41.896395],[-87.638696,41.896042],[-87.639165,41.89604],[-87.639168,41.896395]]]}},{"type":"Feature","properties":{"name":null,"levels":null,"area":282},"geometry":{"type":"Polygon","coordinates":[[[-87.63994,41.896382],[-87.639264,41.89604],[-87.639931,41.89603],[-87.63994,41.896382]]]}},{"type":"Feature","properties":{"name":"No. 9 Walton","levels":null,"area":196},"geometry":{"type":"Polygon","coordinates":[[[-87.629096,41.899614],[-87.628416,41.899852],[-87.628406,41.899572],[-87.629096,41.899614]]]}},{"type":"Feature","properties":{"name":"Kenect","levels":null,"area":173},"geometry":{"type":"Polygon","coordinates":[[[-87.648621,41.891714],[-87.648673,41.891295],[-87.648685,41.891691],[-87.648621,41.891714]]]}},{"type":"Feature","properties":{"name":"Kenect","levels":null,"area":314},"geometry":{"type":"Polygon","coordinates":[[[-87.649363,41.891722],[-87.648919,41.891285],[-87.649355,41.89128],[-87.649363,41.891722]]]}},{"type":"Feature","properties":{"name":"Sedgwick at Locust","levels":null,"area":285},"geometry":{"type":"Polygon","coordinates":[[[-87.638646,41.898837],[-87.637784,41.898553],[-87.638633,41.898568],[-87.638646,41.898837]]]}},{"type":"Feature","properties":{"name":"The Aur\u00e9lien","levels":null,"area":400},"geometry":{"type":"Polygon","coordinates":[[[-87.631125,41.897751],[-87.630569,41.897125],[-87.631023,41.897119],[-87.631125,41.897751]]]}},{"type":"Feature","properties":{"name":"The Church of Jesus Christ of Latter-day Saints","levels":null,"area":263},"geometry":{"type":"Polygon","coordinates":[[[-87.631423,41.897613],[-87.631973,41.897212],[-87.631981,41.897605],[-87.631423,41.897613]]]}},{"type":"Feature","properties":{"name":"369 Grand","levels":null,"area":375},"geometry":{"type":"Polygon","coordinates":[[[-87.637229,41.891443],[-87.638482,41.891179],[-87.638488,41.891427],[-87.637229,41.891443]]]}},{"type":"Feature","properties":{"name":"Wolf Point East","levels":null,"area":158},"geometry":{"type":"Polygon","coordinates":[[[-87.637102,41.887891],[-87.636474,41.887711],[-87.637097,41.887686],[-87.637102,41.887891]]]}},{"type":"Feature","properties":{"name":null,"levels":null,"area":540},"geometry":{"type":"Polygon","coordinates":[[[-87.635605,41.897495],[-87.634867,41.898106],[-87.634849,41.897508],[-87.635605,41.897495]]]}},{"type":"Feature","properties":{"name":"The Shops at North Bridge","levels":null,"area":578},"geometry":{"type":"Polygon","coordinates":[[[-87.625313,41.891671],[-87.624438,41.891363],[-87.625498,41.891166],[-87.625313,41.891671]]]}},{"type":"Feature","properties":{"name":"Seven 10 West","levels":null,"area":215},"geometry":{"type":"Polygon","coordinates":[[[-87.646177,41.891315],[-87.646728,41.891688],[-87.646495,41.891852],[-87.646177,41.891315]]]}},{"type":"Feature","properties":{"name":null,"levels":null,"area":170},"geometry":{"type":"Polygon","coordinates":[[[-87.629635,41.896797],[-87.629139,41.897086],[-87.629131,41.896805],[-87.629635,41.896797]]]}},{"type":"Feature","properties":{"name":"407 North Clark Street","levels":null,"area":597},"geometry":{"type":"Polygon","coordinates":[[[-87.630926,41.88993],[-87.630079,41.889344],[-87.630908,41.88933],[-87.630926,41.88993]]]}},{"type":"Feature","properties":{"name":"K2","levels":null,"area":186},"geometry":{"type":"Polygon","coordinates":[[[-87.646418,41.888658],[-87.646549,41.888935],[-87.646013,41.888943],[-87.646418,41.888658]]]}},{"type":"Feature","properties":{"name":"Gold Coast Galleria","levels":null,"area":507},"geometry":{"type":"Polygon","coordinates":[[[-87.631556,41.901],[-87.632061,41.900924],[-87.632063,41.901],[-87.631556,41.901]]]}},{"type":"Feature","properties":{"name":"Erie Centre","levels":null,"area":240},"geometry":{"type":"Polygon","coordinates":[[[-87.639557,41.893546],[-87.640306,41.893808],[-87.639557,41.893817],[-87.639557,41.893546]]]}},{"type":"Feature","properties":{"name":"John and Kathy Schreiber Center","levels":null,"area":178},"geometry":{"type":"Polygon","coordinates":[[[-87.627555,41.89765],[-87.628119,41.897911],[-87.627567,41.897918],[-87.627555,41.89765]]]}},{"type":"Feature","properties":{"name":null,"levels":null,"area":254},"geometry":{"type":"Polygon","coordinates":[[[-87.637927,41.889565],[-87.637135,41.889845],[-87.637126,41.889581],[-87.637927,41.889565]]]}},{"type":"Feature","properties":{"name":"Homewood Suites by Hilton Chicago Downtown","levels":null,"area":152},"geometry":{"type":"Polygon","coordinates":[[[-87.626606,41.891801],[-87.625888,41.891989],[-87.625885,41.891814],[-87.626606,41.891801]]]}},{"type":"Feature","properties":{"name":"320 N Sangamon","levels":null,"area":292},"geometry":{"type":"Polygon","coordinates":[[[-87.65116,41.887151],[-87.651562,41.887779],[-87.651184,41.887784],[-87.65116,41.887151]]]}},{"type":"Feature","properties":{"name":null,"levels":null,"area":168},"geometry":{"type":"Polygon","coordinates":[[[-87.633861,41.898768],[-87.634124,41.898251],[-87.634135,41.898765],[-87.633861,41.898768]]]}},{"type":"Feature","properties":{"name":null,"levels":null,"area":190},"geometry":{"type":"Polygon","coordinates":[[[-87.632803,41.890706],[-87.633442,41.890415],[-87.633452,41.890693],[-87.632803,41.890706]]]}},{"type":"Feature","properties":{"name":"Salesforce Tower","levels":null,"area":284},"geometry":{"type":"Polygon","coordinates":[[[-87.637867,41.887147],[-87.637444,41.887663],[-87.637436,41.887153],[-87.637867,41.887147]]]}},{"type":"Feature","properties":{"name":"One Chicago","levels":null,"area":938},"geometry":{"type":"Polygon","coordinates":[[[-87.629638,41.896518],[-87.628518,41.895842],[-87.629618,41.895858],[-87.629638,41.896518]]]}},{"type":"Feature","properties":{"name":null,"levels":null,"area":408},"geometry":{"type":"Polygon","coordinates":[[[-87.64593,41.888181],[-87.64708,41.888409],[-87.645933,41.888484],[-87.64593,41.888181]]]}},{"type":"Feature","properties":{"name":null,"levels":null,"area":317},"geometry":{"type":"Polygon","coordinates":[[[-87.631805,41.893095],[-87.631318,41.892543],[-87.631792,41.892537],[-87.631805,41.893095]]]}},{"type":"Feature","properties":{"name":"The 808 Cleveland","levels":null,"area":213},"geometry":{"type":"Polygon","coordinates":[[[-87.641536,41.896639],[-87.641062,41.896968],[-87.641046,41.896646],[-87.641536,41.896639]]]}},{"type":"Feature","properties":{"name":null,"levels":null,"area":398},"geometry":{"type":"Polygon","coordinates":[[[-87.649768,41.888875],[-87.648845,41.888516],[-87.649761,41.888514],[-87.649768,41.888875]]]}},{"type":"Feature","properties":{"name":"920 North Wells Apartments","levels":null,"area":228},"geometry":{"type":"Polygon","coordinates":[[[-87.634449,41.899081],[-87.634805,41.899602],[-87.63451,41.899673],[-87.634449,41.899081]]]}},{"type":"Feature","properties":{"name":null,"levels":null,"area":217},"geometry":{"type":"Polygon","coordinates":[[[-87.634452,41.898302],[-87.634725,41.898884],[-87.634469,41.898889],[-87.634452,41.898302]]]}},{"type":"Feature","properties":{"name":"311 W Huron","levels":null,"area":184},"geometry":{"type":"Polygon","coordinates":[[[-87.636341,41.89466],[-87.635775,41.89439],[-87.636334,41.894382],[-87.636341,41.89466]]]}},{"type":"Feature","properties":{"name":"Hotel Chicago Downtown, Autograph Collection","levels":null,"area":543},"geometry":{"type":"Polygon","coordinates":[[[-87.629428,41.888463],[-87.628297,41.888883],[-87.628264,41.888487],[-87.629428,41.888463]]]}},{"type":"Feature","properties":{"name":null,"levels":null,"area":501},"geometry":{"type":"Polygon","coordinates":[[[-87.629595,41.894962],[-87.628358,41.895444],[-87.628346,41.894973],[-87.629595,41.894962]]]}},{"type":"Feature","properties":{"name":"Marina City 1","levels":null,"area":158},"geometry":{"type":"Polygon","coordinates":[[[-87.629361,41.887891],[-87.628917,41.888026],[-87.629035,41.887798],[-87.629361,41.887891]]]}},{"type":"Feature","properties":{"name":"House of Blues","levels":null,"area":175},"geometry":{"type":"Polygon","coordinates":[[[-87.629418,41.888374],[-87.628819,41.888186],[-87.629406,41.888126],[-87.629418,41.888374]]]}},{"type":"Feature","properties":{"name":null,"levels":null,"area":224},"geometry":{"type":"Polygon","coordinates":[[[-87.650683,41.89994],[-87.649967,41.899781],[-87.650103,41.899636],[-87.650683,41.89994]]]}},{"type":"Feature","properties":{"name":"Cassidy on Canal","levels":null,"area":251},"geometry":{"type":"Polygon","coordinates":[[[-87.640576,41.888048],[-87.640196,41.888472],[-87.640069,41.888123],[-87.640576,41.888048]]]}},{"type":"Feature","properties":{"name":"The Sterling Self Park","levels":null,"area":256},"geometry":{"type":"Polygon","coordinates":[[[-87.63194,41.889059],[-87.631505,41.888599],[-87.631929,41.888591],[-87.63194,41.889059]]]}},{"type":"Feature","properties":{"name":"300 North LaSalle","levels":null,"area":379},"geometry":{"type":"Polygon","coordinates":[[[-87.633489,41.888434],[-87.632748,41.888078],[-87.633528,41.887967],[-87.633489,41.888434]]]}},{"type":"Feature","properties":{"name":null,"levels":null,"area":173},"geometry":{"type":"Polygon","coordinates":[[[-87.624943,41.898493],[-87.625217,41.898558],[-87.625464,41.899082],[-87.624943,41.898493]]]}},{"type":"Feature","properties":{"name":null,"levels":null,"area":483},"geometry":{"type":"Polygon","coordinates":[[[-87.626972,41.899867],[-87.625973,41.899294],[-87.626699,41.899284],[-87.626972,41.899867]]]}},{"type":"Feature","properties":{"name":"Onni Fulton Market","levels":null,"area":172},"geometry":{"type":"Polygon","coordinates":[[[-87.646385,41.888197],[-87.645968,41.888509],[-87.645931,41.888202],[-87.646385,41.888197]]]}},{"type":"Feature","properties":{"name":null,"levels":null,"area":555},"geometry":{"type":"Polygon","coordinates":[[[-87.647448,41.8889],[-87.645898,41.888645],[-87.647441,41.888621],[-87.647448,41.8889]]]}},{"type":"Feature","properties":{"name":"St. James Episcopal Cathedral","levels":null,"area":196},"geometry":{"type":"Polygon","coordinates":[[[-87.626664,41.894559],[-87.626101,41.894807],[-87.625951,41.89441],[-87.626664,41.894559]]]}},{"type":"Feature","properties":{"name":"Bally's Chicago Casino","levels":null,"area":3485},"geometry":{"type":"Polygon","coordinates":[[[-87.644717,41.895984],[-87.645978,41.89464],[-87.645931,41.896305],[-87.644717,41.895984]]]}},{"type":"Feature","properties":{"name":null,"levels":null,"area":331},"geometry":{"type":"Polygon","coordinates":[[[-87.644162,41.892621],[-87.644319,41.893249],[-87.643657,41.892632],[-87.644162,41.892621]]]}},{"type":"Feature","properties":{"name":null,"levels":null,"area":1557},"geometry":{"type":"Polygon","coordinates":[[[-87.617341,41.863355],[-87.616868,41.863485],[-87.616379,41.863445],[-87.616069,41.863368],[-87.616112,41.861476],[-87.617158,41.861277],[-87.617341,41.863355]],[[-87.616205,41.861744],[-87.617239,41.862952],[-87.617042,41.861671],[-87.616205,41.861744]]]}},{"type":"Feature","properties":{"name":"Shedd Aquarium","levels":null,"area":1966},"geometry":{"type":"Polygon","coordinates":[[[-87.613368,41.866986],[-87.614384,41.868011],[-87.612731,41.867763],[-87.613368,41.866986]]]}},{"type":"Feature","properties":{"name":"Field Museum","levels":null,"area":3026},"geometry":{"type":"Polygon","coordinates":[[[-87.618321,41.865741],[-87.615759,41.86668],[-87.615448,41.866132],[-87.618321,41.865741]]]}},{"type":"Feature","properties":{"name":"Adler Planetarium","levels":null,"area":687},"geometry":{"type":"Polygon","coordinates":[[[-87.607076,41.866313],[-87.606177,41.866411],[-87.606648,41.86591],[-87.607076,41.866313]]]}},{"type":"Feature","properties":{"name":"Electric Railcar Service","levels":null,"area":519},"geometry":{"type":"Polygon","coordinates":[[[-87.619435,41.862433],[-87.618824,41.861175],[-87.61912,41.861136],[-87.619435,41.862433]]]}},{"type":"Feature","properties":{"name":"Prairie House","levels":null,"area":447},"geometry":{"type":"Polygon","coordinates":[[[-87.620414,41.86218],[-87.619889,41.861357],[-87.620643,41.86135],[-87.620414,41.86218]]]}},{"type":"Feature","properties":{"name":"The Grant","levels":null,"area":268},"geometry":{"type":"Polygon","coordinates":[[[-87.622312,41.867295],[-87.621741,41.866909],[-87.62231,41.866902],[-87.622312,41.867295]]]}},{"type":"Feature","properties":{"name":"Museum Tower","levels":null,"area":181},"geometry":{"type":"Polygon","coordinates":[[[-87.621539,41.865982],[-87.621224,41.866307],[-87.621259,41.865947],[-87.621539,41.865982]]]}},{"type":"Feature","properties":{"name":null,"levels":null,"area":413},"geometry":{"type":"Polygon","coordinates":[[[-87.62151,41.865946],[-87.620979,41.866476],[-87.620771,41.86598],[-87.62151,41.865946]]]}},{"type":"Feature","properties":{"name":"Museum Park Tower 1","levels":null,"area":203},"geometry":{"type":"Polygon","coordinates":[[[-87.621483,41.864957],[-87.621788,41.865477],[-87.621523,41.865514],[-87.621483,41.864957]]]}},{"type":"Feature","properties":{"name":"One Museum Park East","levels":null,"area":461},"geometry":{"type":"Polygon","coordinates":[[[-87.621488,41.866468],[-87.621758,41.867291],[-87.620979,41.866476],[-87.621488,41.866468]]]}},{"type":"Feature","properties":{"name":"Museum Park Tower 1","levels":null,"area":310},"geometry":{"type":"Polygon","coordinates":[[[-87.621503,41.864921],[-87.621951,41.865439],[-87.621523,41.865514],[-87.621503,41.864921]]]}},{"type":"Feature","properties":{"name":null,"levels":null,"area":313},"geometry":{"type":"Polygon","coordinates":[[[-87.620647,41.865761],[-87.621232,41.865343],[-87.621302,41.865749],[-87.620647,41.865761]]]}},{"type":"Feature","properties":{"name":null,"levels":null,"area":499},"geometry":{"type":"Polygon","coordinates":[[[-87.620784,41.864281],[-87.620548,41.86542],[-87.620401,41.864277],[-87.620784,41.864281]]]}},{"type":"Feature","properties":{"name":"Lakeside on the Park","levels":null,"area":335},"geometry":{"type":"Polygon","coordinates":[[[-87.623266,41.866138],[-87.622773,41.866568],[-87.622759,41.86591],[-87.623266,41.866138]]]}},{"type":"Feature","properties":{"name":"The Lofts at Museum Park 1","levels":null,"area":250},"geometry":{"type":"Polygon","coordinates":[[[-87.622784,41.865703],[-87.623393,41.865357],[-87.623399,41.865697],[-87.622784,41.865703]]]}},{"type":"Feature","properties":{"name":"Sky55","levels":null,"area":192},"geometry":{"type":"Polygon","coordinates":[[[-87.623906,41.865873],[-87.623337,41.866107],[-87.623264,41.865901],[-87.623906,41.865873]]]}},{"type":"Feature","properties":{"name":null,"levels":null,"area":526},"geometry":{"type":"Polygon","coordinates":[[[-87.62392,41.866569],[-87.623264,41.865901],[-87.623906,41.865873],[-87.62392,41.866569]]]}},{"type":"Feature","properties":{"name":"1400 Museum Park","levels":null,"area":276},"geometry":{"type":"Polygon","coordinates":[[[-87.623921,41.864732],[-87.623453,41.864239],[-87.623915,41.864233],[-87.623921,41.864732]]]}},{"type":"Feature","properties":{"name":null,"levels":null,"area":270},"geometry":{"type":"Polygon","coordinates":[[[-87.623388,41.865324],[-87.623156,41.864258],[-87.623367,41.864255],[-87.623388,41.865324]]]}},{"type":"Feature","properties":{"name":null,"levels":null,"area":151},"geometry":{"type":"Polygon","coordinates":[[[-87.622996,41.864265],[-87.622769,41.86479],[-87.622754,41.864269],[-87.622996,41.864265]]]}},{"type":"Feature","properties":{"name":null,"levels":null,"area":175},"geometry":{"type":"Polygon","coordinates":[[[-87.621041,41.863142],[-87.621217,41.864051],[-87.621105,41.864067],[-87.621041,41.863142]]]}},{"type":"Feature","properties":{"name":null,"levels":null,"area":198},"geometry":{"type":"Polygon","coordinates":[[[-87.623287,41.862722],[-87.623866,41.863093],[-87.623297,41.86311],[-87.623287,41.862722]]]}},{"type":"Feature","properties":{"name":null,"levels":null,"area":189},"geometry":{"type":"Polygon","coordinates":[[[-87.623846,41.861078],[-87.623261,41.861355],[-87.623253,41.861088],[-87.623846,41.861078]]]}},{"type":"Feature","properties":{"name":"The Lofts At Museum Park 2","levels":null,"area":234},"geometry":{"type":"Polygon","coordinates":[[[-87.623933,41.865592],[-87.623493,41.865119],[-87.623929,41.865157],[-87.623933,41.865592]]]}},{"type":"Feature","properties":{"name":"1411 South Michigan","levels":null,"area":280},"geometry":{"type":"Polygon","coordinates":[[[-87.623902,41.863849],[-87.623311,41.863452],[-87.623884,41.863443],[-87.623902,41.863849]]]}},{"type":"Feature","properties":{"name":"NEMA Chicago","levels":null,"area":431},"geometry":{"type":"Polygon","coordinates":[[[-87.623369,41.867297],[-87.622801,41.866658],[-87.623358,41.866651],[-87.623369,41.867297]]]}},{"type":"Feature","properties":{"name":null,"levels":null,"area":221},"geometry":{"type":"Polygon","coordinates":[[[-87.607079,41.866414],[-87.606594,41.866212],[-87.607001,41.866205],[-87.607079,41.866414]]]}},{"type":"Feature","properties":{"name":null,"levels":null,"area":679},"geometry":{"type":"Polygon","coordinates":[[[-87.62098,41.864086],[-87.620191,41.862562],[-87.620467,41.862558],[-87.62098,41.864086]]]}},{"type":"Feature","properties":{"name":"The Art Institute of Chicago","levels":null,"area":3383},"geometry":{"type":"Polygon","coordinates":[[[-87.621088,41.879713],[-87.623342,41.878562],[-87.624012,41.880005],[-87.621387,41.880667],[-87.622083,41.880292],[-87.621088,41.879713]],[[-87.622092,41.879723],[-87.621621,41.879468],[-87.621626,41.879729],[-87.622092,41.879723]]]}},{"type":"Feature","properties":{"name":"Radisson Blu Aqua Hotel, Chicago","levels":null,"area":212},"geometry":{"type":"Polygon","coordinates":[[[-87.620468,41.886378],[-87.619843,41.886651],[-87.619819,41.886397],[-87.620468,41.886378]]]}},{"type":"Feature","properties":{"name":"Aon Center","levels":null,"area":435},"geometry":{"type":"Polygon","coordinates":[[[-87.621284,41.885017],[-87.621809,41.885546],[-87.621198,41.88548],[-87.621284,41.885017]]]}},{"type":"Feature","properties":{"name":"Two Prudential Plaza","levels":null,"area":295},"geometry":{"type":"Polygon","coordinates":[[[-87.622468,41.885173],[-87.622972,41.885669],[-87.622481,41.885672],[-87.622468,41.885173]]]}},{"type":"Feature","properties":{"name":"The Village Market","levels":null,"area":699},"geometry":{"type":"Polygon","coordinates":[[[-87.619246,41.88502],[-87.617694,41.885455],[-87.6176,41.885187],[-87.619246,41.88502]]]}},{"type":"Feature","properties":{"name":"The Tides","levels":null,"area":189},"geometry":{"type":"Polygon","coordinates":[[[-87.617655,41.88661],[-87.618476,41.886792],[-87.617662,41.886806],[-87.617655,41.88661]]]}},{"type":"Feature","properties":{"name":"340 on the Park","levels":null,"area":170},"geometry":{"type":"Polygon","coordinates":[[[-87.619168,41.884674],[-87.618728,41.88489],[-87.618444,41.884839],[-87.619168,41.884674]]]}},{"type":"Feature","properties":{"name":"Outer Drive East","levels":null,"area":465},"geometry":{"type":"Polygon","coordinates":[[[-87.617113,41.884651],[-87.616309,41.885322],[-87.615891,41.884679],[-87.617113,41.884651]]]}},{"type":"Feature","properties":{"name":"The Chandler","levels":null,"area":172},"geometry":{"type":"Polygon","coordinates":[[[-87.615674,41.887046],[-87.615119,41.88725],[-87.615102,41.887064],[-87.615674,41.887046]]]}},{"type":"Feature","properties":{"name":"Harbor Point","levels":null,"area":209},"geometry":{"type":"Polygon","coordinates":[[[-87.614471,41.885095],[-87.614951,41.884731],[-87.615124,41.885153],[-87.614471,41.885095]]]}},{"type":"Feature","properties":{"name":null,"levels":null,"area":257},"geometry":{"type":"Polygon","coordinates":[[[-87.619865,41.886867],[-87.619123,41.887163],[-87.619116,41.886874],[-87.619865,41.886867]]]}},{"type":"Feature","properties":{"name":"North Harbor Tower","levels":null,"area":153},"geometry":{"type":"Polygon","coordinates":[[[-87.615632,41.88564],[-87.615328,41.885232],[-87.615617,41.88523],[-87.615632,41.88564]]]}},{"type":"Feature","properties":{"name":"The Shoreham","levels":null,"area":195},"geometry":{"type":"Polygon","coordinates":[[[-87.617234,41.886815],[-87.616418,41.886641],[-87.617227,41.886614],[-87.617234,41.886815]]]}},{"type":"Feature","properties":{"name":"303 East Wacker","levels":null,"area":366},"geometry":{"type":"Polygon","coordinates":[[[-87.620497,41.886954],[-87.620058,41.887629],[-87.620038,41.886957],[-87.620497,41.886954]]]}},{"type":"Feature","properties":{"name":"The Parkshore","levels":null,"area":160},"geometry":{"type":"Polygon","coordinates":[[[-87.614413,41.885561],[-87.614989,41.885776],[-87.614406,41.885773],[-87.614413,41.885561]]]}},{"type":"Feature","properties":{"name":"Blue Cross-Blue Shield Tower","levels":null,"area":523},"geometry":{"type":"Polygon","coordinates":[[[-87.619451,41.88466],[-87.620175,41.885101],[-87.619362,41.885],[-87.619451,41.88466]]]}},{"type":"Feature","properties":{"name":"Aqua","levels":null,"area":1171},"geometry":{"type":"Polygon","coordinates":[[[-87.620427,41.886708],[-87.619306,41.885904],[-87.620491,41.88589],[-87.620427,41.886708]]]}},{"type":"Feature","properties":{"name":"Swissotel Chicago","levels":null,"area":181},"geometry":{"type":"Polygon","coordinates":[[[-87.619214,41.887162],[-87.619534,41.887571],[-87.619224,41.887362],[-87.619214,41.887162]]]}},{"type":"Feature","properties":{"name":"The Regatta","levels":null,"area":198},"geometry":{"type":"Polygon","coordinates":[[[-87.615946,41.887012],[-87.61662,41.887113],[-87.616623,41.887335],[-87.615946,41.887012]]]}},{"type":"Feature","properties":{"name":"Jay Pritzker Pavilion","levels":null,"area":238},"geometry":{"type":"Polygon","coordinates":[[[-87.622455,41.883591],[-87.621326,41.883442],[-87.622451,41.883426],[-87.622455,41.883591]]]}},{"type":"Feature","properties":{"name":null,"levels":null,"area":403},"geometry":{"type":"Polygon","coordinates":[[[-87.623296,41.88661],[-87.624288,41.886259],[-87.624287,41.8866],[-87.623296,41.88661]]]}},{"type":"Feature","properties":{"name":"Michigan Plaza South","levels":null,"area":304},"geometry":{"type":"Polygon","coordinates":[[[-87.623171,41.885894],[-87.62385,41.886268],[-87.623174,41.886172],[-87.623171,41.885894]]]}},{"type":"Feature","properties":{"name":"One Prudential Plaza","levels":null,"area":874},"geometry":{"type":"Polygon","coordinates":[[[-87.622468,41.885173],[-87.623817,41.884616],[-87.623834,41.88523],[-87.622468,41.885173]]]}},{"type":"Feature","properties":{"name":"Fairmont Hotel Chicago","levels":null,"area":171},"geometry":{"type":"Polygon","coordinates":[[[-87.621367,41.885901],[-87.620939,41.886287],[-87.620898,41.885934],[-87.621367,41.885901]]]}},{"type":"Feature","properties":{"name":"Lakeshore Athletic Club","levels":null,"area":222},"geometry":{"type":"Polygon","coordinates":[[[-87.622146,41.885923],[-87.621744,41.886375],[-87.621731,41.885927],[-87.622146,41.885923]]]}},{"type":"Feature","properties":{"name":"One Illinois Center","levels":null,"area":415},"geometry":{"type":"Polygon","coordinates":[[[-87.623356,41.88807],[-87.623797,41.887309],[-87.623812,41.888066],[-87.623356,41.88807]]]}},{"type":"Feature","properties":{"name":"Columbia Yacht Club","levels":null,"area":228},"geometry":{"type":"Polygon","coordinates":[[[-87.612671,41.883935],[-87.611553,41.884014],[-87.611292,41.883943],[-87.612671,41.883935]]]}},{"type":"Feature","properties":{"name":null,"levels":null,"area":408},"geometry":{"type":"Polygon","coordinates":[[[-87.623528,41.882323],[-87.623101,41.883053],[-87.623081,41.882328],[-87.623528,41.882323]]]}},{"type":"Feature","properties":{"name":"Chicago Yacht Club - Monroe Station","levels":null,"area":177},"geometry":{"type":"Polygon","coordinates":[[[-87.615869,41.881352],[-87.616297,41.881173],[-87.61624,41.881389],[-87.615869,41.881352]]]}},{"type":"Feature","properties":{"name":"Millennium Station/Pedway","levels":null,"area":174},"geometry":{"type":"Polygon","coordinates":[[[-87.623813,41.884254],[-87.623578,41.884755],[-87.623247,41.884251],[-87.623813,41.884254]]]}},{"type":"Feature","properties":{"name":"Joan W. and Irving B. Harris Theater for Music and Dance","levels":null,"area":296},"geometry":{"type":"Polygon","coordinates":[[[-87.621711,41.884187],[-87.622093,41.883599],[-87.622316,41.884064],[-87.621711,41.884187]]]}},{"type":"Feature","properties":{"name":"The Coast at Lakeshore East","levels":null,"area":310},"geometry":{"type":"Polygon","coordinates":[[[-87.618899,41.887467],[-87.618357,41.886978],[-87.618884,41.886971],[-87.618899,41.887467]]]}},{"type":"Feature","properties":{"name":"Hyatt Regency Chicago","levels":null,"area":920},"geometry":{"type":"Polygon","coordinates":[[[-87.62314,41.887935],[-87.621537,41.887663],[-87.621328,41.887008],[-87.623131,41.887458],[-87.62314,41.887935]]]}},{"type":"Feature","properties":{"name":"Van Buren Street Station","levels":null,"area":212},"geometry":{"type":"Polygon","coordinates":[[[-87.623084,41.876555],[-87.623285,41.877532],[-87.623113,41.877534],[-87.623084,41.876555]]]}},{"type":"Feature","properties":{"name":null,"levels":null,"area":463},"geometry":{"type":"Polygon","coordinates":[[[-87.621192,41.886548],[-87.62173,41.885897],[-87.622169,41.886645],[-87.621192,41.886548]]]}},{"type":"Feature","properties":{"name":null,"levels":null,"area":1000},"geometry":{"type":"Polygon","coordinates":[[[-87.624105,41.887891],[-87.622567,41.887322],[-87.62295,41.885895],[-87.624005,41.886991],[-87.624105,41.887891]]]}},{"type":"Feature","properties":{"name":"Two Illinois Center","levels":null,"area":426},"geometry":{"type":"Polygon","coordinates":[[[-87.623552,41.886775],[-87.622564,41.887134],[-87.622541,41.8868],[-87.623552,41.886775]]]}},{"type":"Feature","properties":{"name":"Benton Place Parkhomes","levels":null,"area":151},"geometry":{"type":"Polygon","coordinates":[[[-87.617236,41.885311],[-87.616209,41.885445],[-87.616202,41.885323],[-87.617236,41.885311]]]}},{"type":"Feature","properties":{"name":"St. Regis Chicago","levels":null,"area":427},"geometry":{"type":"Polygon","coordinates":[[[-87.617894,41.887146],[-87.616623,41.887322],[-87.616619,41.887028],[-87.617894,41.887146]]]}},{"type":"Feature","properties":{"name":null,"levels":null,"area":229},"geometry":{"type":"Polygon","coordinates":[[[-87.618369,41.887418],[-87.617947,41.886992],[-87.618357,41.886978],[-87.618369,41.887418]]]}},{"type":"Feature","properties":{"name":"Cascade","levels":null,"area":153},"geometry":{"type":"Polygon","coordinates":[[[-87.615618,41.886357],[-87.615257,41.88668],[-87.615571,41.886284],[-87.615618,41.886357]]]}},{"type":"Feature","properties":{"name":"Cirrus","levels":null,"area":157},"geometry":{"type":"Polygon","coordinates":[[[-87.614611,41.886573],[-87.61467,41.886131],[-87.614828,41.886567],[-87.614611,41.886573]]]}},{"type":"Feature","properties":{"name":null,"levels":null,"area":157},"geometry":{"type":"Polygon","coordinates":[[[-87.621881,41.883167],[-87.621658,41.883323],[-87.621445,41.883487],[-87.621323,41.883423],[-87.621881,41.883167]]]}},{"type":"Feature","properties":{"name":"World's Congress Auxiliary Building","levels":null,"area":756},"geometry":{"type":"Polygon","coordinates":[[[-87.624012,41.880005],[-87.623336,41.879131],[-87.623994,41.879121],[-87.624012,41.880005]]]}},{"type":"Feature","properties":{"name":null,"levels":null,"area":612},"geometry":{"type":"Polygon","coordinates":[[[-87.621138,41.878603],[-87.62191,41.879387],[-87.621158,41.879395],[-87.621138,41.878603]]]}},{"type":"Feature","properties":{"name":"Ryan Lerning Center","levels":null,"area":323},"geometry":{"type":"Polygon","coordinates":[[[-87.621383,41.8803],[-87.622092,41.880629],[-87.621319,41.880594],[-87.621383,41.8803]]]}},{"type":"Feature","properties":{"name":"Outlet Control Building","levels":null,"area":262},"geometry":{"type":"Polygon","coordinates":[[[-87.609128,41.894904],[-87.609663,41.894495],[-87.609676,41.894896],[-87.609128,41.894904]]]}},{"type":"Feature","properties":{"name":"Lake Point Tower","levels":null,"area":1332},"geometry":{"type":"Polygon","coordinates":[[[-87.612532,41.891834],[-87.611781,41.891257],[-87.61376,41.891218],[-87.613779,41.891813],[-87.612532,41.891834]],[[-87.612537,41.89154],[-87.612767,41.891725],[-87.612788,41.891566],[-87.612537,41.89154]]]}},{"type":"Feature","properties":{"name":"Museum of Contemporary Art","levels":null,"area":357},"geometry":{"type":"Polygon","coordinates":[[[-87.621574,41.897469],[-87.620867,41.896972],[-87.621554,41.896962],[-87.621574,41.897469]]]}},{"type":"Feature","properties":{"name":"875 N Michigan","levels":null,"area":563},"geometry":{"type":"Polygon","coordinates":[[[-87.622604,41.899061],[-87.623586,41.898575],[-87.623597,41.899048],[-87.622604,41.899061]]]}},{"type":"Feature","properties":{"name":"Feinberg Pavilion","levels":null,"area":932},"geometry":{"type":"Polygon","coordinates":[[[-87.620538,41.894334],[-87.621921,41.894799],[-87.620511,41.894833],[-87.620538,41.894334]]]}},{"type":"Feature","properties":{"name":"Galter Pavilion","levels":null,"area":464},"geometry":{"type":"Polygon","coordinates":[[[-87.622597,41.894793],[-87.621908,41.894323],[-87.622584,41.894316],[-87.622597,41.894793]]]}},{"type":"Feature","properties":{"name":"Prentice Women's Hospital","levels":null,"area":702},"geometry":{"type":"Polygon","coordinates":[[[-87.620571,41.895941],[-87.621393,41.896631],[-87.620684,41.896679],[-87.620571,41.895941]]]}},{"type":"Feature","properties":{"name":"Ann & Robert H. Lurie Children's Hospital","levels":null,"area":768},"geometry":{"type":"Polygon","coordinates":[[[-87.621485,41.895882],[-87.622218,41.896629],[-87.621543,41.896641],[-87.621485,41.895882]]]}},{"type":"Feature","properties":{"name":"Olson Pavilion","levels":null,"area":561},"geometry":{"type":"Polygon","coordinates":[[[-87.621404,41.895109],[-87.620581,41.895681],[-87.620565,41.895123],[-87.621404,41.895109]]]}},{"type":"Feature","properties":{"name":"Huron-Superior Self Park","levels":null,"area":763},"geometry":{"type":"Polygon","coordinates":[[[-87.622635,41.895097],[-87.621594,41.895688],[-87.621576,41.895113],[-87.622635,41.895097]]]}},{"type":"Feature","properties":{"name":"Water Tower Place","levels":null,"area":1365},"geometry":{"type":"Polygon","coordinates":[[[-87.623891,41.8977],[-87.621964,41.898315],[-87.621949,41.89773],[-87.623891,41.8977]]]}},{"type":"Feature","properties":{"name":"Equitable Building","levels":null,"area":282},"geometry":{"type":"Polygon","coordinates":[[[-87.622776,41.889884],[-87.623202,41.88934],[-87.623217,41.889872],[-87.622776,41.889884]]]}},{"type":"Feature","properties":{"name":null,"levels":null,"area":525},"geometry":{"type":"Polygon","coordinates":[[[-87.620438,41.891107],[-87.621197,41.891687],[-87.620456,41.891698],[-87.620438,41.891107]]]}},{"type":"Feature","properties":{"name":"Palmolive Building","levels":null,"area":285},"geometry":{"type":"Polygon","coordinates":[[[-87.623932,41.899909],[-87.623086,41.899637],[-87.623927,41.899622],[-87.623932,41.899909]]]}},{"type":"Feature","properties":{"name":"Esplanade Apartments I","levels":null,"area":184},"geometry":{"type":"Polygon","coordinates":[[[-87.619962,41.899567],[-87.61915,41.899388],[-87.619957,41.899376],[-87.619962,41.899567]]]}},{"type":"Feature","properties":{"name":"The Drake Hotel","levels":null,"area":750},"geometry":{"type":"Polygon","coordinates":[[[-87.623942,41.900118],[-87.622898,41.900724],[-87.62288,41.900135],[-87.623942,41.900118]]]}},{"type":"Feature","properties":{"name":"The Mayfair Condominiums","levels":null,"area":181},"geometry":{"type":"Polygon","coordinates":[[[-87.622484,41.900383],[-87.622068,41.900742],[-87.622015,41.900389],[-87.622484,41.900383]]]}},{"type":"Feature","properties":{"name":"Drake Tower","levels":null,"area":286},"geometry":{"type":"Polygon","coordinates":[[[-87.62288,41.900135],[-87.622491,41.900726],[-87.62248,41.900141],[-87.62288,41.900135]]]}},{"type":"Feature","properties":{"name":"Hilton Chicago/Magnificent Mile Suites","levels":null,"area":198},"geometry":{"type":"Polygon","coordinates":[[[-87.622358,41.89965],[-87.621992,41.899952],[-87.622025,41.899352],[-87.622358,41.89965]]]}},{"type":"Feature","properties":{"name":null,"levels":null,"area":213},"geometry":{"type":"Polygon","coordinates":[[[-87.621056,41.898312],[-87.620365,41.898061],[-87.62105,41.898053],[-87.621056,41.898312]]]}},{"type":"Feature","properties":{"name":"Pearson on the Park","levels":null,"area":224},"geometry":{"type":"Polygon","coordinates":[[[-87.621002,41.897738],[-87.620461,41.898043],[-87.620336,41.897749],[-87.621002,41.897738]]]}},{"type":"Feature","properties":{"name":"Millennium Knickerbocker Hotel Chicago","levels":null,"area":255},"geometry":{"type":"Polygon","coordinates":[[[-87.623086,41.899637],[-87.622367,41.899942],[-87.622358,41.89965],[-87.623086,41.899637]]]}},{"type":"Feature","properties":{"name":"840 North Lake Shore Drive","levels":null,"area":181},"geometry":{"type":"Polygon","coordinates":[[[-87.618597,41.897776],[-87.61807,41.898014],[-87.617966,41.897799],[-87.618597,41.897776]]]}},{"type":"Feature","properties":{"name":"The Seneca","levels":null,"area":172},"geometry":{"type":"Polygon","coordinates":[[[-87.621783,41.898539],[-87.621037,41.898699],[-87.621035,41.89855],[-87.621783,41.898539]]]}},{"type":"Feature","properties":{"name":"990 North Lake Shore Drive","levels":null,"area":186},"geometry":{"type":"Polygon","coordinates":[[[-87.620303,41.900205],[-87.61972,41.900459],[-87.619631,41.900276],[-87.620303,41.900205]]]}},{"type":"Feature","properties":{"name":"Lake Shore Center","levels":null,"area":283},"geometry":{"type":"Polygon","coordinates":[[[-87.61807,41.898014],[-87.619085,41.898044],[-87.619093,41.898351],[-87.61807,41.898014]]]}},{"type":"Feature","properties":{"name":"200 East Delaware","levels":null,"area":261},"geometry":{"type":"Polygon","coordinates":[[[-87.621727,41.899606],[-87.620859,41.899428],[-87.621723,41.899371],[-87.621727,41.899606]]]}},{"type":"Feature","properties":{"name":"Sonesta ES Chicago Downtown Magnificent Mile","levels":null,"area":239},"geometry":{"type":"Polygon","coordinates":[[[-87.621139,41.899955],[-87.621727,41.899648],[-87.621735,41.899947],[-87.621139,41.899955]]]}},{"type":"Feature","properties":{"name":"One Illinois Center","levels":null,"area":415},"geometry":{"type":"Polygon","coordinates":[[[-87.623356,41.88807],[-87.623797,41.887309],[-87.623812,41.888066],[-87.623356,41.88807]]]}},{"type":"Feature","properties":{"name":"The Fairbanks at Cityfront Place","levels":null,"area":183},"geometry":{"type":"Polygon","coordinates":[[[-87.621185,41.891296],[-87.620447,41.891497],[-87.620443,41.89131],[-87.621185,41.891296]]]}},{"type":"Feature","properties":{"name":null,"levels":null,"area":242},"geometry":{"type":"Polygon","coordinates":[[[-87.619745,41.898341],[-87.619085,41.898044],[-87.619737,41.898029],[-87.619745,41.898341]]]}},{"type":"Feature","properties":{"name":"The Westin Michigan Avenue Chicago","levels":null,"area":496},"geometry":{"type":"Polygon","coordinates":[[[-87.623938,41.899622],[-87.622532,41.899347],[-87.623931,41.899329],[-87.623938,41.899622]]]}},{"type":"Feature","properties":{"name":null,"levels":null,"area":196},"geometry":{"type":"Polygon","coordinates":[[[-87.621194,41.900162],[-87.621657,41.900413],[-87.621199,41.900422],[-87.621194,41.900162]]]}},{"type":"Feature","properties":{"name":"Tribune Tower","levels":null,"area":754},"geometry":{"type":"Polygon","coordinates":[[[-87.622768,41.890261],[-87.623888,41.890839],[-87.622793,41.890864],[-87.622768,41.890261]]]}},{"type":"Feature","properties":{"name":null,"levels":null,"area":244},"geometry":{"type":"Polygon","coordinates":[[[-87.612661,41.891306],[-87.612255,41.891812],[-87.611921,41.891372],[-87.612661,41.891306]]]}},{"type":"Feature","properties":{"name":"680 North Lake Shore Drive","levels":null,"area":1329},"geometry":{"type":"Polygon","coordinates":[[[-87.617685,41.894959],[-87.615649,41.894378],[-87.617672,41.894355],[-87.617685,41.894959]]]}},{"type":"Feature","properties":{"name":"Aon Grand Ballroom","levels":null,"area":425},"geometry":{"type":"Polygon","coordinates":[[[-87.599241,41.891608],[-87.59975,41.892113],[-87.599011,41.891895],[-87.599241,41.891608]]]}},{"type":"Feature","properties":{"name":"The Wade","levels":null,"area":151},"geometry":{"type":"Polygon","coordinates":[[[-87.61564,41.894127],[-87.61555,41.8936],[-87.615845,41.894051],[-87.61564,41.894127]]]}},{"type":"Feature","properties":{"name":"Lurie Medical Research Building","levels":null,"area":308},"geometry":{"type":"Polygon","coordinates":[[[-87.620181,41.895687],[-87.619719,41.895124],[-87.620127,41.895117],[-87.620181,41.895687]]]}},{"type":"Feature","properties":{"name":null,"levels":null,"area":190},"geometry":{"type":"Polygon","coordinates":[[[-87.616037,41.89417],[-87.615845,41.894051],[-87.615302,41.893577],[-87.616037,41.89417]]]}},{"type":"Feature","properties":{"name":"University of Chicago Gleacher Center","levels":null,"area":322},"geometry":{"type":"Polygon","coordinates":[[[-87.622085,41.88992],[-87.622427,41.889364],[-87.622585,41.889915],[-87.622085,41.88992]]]}},{"type":"Feature","properties":{"name":"Optima Center Chicago","levels":null,"area":155},"geometry":{"type":"Polygon","coordinates":[[[-87.622528,41.891066],[-87.622064,41.891346],[-87.622055,41.891079],[-87.622528,41.891066]]]}},{"type":"Feature","properties":{"name":"NBC Tower","levels":null,"area":376},"geometry":{"type":"Polygon","coordinates":[[[-87.621409,41.889694],[-87.620657,41.890082],[-87.620576,41.889856],[-87.621409,41.889694]]]}},{"type":"Feature","properties":{"name":null,"levels":null,"area":763},"geometry":{"type":"Polygon","coordinates":[[[-87.620651,41.889715],[-87.621507,41.890407],[-87.620559,41.890374],[-87.620651,41.889715]]]}},{"type":"Feature","properties":{"name":"219 East Lake Shore Drive","levels":null,"area":161},"geometry":{"type":"Polygon","coordinates":[[[-87.621202,41.900752],[-87.620754,41.900467],[-87.6212,41.900461],[-87.621202,41.900752]]]}},{"type":"Feature","properties":{"name":"209 East Lake Shore Drive","levels":null,"area":159},"geometry":{"type":"Polygon","coordinates":[[[-87.621203,41.900759],[-87.621657,41.900444],[-87.621704,41.900748],[-87.621203,41.900759]]]}},{"type":"Feature","properties":{"name":null,"levels":null,"area":227},"geometry":{"type":"Polygon","coordinates":[[[-87.618169,41.895727],[-87.618489,41.895153],[-87.618502,41.895722],[-87.618169,41.895727]]]}},{"type":"Feature","properties":{"name":null,"levels":null,"area":164},"geometry":{"type":"Polygon","coordinates":[[[-87.619554,41.898832],[-87.619148,41.899169],[-87.619142,41.898838],[-87.619554,41.898832]]]}},{"type":"Feature","properties":{"name":"InterContinental Chicago Hotel","levels":null,"area":503},"geometry":{"type":"Polygon","coordinates":[[[-87.623226,41.891055],[-87.623921,41.891644],[-87.623181,41.891655],[-87.623226,41.891055]]]}},{"type":"Feature","properties":{"name":"Montgomery Ward Memorial Building","levels":null,"area":359},"geometry":{"type":"Polygon","coordinates":[[[-87.619482,41.896071],[-87.619739,41.896631],[-87.619135,41.896509],[-87.619482,41.896071]]]}},{"type":"Feature","properties":{"name":"Tarry Medical Research and Education Building","levels":null,"area":210},"geometry":{"type":"Polygon","coordinates":[[[-87.619846,41.896421],[-87.620179,41.895963],[-87.620233,41.896414],[-87.619846,41.896421]]]}},{"type":"Feature","properties":{"name":"Wieboldt Hall","levels":null,"area":291},"geometry":{"type":"Polygon","coordinates":[[[-87.61858,41.895936],[-87.618954,41.896647],[-87.618653,41.896652],[-87.61858,41.895936]]]}},{"type":"Feature","properties":{"name":"ADA Building","levels":null,"area":297},"geometry":{"type":"Polygon","coordinates":[[[-87.622935,41.896265],[-87.622217,41.896606],[-87.622209,41.89628],[-87.622935,41.896265]]]}},{"type":"Feature","properties":{"name":"Abbott Hall","levels":null,"area":274},"geometry":{"type":"Polygon","coordinates":[[[-87.617067,41.895175],[-87.616395,41.8955],[-87.616233,41.895304],[-87.617067,41.895175]]]}},{"type":"Feature","properties":{"name":"Arthur Rubloff Building","levels":null,"area":557},"geometry":{"type":"Polygon","coordinates":[[[-87.617657,41.896011],[-87.617676,41.896668],[-87.616753,41.896026],[-87.617657,41.896011]]]}},{"type":"Feature","properties":{"name":"Levy Mayer Hall","levels":null,"area":214},"geometry":{"type":"Polygon","coordinates":[[[-87.617675,41.896617],[-87.618451,41.896396],[-87.618458,41.896651],[-87.617675,41.896617]]]}},{"type":"Feature","properties":{"name":"Robert McCormick Hall","levels":null,"area":204},"geometry":{"type":"Polygon","coordinates":[[[-87.618474,41.896267],[-87.617743,41.896014],[-87.618469,41.896006],[-87.618474,41.896267]]]}},{"type":"Feature","properties":{"name":"Arkes Family Pavilion","levels":null,"area":321},"geometry":{"type":"Polygon","coordinates":[[[-87.62342,41.894853],[-87.62295,41.894272],[-87.623402,41.894265],[-87.62342,41.894853]]]}},{"type":"Feature","properties":{"name":"Onterie Center","levels":null,"area":474},"geometry":{"type":"Polygon","coordinates":[[[-87.616705,41.894143],[-87.6158,41.893581],[-87.616688,41.893567],[-87.616705,41.894143]]]}},{"type":"Feature","properties":{"name":null,"levels":null,"area":199},"geometry":{"type":"Polygon","coordinates":[[[-87.624032,41.895652],[-87.623467,41.895361],[-87.624022,41.895352],[-87.624032,41.895652]]]}},{"type":"Feature","properties":{"name":"Olympia Centre","levels":null,"area":618},"geometry":{"type":"Polygon","coordinates":[[[-87.623588,41.896611],[-87.62317,41.895871],[-87.624025,41.895859],[-87.623588,41.896611]]]}},{"type":"Feature","properties":{"name":"Warwick Allerton Hotel Chicago","levels":null,"area":186},"geometry":{"type":"Polygon","coordinates":[[[-87.624022,41.895352],[-87.623501,41.89506],[-87.624015,41.895049],[-87.624022,41.895352]]]}},{"type":"Feature","properties":{"name":null,"levels":null,"area":152},"geometry":{"type":"Polygon","coordinates":[[[-87.623468,41.895428],[-87.622924,41.895668],[-87.622917,41.895435],[-87.623468,41.895428]]]}},{"type":"Feature","properties":{"name":"777 North Michigan","levels":null,"area":202},"geometry":{"type":"Polygon","coordinates":[[[-87.623649,41.896593],[-87.624032,41.896184],[-87.624039,41.896605],[-87.623649,41.896593]]]}},{"type":"Feature","properties":{"name":null,"levels":null,"area":190},"geometry":{"type":"Polygon","coordinates":[[[-87.623457,41.895359],[-87.622909,41.895074],[-87.62345,41.895064],[-87.623457,41.895359]]]}},{"type":"Feature","properties":{"name":"Time-Life Building","levels":null,"area":363},"geometry":{"type":"Polygon","coordinates":[[[-87.619997,41.891914],[-87.619416,41.892513],[-87.619396,41.891924],[-87.619997,41.891914]]]}},{"type":"Feature","properties":{"name":"River East Center","levels":null,"area":194},"geometry":{"type":"Polygon","coordinates":[[[-87.618209,41.891197],[-87.618181,41.891669],[-87.61788,41.89146],[-87.618209,41.891197]]]}},{"type":"Feature","properties":{"name":"Streeter Place","levels":null,"area":189},"geometry":{"type":"Polygon","coordinates":[[[-87.617958,41.891966],[-87.618272,41.892426],[-87.617897,41.89242],[-87.617958,41.891966]]]}},{"type":"Feature","properties":{"name":"Cityview","levels":null,"area":364},"geometry":{"type":"Polygon","coordinates":[[[-87.617873,41.890481],[-87.6185,41.890932],[-87.617864,41.890907],[-87.617873,41.890481]]]}},{"type":"Feature","properties":{"name":"Cityview","levels":null,"area":415},"geometry":{"type":"Polygon","coordinates":[[[-87.617857,41.890163],[-87.618445,41.889623],[-87.618478,41.89014],[-87.617857,41.890163]]]}},{"type":"Feature","properties":{"name":"600 Lake Shore Drive","levels":null,"area":440},"geometry":{"type":"Polygon","coordinates":[[[-87.615462,41.89338],[-87.614648,41.892797],[-87.615446,41.892785],[-87.615462,41.89338]]]}},{"type":"Feature","properties":{"name":null,"levels":null,"area":525},"geometry":{"type":"Polygon","coordinates":[[[-87.616181,41.892773],[-87.615462,41.89338],[-87.615446,41.892785],[-87.616181,41.892773]]]}},{"type":"Feature","properties":{"name":null,"levels":null,"area":515},"geometry":{"type":"Polygon","coordinates":[[[-87.617627,41.89304],[-87.616201,41.893363],[-87.616191,41.893063],[-87.617627,41.89304]]]}},{"type":"Feature","properties":{"name":"Embassy Suites by Hilton Chicago Downtown Magnificent Mile","levels":null,"area":464},"geometry":{"type":"Polygon","coordinates":[[[-87.620024,41.891687],[-87.619308,41.891148],[-87.620011,41.891132],[-87.620024,41.891687]]]}},{"type":"Feature","properties":{"name":"River East Arts Center","levels":null,"area":1045},"geometry":{"type":"Polygon","coordinates":[[[-87.617401,41.89058],[-87.615142,41.890996],[-87.615132,41.890661],[-87.617401,41.89058]]]}},{"type":"Feature","properties":{"name":"Erie Ontario Parking C","levels":null,"area":386},"geometry":{"type":"Polygon","coordinates":[[[-87.61958,41.893522],[-87.620133,41.8941],[-87.619597,41.894114],[-87.61958,41.893522]]]}},{"type":"Feature","properties":{"name":"North Pier Tower","levels":null,"area":293},"geometry":{"type":"Polygon","coordinates":[[[-87.615132,41.890661],[-87.614412,41.891008],[-87.614401,41.890674],[-87.615132,41.890661]]]}},{"type":"Feature","properties":{"name":"Parkview West","levels":null,"area":323},"geometry":{"type":"Polygon","coordinates":[[[-87.617499,41.891731],[-87.617008,41.891168],[-87.61748,41.89116],[-87.617499,41.891731]]]}},{"type":"Feature","properties":{"name":"Northwestern Medical  Employee Parking Garage","levels":null,"area":314},"geometry":{"type":"Polygon","coordinates":[[[-87.617669,41.89415],[-87.616756,41.893868],[-87.617662,41.893893],[-87.617669,41.89415]]]}},{"type":"Feature","properties":{"name":"Moment","levels":null,"area":602},"geometry":{"type":"Polygon","coordinates":[[[-87.616875,41.891974],[-87.617566,41.892544],[-87.616524,41.892556],[-87.616875,41.891974]]]}},{"type":"Feature","properties":{"name":"500 North Lake Shore Drive","levels":null,"area":343},"geometry":{"type":"Polygon","coordinates":[[[-87.615055,41.891199],[-87.614516,41.891714],[-87.61448,41.891209],[-87.615055,41.891199]]]}},{"type":"Feature","properties":{"name":"Lavin Family Pavilion","levels":null,"area":488},"geometry":{"type":"Polygon","coordinates":[[[-87.621162,41.893499],[-87.620487,41.8941],[-87.620474,41.89351],[-87.621162,41.893499]]]}},{"type":"Feature","properties":{"name":"River East Center","levels":null,"area":915},"geometry":{"type":"Polygon","coordinates":[[[-87.619325,41.891696],[-87.618138,41.891164],[-87.619308,41.891148],[-87.619325,41.891696]]]}},{"type":"Feature","properties":{"name":null,"levels":null,"area":1244},"geometry":{"type":"Polygon","coordinates":[[[-87.617859,41.892746],[-87.619574,41.893314],[-87.617848,41.893319],[-87.617859,41.892746]]]}},{"type":"Feature","properties":{"name":"McClurg Court Center","levels":null,"area":152},"geometry":{"type":"Polygon","coordinates":[[[-87.618802,41.893336],[-87.61844,41.893123],[-87.618962,41.893151],[-87.618802,41.893336]]]}},{"type":"Feature","properties":{"name":null,"levels":null,"area":327},"geometry":{"type":"Polygon","coordinates":[[[-87.617958,41.891966],[-87.6185,41.892535],[-87.617901,41.89254],[-87.617958,41.891966]]]}},{"type":"Feature","properties":{"name":"The Streeter","levels":null,"area":399},"geometry":{"type":"Polygon","coordinates":[[[-87.619355,41.891935],[-87.618696,41.892537],[-87.618658,41.89235],[-87.619355,41.891935]]]}},{"type":"Feature","properties":{"name":"Cityfront Place","levels":null,"area":295},"geometry":{"type":"Polygon","coordinates":[[[-87.618407,41.889389],[-87.617995,41.888961],[-87.61844,41.889039],[-87.618407,41.889389]]]}},{"type":"Feature","properties":{"name":"Sheraton Grand Chicago","levels":null,"area":1034},"geometry":{"type":"Polygon","coordinates":[[[-87.620109,41.889461],[-87.618766,41.888839],[-87.620285,41.889071],[-87.620109,41.889461]]]}},{"type":"Feature","properties":{"name":null,"levels":null,"area":278},"geometry":{"type":"Polygon","coordinates":[[[-87.620098,41.892876],[-87.619574,41.893314],[-87.619555,41.892886],[-87.620098,41.892876]]]}},{"type":"Feature","properties":{"name":"The Pearson","levels":null,"area":193},"geometry":{"type":"Polygon","coordinates":[[[-87.619745,41.898006],[-87.61909,41.897768],[-87.619738,41.897759],[-87.619745,41.898006]]]}},{"type":"Feature","properties":{"name":"Courtyard Chicago Downtown/Magnificent Mile","levels":null,"area":159},"geometry":{"type":"Polygon","coordinates":[[[-87.622848,41.892989],[-87.623353,41.893247],[-87.622858,41.893257],[-87.622848,41.892989]]]}},{"type":"Feature","properties":{"name":null,"levels":null,"area":266},"geometry":{"type":"Polygon","coordinates":[[[-87.621763,41.89215],[-87.622559,41.891861],[-87.622568,41.892137],[-87.621763,41.89215]]]}},{"type":"Feature","properties":{"name":"Michigan Terrace Condos","levels":null,"area":161},"geometry":{"type":"Polygon","coordinates":[[[-87.623215,41.892045],[-87.623923,41.891845],[-87.623924,41.892034],[-87.623215,41.892045]]]}},{"type":"Feature","properties":{"name":null,"levels":null,"area":217},"geometry":{"type":"Polygon","coordinates":[[[-87.623975,41.89378],[-87.623251,41.894052],[-87.623248,41.893952],[-87.623975,41.89378]]]}},{"type":"Feature","properties":{"name":"Schatz Building","levels":null,"area":219},"geometry":{"type":"Polygon","coordinates":[[[-87.620897,41.892916],[-87.620421,41.893301],[-87.620406,41.892923],[-87.620897,41.892916]]]}},{"type":"Feature","properties":{"name":"Aritzia","levels":null,"area":163},"geometry":{"type":"Polygon","coordinates":[[[-87.623942,41.892282],[-87.623282,41.892453],[-87.623274,41.892183],[-87.623942,41.892282]]]}},{"type":"Feature","properties":{"name":"The Grand Ohio Condominiums","levels":null,"area":717},"geometry":{"type":"Polygon","coordinates":[[[-87.621754,41.891875],[-87.622383,41.892462],[-87.62097,41.891888],[-87.621754,41.891875]]]}},{"type":"Feature","properties":{"name":"Hyatt Centric Chicago Magnificent Mile","levels":null,"area":414},"geometry":{"type":"Polygon","coordinates":[[[-87.622085,41.893535],[-87.622564,41.894067],[-87.621859,41.894027],[-87.622085,41.893535]]]}},{"type":"Feature","properties":{"name":null,"levels":null,"area":179},"geometry":{"type":"Polygon","coordinates":[[[-87.623955,41.892971],[-87.623453,41.893251],[-87.623345,41.893037],[-87.623955,41.892971]]]}},{"type":"Feature","properties":{"name":"530 Lake Shore Drive","levels":null,"area":263},"geometry":{"type":"Polygon","coordinates":[[[-87.614661,41.892031],[-87.615406,41.892261],[-87.614561,41.892282],[-87.614661,41.892031]]]}},{"type":"Feature","properties":{"name":null,"levels":null,"area":381},"geometry":{"type":"Polygon","coordinates":[[[-87.605665,41.893274],[-87.606476,41.893678],[-87.605668,41.893426],[-87.605665,41.893274]]]}},{"type":"Feature","properties":{"name":"540 Lake Shore Drive","levels":null,"area":475},"geometry":{"type":"Polygon","coordinates":[[[-87.615767,41.891983],[-87.614557,41.892596],[-87.614552,41.892298],[-87.615767,41.891983]]]}},{"type":"Feature","properties":{"name":null,"levels":null,"area":251},"geometry":{"type":"Polygon","coordinates":[[[-87.616191,41.893063],[-87.616902,41.892759],[-87.616911,41.89305],[-87.616191,41.893063]]]}},{"type":"Feature","properties":{"name":null,"levels":null,"area":249},"geometry":{"type":"Polygon","coordinates":[[[-87.617618,41.892749],[-87.616911,41.89305],[-87.616902,41.892759],[-87.617618,41.892749]]]}},{"type":"Feature","properties":{"name":"Hyatt Regency Chicago","levels":null,"area":920},"geometry":{"type":"Polygon","coordinates":[[[-87.62314,41.887935],[-87.621537,41.887663],[-87.621328,41.887008],[-87.623131,41.887458],[-87.62314,41.887935]]]}},{"type":"Feature","properties":{"name":"Lake Shore Plaza","levels":null,"area":588},"geometry":{"type":"Polygon","coordinates":[[[-87.616804,41.891963],[-87.615777,41.892514],[-87.615847,41.892034],[-87.616804,41.891963]]]}},{"type":"Feature","properties":{"name":"Shirley Ryan AbilityLab","levels":null,"area":715},"geometry":{"type":"Polygon","coordinates":[[[-87.618969,41.893531],[-87.617886,41.894137],[-87.617868,41.893633],[-87.618969,41.893531]]]}},{"type":"Feature","properties":{"name":null,"levels":null,"area":797},"geometry":{"type":"Polygon","coordinates":[[[-87.619506,41.890477],[-87.61871,41.889598],[-87.619452,41.889643],[-87.619506,41.890477]]]}},{"type":"Feature","properties":{"name":"Loews Chicago Downtown","levels":null,"area":261},"geometry":{"type":"Polygon","coordinates":[[[-87.61871,41.89013],[-87.61942,41.889626],[-87.619475,41.889808],[-87.61871,41.89013]]]}},{"type":"Feature","properties":{"name":null,"levels":null,"area":411},"geometry":{"type":"Polygon","coordinates":[[[-87.619497,41.890922],[-87.618725,41.890493],[-87.619506,41.890477],[-87.619497,41.890922]]]}},{"type":"Feature","properties":{"name":"Simpson Querrey Biomedical Research Center","levels":null,"area":771},"geometry":{"type":"Polygon","coordinates":[[[-87.619719,41.895124],[-87.618571,41.895594],[-87.618562,41.895143],[-87.619719,41.895124]]]}},{"type":"Feature","properties":{"name":"Optima Signature","levels":null,"area":276},"geometry":{"type":"Polygon","coordinates":[[[-87.622011,41.891669],[-87.621188,41.891411],[-87.622,41.891335],[-87.622011,41.891669]]]}},{"type":"Feature","properties":{"name":null,"levels":null,"area":180},"geometry":{"type":"Polygon","coordinates":[[[-87.618478,41.89014],[-87.618009,41.890461],[-87.617791,41.890329],[-87.618478,41.89014]]]}},{"type":"Feature","properties":{"name":"Riverview Condominiums","levels":null,"area":923},"geometry":{"type":"Polygon","coordinates":[[[-87.61717,41.888896],[-87.615413,41.88944],[-87.615393,41.889198],[-87.61717,41.888896]]]}},{"type":"Feature","properties":{"name":"One Bennett Park","levels":null,"area":323},"geometry":{"type":"Polygon","coordinates":[[[-87.616121,41.891559],[-87.615336,41.89177],[-87.615321,41.891218],[-87.616121,41.891559]]]}},{"type":"Feature","properties":{"name":"Festival Hall Loading Dock","levels":null,"area":290},"geometry":{"type":"Polygon","coordinates":[[[-87.60532,41.891874],[-87.60468,41.892158],[-87.604674,41.891929],[-87.60532,41.891874]]]}},{"type":"Feature","properties":{"name":null,"levels":null,"area":331},"geometry":{"type":"Polygon","coordinates":[[[-87.607092,41.891534],[-87.606425,41.891904],[-87.606271,41.891719],[-87.607092,41.891534]]]}},{"type":"Feature","properties":{"name":"Self Park East Garage","levels":null,"area":605},"geometry":{"type":"Polygon","coordinates":[[[-87.606107,41.892053],[-87.605316,41.891441],[-87.606141,41.891403],[-87.606107,41.892053]]]}},{"type":"Feature","properties":{"name":"The Crystal Gardens","levels":null,"area":399},"geometry":{"type":"Polygon","coordinates":[[[-87.608187,41.891535],[-87.608843,41.891966],[-87.6082,41.891876],[-87.608187,41.891535]]]}},{"type":"Feature","properties":{"name":"Family Pavillion","levels":null,"area":760},"geometry":{"type":"Polygon","coordinates":[[[-87.608849,41.89205],[-87.609723,41.891292],[-87.609743,41.89207],[-87.608849,41.89205]]]}},{"type":"Feature","properties":{"name":"Festival Hall","levels":null,"area":4417},"geometry":{"type":"Polygon","coordinates":[[[-87.601456,41.891314],[-87.60532,41.891874],[-87.600768,41.891933],[-87.601456,41.891314]]]}},{"type":"Feature","properties":{"name":"Lakeview Terrace","levels":null,"area":341},"geometry":{"type":"Polygon","coordinates":[[[-87.600768,41.891933],[-87.599821,41.891542],[-87.600762,41.891714],[-87.600768,41.891933]]]}},{"type":"Feature","properties":{"name":"Navy Pier Beer Garden","levels":null,"area":174},"geometry":{"type":"Polygon","coordinates":[[[-87.600816,41.891548],[-87.599944,41.891728],[-87.599938,41.891552],[-87.600816,41.891548]]]}},{"type":"Feature","properties":{"name":"Chicago Shakespeare Theater","levels":null,"area":212},"geometry":{"type":"Polygon","coordinates":[[[-87.606141,41.891403],[-87.605383,41.891213],[-87.60625,41.891293],[-87.606141,41.891403]]]}},{"type":"Feature","properties":{"name":"West Terminal Building","levels":null,"area":160},"geometry":{"type":"Polygon","coordinates":[[[-87.600999,41.891479],[-87.600828,41.892164],[-87.600813,41.891481],[-87.600999,41.891479]]]}},{"type":"Feature","properties":{"name":"Erie Ontario Parking D","levels":null,"area":423},"geometry":{"type":"Polygon","coordinates":[[[-87.61957,41.893529],[-87.619,41.894125],[-87.618983,41.893532],[-87.61957,41.893529]]]}},{"type":"Feature","properties":{"name":"Administration Building","levels":null,"area":801},"geometry":{"type":"Polygon","coordinates":[[[-87.605901,41.894124],[-87.606465,41.895386],[-87.605938,41.895392],[-87.605901,41.894124]]]}},{"type":"Feature","properties":{"name":"Electrical Building","levels":null,"area":239},"geometry":{"type":"Polygon","coordinates":[[[-87.606351,41.895406],[-87.606072,41.896076],[-87.606051,41.895411],[-87.606351,41.895406]]]}},{"type":"Feature","properties":{"name":"East Filter Building","levels":null,"area":5525},"geometry":{"type":"Polygon","coordinates":[[[-87.605796,41.893872],[-87.603055,41.895467],[-87.603243,41.893915],[-87.605796,41.893872]]]}},{"type":"Feature","properties":{"name":"West Filter Building","levels":null,"area":5421},"geometry":{"type":"Polygon","coordinates":[[[-87.609119,41.895592],[-87.606518,41.893862],[-87.609067,41.89382],[-87.609119,41.895592]]]}},{"type":"Feature","properties":{"name":"400 Lake Shore - North Tower","levels":null,"area":176},"geometry":{"type":"Polygon","coordinates":[[[-87.615165,41.889725],[-87.614572,41.890026],[-87.614519,41.889894],[-87.615165,41.889725]]]}}]}