{"type":"FeatureCollection","features":[{"type":"Feature","properties":{"name":"Donald J. DePorter Gateway"},"geometry":{"type":"Polygon","coordinates":[[[-87.637256,41.892887],[-87.637188,41.892501],[-87.637865,41.892576],[-87.637871,41.89263],[-87.637256,41.892887]],[[-87.63757,41.89269],[-87.637573,41.892576],[-87.637494,41.892632],[-87.63757,41.89269]]]}},{"type":"Feature","properties":{"name":"Northerly Island"},"geometry":{"type":"MultiPolygon","coordinates":[[[[-87.607363,41.866495],[-87.605818,41.866841],[-87.605982,41.861],[-87.610369,41.861],[-87.612702,41.86608],[-87.607417,41.866155],[-87.607363,41.866495]]],[[[-87.612765,41.866178],[-87.610251,41.866416],[-87.610214,41.866247],[-87.612765,41.866178]]],[[[-87.610026,41.866417],[-87.607487,41.866264],[-87.610066,41.86624],[-87.610026,41.866417]]]]}},{"type":"Feature","properties":{"name":null},"geometry":{"type":"Polygon","coordinates":[[[-87.621824,41.885031],[-87.621191,41.885093],[-87.621182,41.884708],[-87.6219,41.884704],[-87.621824,41.885031]],[[-87.621578,41.884805],[-87.621466,41.884904],[-87.621603,41.884886],[-87.621578,41.884805]]]}},{"type":"Feature","properties":{"name":"Jardine Bird Sanctuary"},"geometry":{"type":"MultiPolygon","coordinates":[[[[-87.603208,41.893462],[-87.602724,41.89387],[-87.602742,41.893574],[-87.603208,41.893462]]],[[[-87.603273,41.895614],[-87.602849,41.896089],[-87.602782,41.895747],[-87.603273,41.895614]]]]}},{"type":"Feature","properties":{"name":null},"geometry":{"type":"Polygon","coordinates":[[[-87.622443,41.861],[-87.622385,41.861068],[-87.622377,41.861],[-87.622443,41.861]]]}},{"type":"Feature","properties":{"name":"D'Angelo Park"},"geometry":{"type":"MultiPolygon","coordinates":[[[[-87.634937,41.8746],[-87.633841,41.875401],[-87.633807,41.874671],[-87.634937,41.8746]]],[[[-87.63532,41.876062],[-87.635882,41.875802],[-87.636075,41.876087],[-87.63532,41.876062]]],[[[-87.63502,41.876417],[-87.633822,41.875749],[-87.635014,41.875826],[-87.63502,41.876417]]]]}},{"type":"Feature","properties":{"name":null},"geometry":{"type":"Polygon","coordinates":[[[-87.619416,41.875457],[-87.619575,41.875826],[-87.619435,41.876136],[-87.619124,41.876234],[-87.618526,41.87615],[-87.618367,41.875845],[-87.618507,41.875465],[-87.61883,41.875372],[-87.619416,41.875457]],[[-87.618533,41.875483],[-87.618581,41.875522],[-87.618622,41.875487],[-87.618533,41.875483]],[[-87.619347,41.876072],[-87.618598,41.875532],[-87.618482,41.875903],[-87.619347,41.876072]]]}},{"type":"Feature","properties":{"name":"Congress Plaza Garden - South"},"geometry":{"type":"MultiPolygon","coordinates":[[[[-87.623875,41.875075],[-87.623936,41.875149],[-87.623875,41.875161],[-87.623875,41.875075]]],[[[-87.62386,41.8749],[-87.623807,41.875006],[-87.623504,41.875406],[-87.62386,41.8749]]],[[[-87.624038,41.875526],[-87.624027,41.875565],[-87.62368,41.875538],[-87.624038,41.875526]]]]}},{"type":"Feature","properties":{"name":"Congress Plaza Garden - North"},"geometry":{"type":"MultiPolygon","coordinates":[[[[-87.624033,41.875896],[-87.624058,41.875943],[-87.623651,41.875943],[-87.624033,41.875896]]],[[[-87.623529,41.876084],[-87.62393,41.87659],[-87.623761,41.87645],[-87.623529,41.876084]]],[[[-87.623965,41.876325],[-87.623909,41.876393],[-87.623908,41.876313],[-87.623965,41.876325]]]]}},{"type":"Feature","properties":{"name":"Art on the Farm"},"geometry":{"type":"MultiPolygon","coordinates":[[[[-87.621408,41.876271],[-87.621619,41.876345],[-87.621409,41.876347],[-87.621408,41.876271]]],[[[-87.621685,41.876493],[-87.621787,41.876334],[-87.621792,41.876507],[-87.621685,41.876493]]],[[[-87.621241,41.876345],[-87.621359,41.876495],[-87.621248,41.876516],[-87.621241,41.876345]]],[[[-87.621792,41.876701],[-87.621686,41.876545],[-87.621789,41.876523],[-87.621792,41.876701]]],[[[-87.621358,41.876551],[-87.621257,41.876706],[-87.621249,41.876536],[-87.621358,41.876551]]],[[[-87.62166,41.876705],[-87.621415,41.876771],[-87.621416,41.876701],[-87.62166,41.876705]]]]}},{"type":"Feature","properties":{"name":"Congress Median Garden"},"geometry":{"type":"MultiPolygon","coordinates":[[[[-87.621747,41.875712],[-87.621943,41.875816],[-87.62175,41.875818],[-87.621747,41.875712]]],[[[-87.621513,41.875716],[-87.621711,41.875821],[-87.621513,41.875824],[-87.621513,41.875716]]],[[[-87.621278,41.875719],[-87.62147,41.875822],[-87.62128,41.875825],[-87.621278,41.875719]]],[[[-87.620991,41.875721],[-87.621241,41.875827],[-87.620991,41.87583],[-87.620991,41.875721]]]]}},{"type":"Feature","properties":{"name":null},"geometry":{"type":"Polygon","coordinates":[[[-87.619212,41.881791],[-87.61881,41.881773],[-87.618731,41.881941],[-87.618745,41.881785],[-87.618989,41.88164],[-87.619162,41.881707],[-87.619212,41.881791]],[[-87.619096,41.881759],[-87.619033,41.881711],[-87.619035,41.88176],[-87.619096,41.881759]]]}},{"type":"Feature","properties":{"name":"Wave Lawn"},"geometry":{"type":"MultiPolygon","coordinates":[[[[-87.618733,41.88161],[-87.618579,41.881699],[-87.618637,41.881594],[-87.61891,41.881604],[-87.618733,41.88161]]],[[[-87.618744,41.881623],[-87.61875,41.881756],[-87.618683,41.88173],[-87.618601,41.881739],[-87.618744,41.881623]]],[[[-87.618703,41.881856],[-87.618631,41.881755],[-87.618724,41.88177],[-87.618703,41.881856]]],[[[-87.618563,41.88182],[-87.618498,41.881901],[-87.618407,41.881866],[-87.618563,41.88182]]],[[[-87.618279,41.881944],[-87.618114,41.882034],[-87.618035,41.882007],[-87.618279,41.881944]]],[[[-87.618475,41.882092],[-87.618362,41.882091],[-87.618443,41.88205],[-87.618353,41.881939],[-87.618495,41.881935],[-87.618475,41.882092]]],[[[-87.618291,41.882067],[-87.618342,41.882044],[-87.618428,41.882051],[-87.618291,41.882067]]]]}},{"type":"Feature","properties":{"name":null},"geometry":{"type":"Polygon","coordinates":[[[-87.61799,41.883234],[-87.61771,41.88316],[-87.617704,41.882981],[-87.618049,41.883222],[-87.61799,41.883234]],[[-87.617824,41.883125],[-87.617807,41.88318],[-87.617825,41.88318],[-87.617824,41.883125]]]}},{"type":"Feature","properties":{"name":"Blue Cross Blue Shield of Illinois \"Great Lawn\""},"geometry":{"type":"MultiPolygon","coordinates":[[[[-87.619457,41.881902],[-87.620132,41.88226],[-87.619515,41.882224],[-87.619457,41.881902]]],[[[-87.619448,41.882226],[-87.619195,41.881966],[-87.619394,41.881918],[-87.619448,41.882226]]],[[[-87.618396,41.882633],[-87.619417,41.882376],[-87.618236,41.882907],[-87.618396,41.882633]]],[[[-87.617977,41.882782],[-87.618349,41.882601],[-87.618196,41.882837],[-87.61823,41.883178],[-87.617977,41.882782]]],[[[-87.617946,41.883472],[-87.618259,41.88401],[-87.617898,41.88395],[-87.617946,41.883472]]]]}},{"type":"Feature","properties":{"name":null},"geometry":{"type":"MultiPolygon","coordinates":[[[[-87.618033,41.882508],[-87.617864,41.882521],[-87.617918,41.882664],[-87.617732,41.882481],[-87.617864,41.8824],[-87.618033,41.882508]],[[-87.61779,41.882451],[-87.617811,41.882522],[-87.617808,41.88245],[-87.61779,41.882451]]],[[[-87.617796,41.882604],[-87.617866,41.882662],[-87.617886,41.882723],[-87.61776,41.882724],[-87.617796,41.882604]],[[-87.617795,41.882688],[-87.617812,41.882633],[-87.617793,41.882633],[-87.617795,41.882688]]],[[[-87.617755,41.882966],[-87.617697,41.88293],[-87.617499,41.882604],[-87.617762,41.882284],[-87.617599,41.88261],[-87.617707,41.882808],[-87.617811,41.882767],[-87.617928,41.882834],[-87.617812,41.883056],[-87.617755,41.882966]],[[-87.617797,41.882796],[-87.617817,41.882851],[-87.617816,41.882796],[-87.617797,41.882796]],[[-87.617801,41.882963],[-87.617821,41.883017],[-87.61782,41.882962],[-87.617801,41.882963]]]]}},{"type":"Feature","properties":{"name":"Cancer Survivors' Garden"},"geometry":{"type":"MultiPolygon","coordinates":[[[[-87.617634,41.882948],[-87.617315,41.882896],[-87.617256,41.882952],[-87.617634,41.882948]]],[[[-87.617551,41.883154],[-87.617482,41.882979],[-87.617549,41.882978],[-87.617551,41.883154]]],[[[-87.617564,41.882977],[-87.617652,41.883167],[-87.617567,41.883168],[-87.617564,41.882977]]],[[[-87.61765,41.883197],[-87.617587,41.883632],[-87.617575,41.883198],[-87.61765,41.883197]]],[[[-87.617566,41.88385],[-87.617491,41.883674],[-87.617562,41.883674],[-87.617566,41.88385]]],[[[-87.617593,41.883937],[-87.617661,41.883658],[-87.617668,41.883935],[-87.617593,41.883937]]],[[[-87.617557,41.884009],[-87.61738,41.88388],[-87.617555,41.883877],[-87.617557,41.884009]]],[[[-87.617509,41.884255],[-87.617667,41.883953],[-87.617668,41.884255],[-87.617509,41.884255]]],[[[-87.617425,41.883156],[-87.617343,41.882981],[-87.617413,41.88298],[-87.617425,41.883156]]],[[[-87.617329,41.88298],[-87.617258,41.883172],[-87.617254,41.88298],[-87.617329,41.88298]]],[[[-87.617328,41.883198],[-87.617262,41.883401],[-87.617257,41.883198],[-87.617328,41.883198]]],[[[-87.617263,41.883425],[-87.61734,41.883633],[-87.617263,41.883634],[-87.617263,41.883425]]],[[[-87.617433,41.883674],[-87.617369,41.883851],[-87.617365,41.883674],[-87.617433,41.883674]]],[[[-87.617346,41.883675],[-87.61727,41.883943],[-87.617264,41.883662],[-87.617346,41.883675]]],[[[-87.617343,41.88404],[-87.617435,41.884257],[-87.617279,41.884258],[-87.617271,41.883959],[-87.617343,41.88404]]]]}},{"type":"Feature","properties":{"name":null},"geometry":{"type":"Polygon","coordinates":[[[-87.62129,41.880594],[-87.621293,41.88075],[-87.621058,41.880753],[-87.621118,41.880387],[-87.62129,41.880594]],[[-87.621096,41.880664],[-87.62122,41.880686],[-87.621255,41.880662],[-87.621096,41.880664]]]}},{"type":"Feature","properties":{"name":"Sir Georg Solti Garden"},"geometry":{"type":"MultiPolygon","coordinates":[[[[-87.624017,41.877175],[-87.6239,41.877111],[-87.624016,41.877109],[-87.624017,41.877175]]],[[[-87.623844,41.877291],[-87.623746,41.877223],[-87.623842,41.877222],[-87.623844,41.877291]]],[[[-87.624019,41.877242],[-87.623908,41.877394],[-87.623904,41.877244],[-87.624019,41.877242]]],[[[-87.623851,41.877637],[-87.623749,41.877315],[-87.623844,41.877315],[-87.623851,41.877637]]],[[[-87.624025,41.877461],[-87.623913,41.877614],[-87.62391,41.877462],[-87.624025,41.877461]]],[[[-87.62375,41.87785],[-87.623852,41.877661],[-87.623856,41.87785],[-87.62375,41.87785]]],[[[-87.624033,41.877835],[-87.623913,41.877681],[-87.62403,41.877679],[-87.624033,41.877835]]],[[[-87.623448,41.878038],[-87.623597,41.877963],[-87.623858,41.877891],[-87.623859,41.878032],[-87.623448,41.878038]]],[[[-87.623924,41.878056],[-87.624035,41.8779],[-87.624041,41.878056],[-87.623924,41.878056]]],[[[-87.623845,41.877175],[-87.623434,41.877138],[-87.623842,41.877132],[-87.623845,41.877175]]],[[[-87.623601,41.877294],[-87.623671,41.877222],[-87.623675,41.877293],[-87.623601,41.877294]]],[[[-87.623525,41.877296],[-87.623431,41.877227],[-87.623523,41.877225],[-87.623525,41.877296]]],[[[-87.623435,41.877321],[-87.623548,41.877642],[-87.62344,41.877643],[-87.623435,41.877321]]],[[[-87.623317,41.877899],[-87.623389,41.877249],[-87.623389,41.877898],[-87.623317,41.877899]]],[[[-87.623549,41.877665],[-87.623444,41.877853],[-87.623441,41.877666],[-87.623549,41.877665]]],[[[-87.6236,41.877853],[-87.623671,41.877889],[-87.623599,41.877892],[-87.6236,41.877853]]],[[[-87.623442,41.878083],[-87.623861,41.878107],[-87.623444,41.878169],[-87.623442,41.878083]]]]}},{"type":"Feature","properties":{"name":null},"geometry":{"type":"Polygon","coordinates":[[[-87.623437,41.873814],[-87.623547,41.873749],[-87.623626,41.873812],[-87.623533,41.87389],[-87.623437,41.873814]],[[-87.623487,41.87379],[-87.62357,41.873851],[-87.623583,41.873801],[-87.623487,41.87379]]]}},{"type":"Feature","properties":{"name":"Spirit of Music Garden"},"geometry":{"type":"MultiPolygon","coordinates":[[[[-87.62367,41.873521],[-87.623619,41.87348],[-87.62367,41.87348],[-87.62367,41.873521]]],[[[-87.623678,41.873666],[-87.62357,41.873628],[-87.623675,41.873613],[-87.623678,41.873666]]],[[[-87.623643,41.87377],[-87.623679,41.873693],[-87.623682,41.87377],[-87.623643,41.87377]]],[[[-87.623475,41.873832],[-87.623583,41.873801],[-87.62357,41.873851],[-87.623475,41.873832]]],[[[-87.623576,41.873908],[-87.623686,41.87394],[-87.623577,41.873941],[-87.623576,41.873908]]],[[[-87.623555,41.873987],[-87.623515,41.87393],[-87.623553,41.87393],[-87.623555,41.873987]]],[[[-87.623579,41.874008],[-87.623632,41.873969],[-87.623634,41.874007],[-87.623579,41.874008]]],[[[-87.623464,41.873524],[-87.623582,41.873483],[-87.623582,41.873522],[-87.623464,41.873524]]],[[[-87.623422,41.873527],[-87.62337,41.873486],[-87.623421,41.873485],[-87.623422,41.873527]]],[[[-87.623367,41.873674],[-87.623481,41.87363],[-87.623483,41.873673],[-87.623367,41.873674]]],[[[-87.62355,41.873708],[-87.623507,41.873651],[-87.623547,41.87365],[-87.62355,41.873708]]],[[[-87.623486,41.873728],[-87.623367,41.8737],[-87.623485,41.873698],[-87.623486,41.873728]]],[[[-87.623423,41.873873],[-87.623375,41.873947],[-87.623372,41.873874],[-87.623423,41.873873]]],[[[-87.623493,41.874009],[-87.623438,41.873972],[-87.623492,41.873972],[-87.623493,41.874009]]]]}},{"type":"Feature","properties":{"name":null},"geometry":{"type":"MultiPolygon","coordinates":[[[[-87.619298,41.874415],[-87.61931,41.8745],[-87.619183,41.874485],[-87.619203,41.874417],[-87.619298,41.874415]],[[-87.619252,41.874435],[-87.619242,41.874486],[-87.619284,41.874465],[-87.619252,41.874435]]],[[[-87.618679,41.87442],[-87.61869,41.874505],[-87.618563,41.874491],[-87.618583,41.874422],[-87.618679,41.87442]],[[-87.618636,41.874441],[-87.618625,41.874492],[-87.618667,41.87447],[-87.618636,41.874441]]]]}},{"type":"Feature","properties":{"name":"Formal Gardens"},"geometry":{"type":"MultiPolygon","coordinates":[[[[-87.623565,41.871014],[-87.623582,41.871184],[-87.623526,41.871014],[-87.623565,41.871014]]],[[[-87.623536,41.871378],[-87.623584,41.871207],[-87.623618,41.871207],[-87.623575,41.871377],[-87.623536,41.871378]]],[[[-87.623574,41.871409],[-87.623591,41.871579],[-87.623535,41.871409],[-87.623574,41.871409]]],[[[-87.623544,41.871774],[-87.623626,41.871602],[-87.623619,41.871697],[-87.623544,41.871774]]],[[[-87.623485,41.871919],[-87.623626,41.871862],[-87.623627,41.871918],[-87.623485,41.871919]]],[[[-87.623588,41.872007],[-87.623604,41.872177],[-87.623548,41.872007],[-87.623588,41.872007]]],[[[-87.623561,41.872276],[-87.623436,41.872087],[-87.623544,41.872087],[-87.623561,41.872276]]],[[[-87.623557,41.872372],[-87.623605,41.872201],[-87.623639,41.8722],[-87.623596,41.872371],[-87.623557,41.872372]]],[[[-87.623597,41.8724],[-87.623614,41.872569],[-87.623558,41.8724],[-87.623597,41.8724]]],[[[-87.623441,41.872679],[-87.623566,41.872495],[-87.623539,41.872699],[-87.623441,41.872679]]],[[[-87.623566,41.872763],[-87.623614,41.872591],[-87.623649,41.872591],[-87.623606,41.872762],[-87.623566,41.872763]]],[[[-87.6234,41.87102],[-87.623353,41.871191],[-87.623318,41.871192],[-87.623361,41.871021],[-87.6234,41.87102]]],[[[-87.623536,41.871282],[-87.62341,41.871093],[-87.623519,41.871093],[-87.623536,41.871282]]],[[[-87.623371,41.871381],[-87.623353,41.871212],[-87.62341,41.871381],[-87.623371,41.871381]]],[[[-87.623415,41.871412],[-87.623333,41.871584],[-87.62334,41.871489],[-87.623415,41.871412]]],[[[-87.623548,41.871678],[-87.623422,41.871488],[-87.623531,41.871488],[-87.623548,41.871678]]],[[[-87.623381,41.871778],[-87.623362,41.871608],[-87.62342,41.871778],[-87.623381,41.871778]]],[[[-87.623426,41.872009],[-87.623344,41.872181],[-87.623351,41.872086],[-87.623426,41.872009]]],[[[-87.623398,41.872373],[-87.62338,41.872203],[-87.623437,41.872372],[-87.623398,41.872373]]],[[[-87.623435,41.872403],[-87.623353,41.872575],[-87.623396,41.872404],[-87.623435,41.872403]]],[[[-87.623405,41.872767],[-87.623387,41.872597],[-87.623445,41.872767],[-87.623405,41.872767]]]]}},{"type":"Feature","properties":{"name":null},"geometry":{"type":"Polygon","coordinates":[[[-87.614392,41.866964],[-87.614172,41.866941],[-87.613718,41.866972],[-87.614054,41.866921],[-87.614392,41.866964]]]}},{"type":"Feature","properties":{"name":"Rotary Centennial Garden"},"geometry":{"type":"MultiPolygon","coordinates":[[[[-87.60765,41.865037],[-87.60764,41.864905],[-87.607675,41.865027],[-87.60765,41.865037]]],[[[-87.607471,41.865077],[-87.607553,41.865022],[-87.607612,41.865049],[-87.607471,41.865077]]],[[[-87.607866,41.865159],[-87.607948,41.865136],[-87.607957,41.86518],[-87.607866,41.865159]]],[[[-87.607816,41.865202],[-87.607769,41.865287],[-87.607761,41.865215],[-87.607816,41.865202]]],[[[-87.607999,41.865401],[-87.607905,41.865203],[-87.608087,41.865282],[-87.607999,41.865401]]]]}},{"type":"Feature","properties":{"name":"Courage"},"geometry":{"type":"MultiPolygon","coordinates":[[[[-87.614013,41.863495],[-87.614009,41.863399],[-87.6141,41.86339],[-87.614013,41.863495]]],[[[-87.614125,41.863488],[-87.614118,41.863398],[-87.614138,41.863418],[-87.614125,41.863488]]]]}},{"type":"Feature","properties":{"name":"Commitment"},"geometry":{"type":"MultiPolygon","coordinates":[[[[-87.614084,41.863789],[-87.614042,41.863799],[-87.613994,41.863748],[-87.614084,41.863789]]],[[[-87.614018,41.863866],[-87.613927,41.86381],[-87.613974,41.863752],[-87.614018,41.863866]]]]}},{"type":"Feature","properties":{"name":"Service"},"geometry":{"type":"MultiPolygon","coordinates":[[[[-87.613896,41.864214],[-87.613887,41.864126],[-87.613982,41.864114],[-87.613896,41.864214]]],[[[-87.614001,41.864208],[-87.613978,41.864182],[-87.614009,41.864132],[-87.614001,41.864208]]]]}},{"type":"Feature","properties":{"name":"Lincoln (Abraham) Park"},"geometry":{"type":"Polygon","coordinates":[[[-87.6139,41.893098],[-87.613865,41.893334],[-87.61212,41.893119],[-87.6139,41.893098]]]}},{"type":"Feature","properties":{"name":"Burnham Park"},"geometry":{"type":"MultiPolygon","coordinates":[[[[-87.61258,41.861],[-87.614742,41.863049],[-87.612702,41.86608],[-87.61258,41.861]]],[[[-87.617787,41.861],[-87.615018,41.862718],[-87.614285,41.861],[-87.617787,41.861]]],[[[-87.614162,41.86612],[-87.613773,41.866247],[-87.614015,41.865196],[-87.614162,41.86612]]],[[[-87.612765,41.866178],[-87.613662,41.866363],[-87.612768,41.866379],[-87.612765,41.866178]]]]}},{"type":"Feature","properties":{"name":"Chicago City Hall Roof Garden"},"geometry":{"type":"MultiPolygon","coordinates":[[[[-87.632199,41.883567],[-87.631709,41.883371],[-87.632199,41.883371],[-87.632199,41.883567]]],[[[-87.632208,41.883717],[-87.632061,41.883584],[-87.632208,41.883584],[-87.632208,41.883717]]],[[[-87.632206,41.883735],[-87.632062,41.88396],[-87.632061,41.883735],[-87.632206,41.883735]]],[[[-87.632059,41.884113],[-87.632205,41.883979],[-87.632206,41.884113],[-87.632059,41.884113]]],[[[-87.631717,41.884327],[-87.632209,41.884128],[-87.632211,41.884324],[-87.631717,41.884327]]]]}},{"type":"Feature","properties":{"name":null},"geometry":{"type":"MultiPolygon","coordinates":[[[[-87.636964,41.886163],[-87.637302,41.88599],[-87.636743,41.886305],[-87.636964,41.886163]]],[[[-87.636497,41.886589],[-87.636726,41.886355],[-87.63702,41.886266],[-87.636497,41.886589]]],[[[-87.63638,41.88667],[-87.636297,41.88659],[-87.63661,41.886404],[-87.63638,41.88667]]]]}},{"type":"Feature","properties":{"name":null},"geometry":{"type":"MultiPolygon","coordinates":[[[[-87.633665,41.880766],[-87.633613,41.880832],[-87.633485,41.880766],[-87.633665,41.880766]]],[[[-87.633481,41.880907],[-87.633585,41.880971],[-87.633502,41.881164],[-87.633481,41.880907]]],[[[-87.633531,41.881179],[-87.633645,41.881189],[-87.633532,41.88119],[-87.633531,41.881179]]]]}},{"type":"Feature","properties":{"name":null},"geometry":{"type":"MultiPolygon","coordinates":[[[[-87.629825,41.880826],[-87.630077,41.880937],[-87.629827,41.88094],[-87.629825,41.880826]]],[[[-87.62955,41.880827],[-87.629739,41.880828],[-87.629742,41.880941],[-87.629552,41.880943],[-87.62955,41.880827]],[[-87.62963,41.880924],[-87.629707,41.880847],[-87.629628,41.880847],[-87.62963,41.880924]]]]}},{"type":"Feature","properties":{"name":null},"geometry":{"type":"MultiPolygon","coordinates":[[[[-87.63565,41.879477],[-87.635439,41.879617],[-87.635438,41.879544],[-87.63565,41.879477]]],[[[-87.635772,41.879623],[-87.635881,41.879478],[-87.635954,41.879622],[-87.635772,41.879623]]],[[[-87.635846,41.879725],[-87.635948,41.879672],[-87.635949,41.879725],[-87.635846,41.879725]]],[[[-87.635888,41.879911],[-87.635632,41.879659],[-87.635887,41.879796],[-87.635888,41.879911]]],[[[-87.635514,41.879713],[-87.635446,41.879891],[-87.635443,41.879714],[-87.635514,41.879713]]]]}},{"type":"Feature","properties":{"name":null},"geometry":{"type":"MultiPolygon","coordinates":[[[[-87.636267,41.878322],[-87.636021,41.878286],[-87.636391,41.878281],[-87.636267,41.878322]]],[[[-87.636171,41.878355],[-87.636094,41.878327],[-87.636243,41.878349],[-87.636171,41.878355]]],[[[-87.636335,41.878352],[-87.63628,41.878335],[-87.636363,41.878358],[-87.636335,41.878352]]],[[[-87.636021,41.878305],[-87.636096,41.878411],[-87.636031,41.87847],[-87.636021,41.878305]]],[[[-87.635474,41.878572],[-87.635533,41.878544],[-87.635694,41.878571],[-87.635474,41.878572]]],[[[-87.635749,41.878548],[-87.63566,41.878411],[-87.635692,41.878347],[-87.635749,41.878548]]],[[[-87.636081,41.878481],[-87.636136,41.878536],[-87.636083,41.878536],[-87.636081,41.878481]]],[[[-87.635688,41.87853],[-87.635642,41.878488],[-87.635639,41.878449],[-87.635688,41.87853]]],[[[-87.636372,41.878387],[-87.636428,41.878636],[-87.63635,41.878624],[-87.636372,41.878387]]]]}},{"type":"Feature","properties":{"name":null},"geometry":{"type":"MultiPolygon","coordinates":[[[[-87.636526,41.87909],[-87.636362,41.878978],[-87.636522,41.878975],[-87.636526,41.87909]]],[[[-87.636363,41.879051],[-87.636528,41.879184],[-87.636331,41.879186],[-87.636363,41.879051]]]]}},{"type":"Feature","properties":{"name":null},"geometry":{"type":"MultiPolygon","coordinates":[[[[-87.635574,41.87832],[-87.635513,41.878292],[-87.635747,41.878288],[-87.635638,41.878413],[-87.635574,41.87832]]],[[[-87.635746,41.878442],[-87.635702,41.878364],[-87.635747,41.878309],[-87.635746,41.878442]]],[[[-87.635645,41.878543],[-87.635518,41.878426],[-87.635554,41.878334],[-87.635645,41.878543]]],[[[-87.636267,41.878322],[-87.636505,41.87828],[-87.636515,41.878728],[-87.636267,41.878322]]],[[[-87.636352,41.878635],[-87.636465,41.878779],[-87.636357,41.878781],[-87.636352,41.878635]]]]}},{"type":"Feature","properties":{"name":"Aqua Lifestyle Garden"},"geometry":{"type":"Polygon","coordinates":[[[-87.619747,41.886702],[-87.619306,41.885904],[-87.620491,41.88589],[-87.6205,41.886609],[-87.620488,41.886651],[-87.62046,41.886684],[-87.619747,41.886702]],[[-87.619845,41.886241],[-87.6197,41.886331],[-87.619854,41.886333],[-87.619845,41.886241]],[[-87.619843,41.886651],[-87.620468,41.886378],[-87.619819,41.886397],[-87.619843,41.886651]]]}},{"type":"Feature","properties":{"name":"Riverbank Grove"},"geometry":{"type":"MultiPolygon","coordinates":[[[[-87.618206,41.88795],[-87.618198,41.887977],[-87.618076,41.887944],[-87.618206,41.88795]]],[[[-87.618225,41.887951],[-87.61846,41.887964],[-87.618449,41.888016],[-87.618225,41.887951]]],[[[-87.61848,41.887964],[-87.61865,41.888039],[-87.61847,41.888019],[-87.61848,41.887964]]],[[[-87.618116,41.887982],[-87.618195,41.888019],[-87.618265,41.888042],[-87.618168,41.88803],[-87.618116,41.887982]]],[[[-87.618289,41.888],[-87.618351,41.888053],[-87.618279,41.888044],[-87.618289,41.888]]],[[[-87.618736,41.888065],[-87.618728,41.887979],[-87.618888,41.888115],[-87.61846,41.888067],[-87.618736,41.888065]]]]}},{"type":"Feature","properties":{"name":null},"geometry":{"type":"MultiPolygon","coordinates":[[[[-87.634257,41.874867],[-87.634773,41.874626],[-87.634146,41.875065],[-87.634257,41.874867]]],[[[-87.634898,41.875312],[-87.634862,41.874665],[-87.634964,41.874641],[-87.634898,41.875312]]]]}},{"type":"Feature","properties":{"name":"Jane Addams Memorial Natural Area"},"geometry":{"type":"Polygon","coordinates":[[[-87.612972,41.893071],[-87.612782,41.892849],[-87.613072,41.892917],[-87.612972,41.893071]]]}},{"type":"Feature","properties":{"name":null},"geometry":{"type":"Polygon","coordinates":[[[-87.61794,41.894912],[-87.617964,41.894355],[-87.620141,41.894348],[-87.62011,41.894911],[-87.61794,41.894912]],[[-87.617994,41.894906],[-87.620088,41.894358],[-87.61798,41.894389],[-87.617994,41.894906]]]}},{"type":"Feature","properties":{"name":null},"geometry":{"type":"MultiPolygon","coordinates":[[[[-87.620191,41.89491],[-87.620099,41.894318],[-87.620169,41.894318],[-87.620191,41.89491]]],[[[-87.6201,41.894872],[-87.61798,41.894389],[-87.620088,41.894358],[-87.6201,41.894872]]],[[[-87.617904,41.894356],[-87.61798,41.894944],[-87.617913,41.894946],[-87.617904,41.894356]]]]}},{"type":"Feature","properties":{"name":"River Esplanade"},"geometry":{"type":"MultiPolygon","coordinates":[[[[-87.622752,41.889204],[-87.621475,41.889265],[-87.620742,41.888862],[-87.622752,41.889204]]],[[[-87.617644,41.888666],[-87.620222,41.889066],[-87.617181,41.888867],[-87.615216,41.889478],[-87.617644,41.888666]]]]}},{"type":"Feature","properties":{"name":"300 North LaSalle Garden"},"geometry":{"type":"MultiPolygon","coordinates":[[[[-87.632834,41.887874],[-87.632755,41.887882],[-87.632755,41.887872],[-87.632834,41.887874]]],[[[-87.633077,41.88791],[-87.63325,41.88789],[-87.633251,41.887909],[-87.633077,41.88791]]],[[[-87.632868,41.887912],[-87.633041,41.887892],[-87.633041,41.88791],[-87.632868,41.887912]]],[[[-87.632772,41.887893],[-87.632835,41.887911],[-87.632772,41.887912],[-87.632772,41.887893]]],[[[-87.632841,41.888022],[-87.632766,41.887968],[-87.633253,41.887976],[-87.6328,41.887979],[-87.632841,41.888022]]],[[[-87.633079,41.888019],[-87.63325,41.887988],[-87.633251,41.888017],[-87.633079,41.888019]]],[[[-87.632859,41.888022],[-87.633048,41.88799],[-87.633049,41.888019],[-87.632859,41.888022]]]]}},{"type":"Feature","properties":{"name":null},"geometry":{"type":"Polygon","coordinates":[[[-87.637389,41.887352],[-87.637119,41.887514],[-87.636624,41.887619],[-87.637148,41.88727],[-87.637389,41.887352]],[[-87.636995,41.887445],[-87.637057,41.887391],[-87.636985,41.887436],[-87.636995,41.887445]],[[-87.637015,41.887465],[-87.637078,41.88741],[-87.637004,41.887454],[-87.637015,41.887465]]]}},{"type":"Feature","properties":{"name":null},"geometry":{"type":"Polygon","coordinates":[[[-87.639178,41.88639],[-87.638911,41.886352],[-87.63883,41.886243],[-87.639088,41.886073],[-87.639178,41.88639]],[[-87.638924,41.886234],[-87.638931,41.886294],[-87.63897,41.886261],[-87.638924,41.886234]]]}},{"type":"Feature","properties":{"name":null},"geometry":{"type":"Polygon","coordinates":[[[-87.639123,41.886427],[-87.639044,41.886545],[-87.638936,41.886391],[-87.639123,41.886427]]]}},{"type":"Feature","properties":{"name":null},"geometry":{"type":"Polygon","coordinates":[[[-87.6393,41.886666],[-87.639331,41.886948],[-87.63909,41.886609],[-87.6393,41.886666]]]}},{"type":"Feature","properties":{"name":"Gold Star Families Park"},"geometry":{"type":"Polygon","coordinates":[[[-87.613445,41.861],[-87.614783,41.862861],[-87.613695,41.864888],[-87.613445,41.861]]]}},{"type":"Feature","properties":{"name":null},"geometry":{"type":"Polygon","coordinates":[[[-87.62341,41.884197],[-87.623031,41.884193],[-87.623027,41.883327],[-87.623318,41.883324],[-87.62341,41.884197]],[[-87.623203,41.884148],[-87.623143,41.884101],[-87.623144,41.884148],[-87.623203,41.884148]]]}},{"type":"Feature","properties":{"name":null},"geometry":{"type":"Polygon","coordinates":[[[-87.622408,41.884178],[-87.622104,41.884033],[-87.622093,41.883599],[-87.622455,41.883591],[-87.622408,41.884178]],[[-87.622299,41.883612],[-87.622279,41.883996],[-87.622308,41.883995],[-87.622299,41.883612]]]}},{"type":"Feature","properties":{"name":null},"geometry":{"type":"Polygon","coordinates":[[[-87.621338,41.8839],[-87.621333,41.883605],[-87.621696,41.883605],[-87.621705,41.884034],[-87.621561,41.884036],[-87.621338,41.8839]],[[-87.621528,41.883625],[-87.621505,41.883982],[-87.621535,41.883982],[-87.621528,41.883625]]]}},{"type":"Feature","properties":{"name":"Connors Park"},"geometry":{"type":"Polygon","coordinates":[[[-87.62676,41.899084],[-87.626874,41.898408],[-87.626883,41.899095],[-87.62676,41.899084]]]}},{"type":"Feature","properties":{"name":"Paul & Gabriella Rosenbaum Garden"},"geometry":{"type":"Polygon","coordinates":[[[-87.623154,41.901],[-87.623634,41.900928],[-87.623679,41.90099],[-87.623154,41.901]]]}},{"type":"Feature","properties":{"name":null},"geometry":{"type":"Polygon","coordinates":[[[-87.623843,41.897463],[-87.623928,41.897259],[-87.624022,41.897268],[-87.623843,41.897463]]]}},{"type":"Feature","properties":{"name":null},"geometry":{"type":"Polygon","coordinates":[[[-87.624009,41.897093],[-87.623828,41.896965],[-87.623823,41.89688],[-87.624006,41.896893],[-87.624009,41.897093]]]}},{"type":"Feature","properties":{"name":null},"geometry":{"type":"Polygon","coordinates":[[[-87.63051,41.899355],[-87.630508,41.899203],[-87.630687,41.89922],[-87.63069,41.899335],[-87.63051,41.899355]],[[-87.630543,41.899307],[-87.630632,41.899242],[-87.63053,41.899253],[-87.630543,41.899307]]]}},{"type":"Feature","properties":{"name":null},"geometry":{"type":"MultiPolygon","coordinates":[[[[-87.627959,41.874652],[-87.627902,41.874739],[-87.627785,41.874654],[-87.627959,41.874652]]],[[[-87.628002,41.874748],[-87.628079,41.874781],[-87.627789,41.874783],[-87.628002,41.874748]]]]}},{"type":"Feature","properties":{"name":null},"geometry":{"type":"Polygon","coordinates":[[[-87.610921,41.892655],[-87.610248,41.892735],[-87.610233,41.892256],[-87.610921,41.892655]]]}},{"type":"Feature","properties":{"name":null},"geometry":{"type":"MultiPolygon","coordinates":[[[[-87.643189,41.893881],[-87.643026,41.893874],[-87.642978,41.893814],[-87.643147,41.893803],[-87.643189,41.893881]]],[[[-87.643204,41.893907],[-87.642989,41.893966],[-87.642984,41.89396],[-87.643204,41.893907]]]]}},{"type":"Feature","properties":{"name":null},"geometry":{"type":"MultiPolygon","coordinates":[[[[-87.608957,41.892209],[-87.609695,41.89221],[-87.608957,41.892221],[-87.608957,41.892209]]],[[[-87.60729,41.892247],[-87.608912,41.892211],[-87.608913,41.892221],[-87.60729,41.892247]]]]}},{"type":"Feature","properties":{"name":"Grant Park"},"geometry":{"type":"MultiPolygon","coordinates":[[[[-87.624052,41.873083],[-87.621797,41.867631],[-87.623947,41.867563],[-87.624052,41.873083]]],[[[-87.624077,41.873262],[-87.623067,41.875521],[-87.623004,41.873253],[-87.624077,41.873262]]],[[[-87.62412,41.874795],[-87.623398,41.875503],[-87.624027,41.874724],[-87.62412,41.874795]]],[[[-87.624148,41.875729],[-87.623467,41.875814],[-87.623386,41.875731],[-87.624148,41.875729]]],[[[-87.62307,41.87566],[-87.623193,41.875827],[-87.623071,41.875841],[-87.62307,41.87566]]],[[[-87.62414,41.875855],[-87.62364,41.876373],[-87.623433,41.875928],[-87.62414,41.875855]]],[[[-87.624107,41.877044],[-87.623128,41.878236],[-87.623073,41.875977],[-87.624107,41.877044]]],[[[-87.620873,41.876046],[-87.622376,41.878248],[-87.62087,41.878248],[-87.620873,41.876046]]],[[[-87.620873,41.878436],[-87.624128,41.880761],[-87.620976,41.880785],[-87.620873,41.878436]]],[[[-87.621028,41.880959],[-87.624174,41.884315],[-87.620833,41.88425],[-87.621028,41.880959]]],[[[-87.620743,41.873114],[-87.622179,41.871087],[-87.622268,41.873124],[-87.620743,41.873114]]],[[[-87.620481,41.873085],[-87.617514,41.869287],[-87.620227,41.86767],[-87.620481,41.873085]]],[[[-87.622272,41.873261],[-87.620841,41.875517],[-87.620756,41.873312],[-87.622272,41.873261]]],[[[-87.620917,41.875626],[-87.620747,41.875684],[-87.620747,41.875567],[-87.620917,41.875626]]],[[[-87.622326,41.875851],[-87.620752,41.875802],[-87.622322,41.87567],[-87.622326,41.875851]]],[[[-87.617448,41.873377],[-87.620513,41.878226],[-87.617594,41.878273],[-87.617448,41.873377]]],[[[-87.620849,41.875975],[-87.620753,41.875928],[-87.620921,41.875938],[-87.620849,41.875975]]],[[[-87.61567,41.868619],[-87.618928,41.865156],[-87.616923,41.869782],[-87.617104,41.881736],[-87.61309,41.884428],[-87.613771,41.888088],[-87.612835,41.883514],[-87.616522,41.88178],[-87.61567,41.868619]]],[[[-87.620623,41.88077],[-87.617596,41.878485],[-87.620514,41.878447],[-87.620623,41.88077]]],[[[-87.620421,41.884253],[-87.614561,41.884322],[-87.620617,41.880991],[-87.620421,41.884253]]]]}},{"type":"Feature","properties":{"name":"Native Garden Demonstration Site"},"geometry":{"type":"MultiPolygon","coordinates":[[[[-87.651709,41.873898],[-87.651758,41.873559],[-87.651767,41.873905],[-87.651709,41.873898]]],[[[-87.651453,41.873736],[-87.651616,41.873883],[-87.651308,41.873837],[-87.651453,41.873736]]]]}},{"type":"Feature","properties":{"name":"Heritage Garden"},"geometry":{"type":"MultiPolygon","coordinates":[[[[-87.648988,41.871683],[-87.649022,41.871657],[-87.649178,41.871654],[-87.649065,41.871743],[-87.648988,41.871683]]],[[[-87.650003,41.87187],[-87.649866,41.871898],[-87.649866,41.871873],[-87.650003,41.87187]]],[[[-87.649746,41.871875],[-87.649609,41.871902],[-87.649608,41.871878],[-87.649746,41.871875]]],[[[-87.648899,41.871914],[-87.648761,41.871892],[-87.648899,41.87189],[-87.648899,41.871914]]],[[[-87.64865,41.871921],[-87.648511,41.871899],[-87.648649,41.871896],[-87.64865,41.871921]]],[[[-87.649024,41.872093],[-87.649017,41.87217],[-87.649015,41.8721],[-87.649024,41.872093]]],[[[-87.649063,41.872261],[-87.649462,41.872267],[-87.649063,41.872272],[-87.649063,41.872261]]],[[[-87.649484,41.87231],[-87.64904,41.872385],[-87.649038,41.872316],[-87.649484,41.87231]]],[[[-87.651758,41.873559],[-87.651767,41.873905],[-87.651487,41.873672],[-87.651758,41.873559]]],[[[-87.651453,41.873736],[-87.651616,41.873883],[-87.651308,41.873837],[-87.651453,41.873736]]]]}},{"type":"Feature","properties":{"name":null},"geometry":{"type":"Polygon","coordinates":[[[-87.635675,41.874571],[-87.635355,41.87469],[-87.635409,41.874567],[-87.635675,41.874571]]]}},{"type":"Feature","properties":{"name":"Union Park"},"geometry":{"type":"MultiPolygon","coordinates":[[[[-87.665246,41.882429],[-87.665906,41.882423],[-87.664951,41.882722],[-87.665246,41.882429]]],[[[-87.666065,41.88253],[-87.664801,41.882978],[-87.663687,41.883931],[-87.664719,41.882918],[-87.666065,41.88253]]],[[[-87.666692,41.883374],[-87.665384,41.885301],[-87.663586,41.884208],[-87.666692,41.883374]]]]}},{"type":"Feature","properties":{"name":null},"geometry":{"type":"Polygon","coordinates":[[[-87.653875,41.876028],[-87.656838,41.876278],[-87.656839,41.876406],[-87.653875,41.876028]]]}},{"type":"Feature","properties":{"name":null},"geometry":{"type":"Polygon","coordinates":[[[-87.614525,41.866909],[-87.61429,41.866911],[-87.614154,41.866893],[-87.614525,41.866909]]]}},{"type":"Feature","properties":{"name":"Mark Twain Park"},"geometry":{"type":"Polygon","coordinates":[[[-87.619941,41.861],[-87.622206,41.861181],[-87.619847,41.86117],[-87.619941,41.861]]]}},{"type":"Feature","properties":{"name":"Eckhart Park"},"geometry":{"type":"Polygon","coordinates":[[[-87.662285,41.896255],[-87.660104,41.897943],[-87.660052,41.896291],[-87.662285,41.896255]]]}},{"type":"Feature","properties":{"name":"Cotton Tail Park"},"geometry":{"type":"Polygon","coordinates":[[[-87.629439,41.862003],[-87.628507,41.862965],[-87.628297,41.86202],[-87.629439,41.862003]]]}},{"type":"Feature","properties":{"name":"Coliseum Park"},"geometry":{"type":"Polygon","coordinates":[[[-87.625817,41.861924],[-87.626544,41.862377],[-87.625826,41.862354],[-87.625817,41.861924]]]}},{"type":"Feature","properties":{"name":"Millennium Park"},"geometry":{"type":"Polygon","coordinates":[[[-87.624189,41.884307],[-87.621004,41.880976],[-87.624158,41.880951],[-87.624189,41.884307]]]}},{"type":"Feature","properties":{"name":null},"geometry":{"type":"Polygon","coordinates":[[[-87.647388,41.867306],[-87.648488,41.868465],[-87.647148,41.868192],[-87.647388,41.867306]]]}},{"type":"Feature","properties":{"name":"Bickerdike Square Park"},"geometry":{"type":"Polygon","coordinates":[[[-87.665485,41.892157],[-87.664018,41.892433],[-87.663985,41.892172],[-87.665485,41.892157]]]}},{"type":"Feature","properties":{"name":"Skinner Park"},"geometry":{"type":"Polygon","coordinates":[[[-87.659481,41.879113],[-87.663969,41.880138],[-87.659513,41.8802],[-87.659481,41.879113]]]}},{"type":"Feature","properties":{"name":"Durso Park"},"geometry":{"type":"Polygon","coordinates":[[[-87.639859,41.897596],[-87.639367,41.898868],[-87.63932,41.897602],[-87.639859,41.897596]]]}},{"type":"Feature","properties":{"name":null},"geometry":{"type":"Polygon","coordinates":[[[-87.620086,41.897392],[-87.619734,41.897075],[-87.620077,41.897069],[-87.620086,41.897392]]]}},{"type":"Feature","properties":{"name":"UIC South Fields"},"geometry":{"type":"Polygon","coordinates":[[[-87.65081,41.86237],[-87.648053,41.866148],[-87.64788,41.862433],[-87.65081,41.86237]]]}},{"type":"Feature","properties":{"name":null},"geometry":{"type":"Polygon","coordinates":[[[-87.653861,41.868892],[-87.652452,41.868374],[-87.654105,41.868571],[-87.653861,41.868892]]]}},{"type":"Feature","properties":{"name":"Pritzker Park"},"geometry":{"type":"Polygon","coordinates":[[[-87.628215,41.8778],[-87.627844,41.877037],[-87.628632,41.877029],[-87.628215,41.8778]]]}},{"type":"Feature","properties":{"name":"Roosevelt Park"},"geometry":{"type":"Polygon","coordinates":[[[-87.630351,41.867565],[-87.629417,41.868625],[-87.629397,41.867551],[-87.630351,41.867565]]]}},{"type":"Feature","properties":{"name":"The Great Lawn"},"geometry":{"type":"Polygon","coordinates":[[[-87.622248,41.882054],[-87.621371,41.882935],[-87.621576,41.881933],[-87.622248,41.882054]]]}},{"type":"Feature","properties":{"name":"Printers Row Park"},"geometry":{"type":"Polygon","coordinates":[[[-87.629332,41.873636],[-87.629524,41.873091],[-87.629554,41.873633],[-87.629332,41.873636]]]}},{"type":"Feature","properties":{"name":"Lurie Garden"},"geometry":{"type":"Polygon","coordinates":[[[-87.6221,41.880978],[-87.621125,41.881789],[-87.62114,41.881156],[-87.6221,41.880978]]]}},{"type":"Feature","properties":{"name":null},"geometry":{"type":"Polygon","coordinates":[[[-87.622844,41.883286],[-87.622585,41.883214],[-87.622875,41.883246],[-87.622844,41.883286]]]}},{"type":"Feature","properties":{"name":null},"geometry":{"type":"Polygon","coordinates":[[[-87.623263,41.883282],[-87.623058,41.883208],[-87.623299,41.883237],[-87.623263,41.883282]]]}},{"type":"Feature","properties":{"name":null},"geometry":{"type":"Polygon","coordinates":[[[-87.624001,41.883272],[-87.623597,41.8832],[-87.624034,41.883225],[-87.624001,41.883272]]]}},{"type":"Feature","properties":{"name":"Washington Square"},"geometry":{"type":"Polygon","coordinates":[[[-87.631242,41.899732],[-87.629927,41.898798],[-87.631223,41.898784],[-87.631242,41.899732]]]}},{"type":"Feature","properties":{"name":"Heritage Green Park"},"geometry":{"type":"Polygon","coordinates":[[[-87.643115,41.879362],[-87.643923,41.879908],[-87.643122,41.87987],[-87.643115,41.879362]]]}},{"type":"Feature","properties":{"name":"Mary Bartelme Park"},"geometry":{"type":"Polygon","coordinates":[[[-87.650709,41.879213],[-87.64974,41.880395],[-87.649696,41.879237],[-87.650709,41.879213]]]}},{"type":"Feature","properties":{"name":null},"geometry":{"type":"Polygon","coordinates":[[[-87.630621,41.878532],[-87.630501,41.87837],[-87.630615,41.878368],[-87.630621,41.878532]]]}},{"type":"Feature","properties":{"name":"Arrigo Park"},"geometry":{"type":"Polygon","coordinates":[[[-87.658164,41.871335],[-87.661602,41.872136],[-87.658114,41.872141],[-87.658164,41.871335]]]}},{"type":"Feature","properties":{"name":"Garibaldi Park"},"geometry":{"type":"Polygon","coordinates":[[[-87.665763,41.872941],[-87.664846,41.871747],[-87.665734,41.871731],[-87.665763,41.872941]]]}},{"type":"Feature","properties":{"name":"Dearborn Park"},"geometry":{"type":"Polygon","coordinates":[[[-87.629505,41.870586],[-87.628639,41.87134],[-87.628679,41.870611],[-87.629505,41.870586]]]}},{"type":"Feature","properties":{"name":"Touhy-Herbert Park"},"geometry":{"type":"Polygon","coordinates":[[[-87.679,41.879934],[-87.677884,41.879364],[-87.679,41.87877],[-87.679,41.879934]]]}},{"type":"Feature","properties":{"name":"Butler Field"},"geometry":{"type":"Polygon","coordinates":[[[-87.617653,41.880803],[-87.620514,41.878447],[-87.620634,41.880759],[-87.617653,41.880803]]]}},{"type":"Feature","properties":{"name":null},"geometry":{"type":"Polygon","coordinates":[[[-87.654555,41.867362],[-87.654223,41.86762],[-87.654216,41.867434],[-87.654555,41.867362]]]}},{"type":"Feature","properties":{"name":"Jane M. Byrne Plaza"},"geometry":{"type":"Polygon","coordinates":[[[-87.624805,41.896817],[-87.624296,41.897494],[-87.624426,41.896821],[-87.624805,41.896817]]]}},{"type":"Feature","properties":{"name":"Seneca Park"},"geometry":{"type":"Polygon","coordinates":[[[-87.621919,41.896849],[-87.622775,41.897561],[-87.621925,41.89757],[-87.621919,41.896849]]]}},{"type":"Feature","properties":{"name":"Lakefront Park"},"geometry":{"type":"MultiPolygon","coordinates":[[[[-87.62384,41.9009],[-87.623848,41.901],[-87.620681,41.901],[-87.62384,41.9009]]],[[[-87.61991,41.901],[-87.619894,41.900971],[-87.619995,41.901],[-87.61991,41.901]]]]}},{"type":"Feature","properties":{"name":"Anne & John Kern Terrace Garden"},"geometry":{"type":"Polygon","coordinates":[[[-87.620879,41.897476],[-87.620213,41.89698],[-87.620867,41.896972],[-87.620879,41.897476]]]}},{"type":"Feature","properties":{"name":"Mary Richardson Jones Park"},"geometry":{"type":"Polygon","coordinates":[[[-87.62934,41.865772],[-87.628583,41.866399],[-87.628562,41.865778],[-87.62934,41.865772]]]}},{"type":"Feature","properties":{"name":null},"geometry":{"type":"Polygon","coordinates":[[[-87.63124,41.875902],[-87.630864,41.875799],[-87.631237,41.875796],[-87.63124,41.875902]]]}},{"type":"Feature","properties":{"name":null},"geometry":{"type":"Polygon","coordinates":[[[-87.645029,41.879347],[-87.645167,41.880429],[-87.645062,41.880432],[-87.645029,41.879347]]]}},{"type":"Feature","properties":{"name":null},"geometry":{"type":"Polygon","coordinates":[[[-87.645132,41.881661],[-87.645031,41.880623],[-87.645176,41.880617],[-87.645132,41.881661]]]}},{"type":"Feature","properties":{"name":null},"geometry":{"type":"Polygon","coordinates":[[[-87.646508,41.881678],[-87.646439,41.880641],[-87.646475,41.880598],[-87.646508,41.881678]]]}},{"type":"Feature","properties":{"name":null},"geometry":{"type":"Polygon","coordinates":[[[-87.643046,41.888197],[-87.641571,41.88893],[-87.641533,41.888181],[-87.643046,41.888197]]]}},{"type":"Feature","properties":{"name":null},"geometry":{"type":"Polygon","coordinates":[[[-87.643356,41.880635],[-87.64278,41.880884],[-87.642775,41.88064],[-87.643356,41.880635]]]}},{"type":"Feature","properties":{"name":null},"geometry":{"type":"Polygon","coordinates":[[[-87.641749,41.877247],[-87.641211,41.877463],[-87.641201,41.877254],[-87.641749,41.877247]]]}},{"type":"Feature","properties":{"name":"Sheridan Park"},"geometry":{"type":"Polygon","coordinates":[[[-87.654344,41.869939],[-87.655369,41.871732],[-87.65428,41.87175],[-87.654344,41.869939]]]}},{"type":"Feature","properties":{"name":null},"geometry":{"type":"Polygon","coordinates":[[[-87.647538,41.87126],[-87.647218,41.871817],[-87.647233,41.871263],[-87.647538,41.87126]]]}},{"type":"Feature","properties":{"name":null},"geometry":{"type":"Polygon","coordinates":[[[-87.647233,41.872037],[-87.647584,41.872521],[-87.64725,41.872524],[-87.647233,41.872037]]]}},{"type":"Feature","properties":{"name":null},"geometry":{"type":"Polygon","coordinates":[[[-87.646445,41.87424],[-87.646883,41.873143],[-87.646927,41.874209],[-87.646445,41.87424]]]}},{"type":"Feature","properties":{"name":"Montgomery Ward Park"},"geometry":{"type":"Polygon","coordinates":[[[-87.643361,41.893757],[-87.642951,41.893831],[-87.641273,41.893107],[-87.643361,41.893757]]]}},{"type":"Feature","properties":{"name":null},"geometry":{"type":"Polygon","coordinates":[[[-87.624675,41.898833],[-87.624531,41.898675],[-87.624674,41.898652],[-87.624675,41.898833]]]}},{"type":"Feature","properties":{"name":null},"geometry":{"type":"Polygon","coordinates":[[[-87.644051,41.874455],[-87.644259,41.874452],[-87.644064,41.874879],[-87.644051,41.874455]]]}},{"type":"Feature","properties":{"name":null},"geometry":{"type":"Polygon","coordinates":[[[-87.644038,41.867444],[-87.643861,41.869052],[-87.643832,41.867356],[-87.644038,41.867444]]]}},{"type":"Feature","properties":{"name":null},"geometry":{"type":"Polygon","coordinates":[[[-87.644926,41.867309],[-87.645057,41.868215],[-87.645019,41.868009],[-87.644926,41.867309]]]}},{"type":"Feature","properties":{"name":null},"geometry":{"type":"Polygon","coordinates":[[[-87.645258,41.879156],[-87.64498,41.878709],[-87.645307,41.87807],[-87.645258,41.879156]]]}},{"type":"Feature","properties":{"name":null},"geometry":{"type":"Polygon","coordinates":[[[-87.623197,41.861511],[-87.622611,41.861078],[-87.623185,41.861],[-87.623197,41.861511]]]}},{"type":"Feature","properties":{"name":null},"geometry":{"type":"Polygon","coordinates":[[[-87.619047,41.864692],[-87.61917,41.864841],[-87.619234,41.864896],[-87.619047,41.864692]]]}},{"type":"Feature","properties":{"name":null},"geometry":{"type":"Polygon","coordinates":[[[-87.620189,41.867384],[-87.619294,41.867323],[-87.619512,41.865154],[-87.620189,41.867384]]]}},{"type":"Feature","properties":{"name":null},"geometry":{"type":"Polygon","coordinates":[[[-87.619453,41.864898],[-87.619176,41.863698],[-87.619489,41.864895],[-87.619453,41.864898]]]}},{"type":"Feature","properties":{"name":null},"geometry":{"type":"Polygon","coordinates":[[[-87.619491,41.866238],[-87.619119,41.865074],[-87.619288,41.865049],[-87.619491,41.866238]]]}},{"type":"Feature","properties":{"name":null},"geometry":{"type":"Polygon","coordinates":[[[-87.619237,41.867499],[-87.619446,41.867567],[-87.619216,41.867516],[-87.619237,41.867499]]]}},{"type":"Feature","properties":{"name":null},"geometry":{"type":"Polygon","coordinates":[[[-87.616472,41.895777],[-87.616646,41.895497],[-87.616669,41.895773],[-87.616472,41.895777]]]}},{"type":"Feature","properties":{"name":null},"geometry":{"type":"Polygon","coordinates":[[[-87.616073,41.895177],[-87.61625,41.895174],[-87.616152,41.895289],[-87.616073,41.895177]]]}},{"type":"Feature","properties":{"name":null},"geometry":{"type":"Polygon","coordinates":[[[-87.616998,41.895754],[-87.616776,41.895772],[-87.616769,41.895575],[-87.616998,41.895754]]]}},{"type":"Feature","properties":{"name":null},"geometry":{"type":"Polygon","coordinates":[[[-87.618504,41.88881],[-87.617869,41.888796],[-87.61789,41.888757],[-87.618504,41.88881]]]}},{"type":"Feature","properties":{"name":null},"geometry":{"type":"Polygon","coordinates":[[[-87.64626,41.881905],[-87.646246,41.883035],[-87.646212,41.883035],[-87.64626,41.881905]]]}},{"type":"Feature","properties":{"name":null},"geometry":{"type":"Polygon","coordinates":[[[-87.645148,41.883033],[-87.645268,41.881918],[-87.64519,41.882997],[-87.645148,41.883033]]]}},{"type":"Feature","properties":{"name":null},"geometry":{"type":"Polygon","coordinates":[[[-87.646563,41.88191],[-87.64632,41.883044],[-87.646504,41.881962],[-87.646563,41.88191]]]}},{"type":"Feature","properties":{"name":"Riverpoint"},"geometry":{"type":"Polygon","coordinates":[[[-87.639253,41.885838],[-87.63914,41.886819],[-87.638253,41.885854],[-87.639253,41.885838]]]}},{"type":"Feature","properties":{"name":null},"geometry":{"type":"Polygon","coordinates":[[[-87.623213,41.885366],[-87.62342,41.885456],[-87.623208,41.885456],[-87.623213,41.885366]]]}},{"type":"Feature","properties":{"name":"Miller Park"},"geometry":{"type":"Polygon","coordinates":[[[-87.65272,41.870537],[-87.652365,41.870406],[-87.652718,41.870402],[-87.65272,41.870537]]]}},{"type":"Feature","properties":{"name":null},"geometry":{"type":"Polygon","coordinates":[[[-87.623701,41.883485],[-87.623932,41.883837],[-87.62369,41.88384],[-87.623701,41.883485]]]}},{"type":"Feature","properties":{"name":"Commercial Club Park"},"geometry":{"type":"Polygon","coordinates":[[[-87.672761,41.89648],[-87.674525,41.896791],[-87.672769,41.896813],[-87.672761,41.89648]]]}},{"type":"Feature","properties":{"name":null},"geometry":{"type":"Polygon","coordinates":[[[-87.661793,41.879138],[-87.660484,41.87979],[-87.660463,41.879163],[-87.661793,41.879138]]]}},{"type":"Feature","properties":{"name":null},"geometry":{"type":"Polygon","coordinates":[[[-87.636234,41.898134],[-87.635783,41.897456],[-87.636219,41.897451],[-87.636234,41.898134]]]}},{"type":"Feature","properties":{"name":"Lake Shore Park"},"geometry":{"type":"Polygon","coordinates":[[[-87.621726,41.896844],[-87.617709,41.897633],[-87.617229,41.896938],[-87.621726,41.896844]]]}},{"type":"Feature","properties":{"name":null},"geometry":{"type":"Polygon","coordinates":[[[-87.669477,41.87876],[-87.669862,41.878429],[-87.669879,41.878752],[-87.669477,41.87876]]]}},{"type":"Feature","properties":{"name":"College of Medicine Courtyard"},"geometry":{"type":"Polygon","coordinates":[[[-87.671717,41.870975],[-87.672708,41.870975],[-87.672719,41.871075],[-87.671717,41.870975]]]}},{"type":"Feature","properties":{"name":null},"geometry":{"type":"Polygon","coordinates":[[[-87.639897,41.898987],[-87.637968,41.900459],[-87.63806,41.899009],[-87.639897,41.898987]]]}},{"type":"Feature","properties":{"name":"Milton Lee Olive Park"},"geometry":{"type":"Polygon","coordinates":[[[-87.609127,41.896218],[-87.612272,41.892871],[-87.610146,41.896202],[-87.609127,41.896218]]]}},{"type":"Feature","properties":{"name":null},"geometry":{"type":"Polygon","coordinates":[[[-87.644018,41.871225],[-87.643924,41.870703],[-87.643997,41.870701],[-87.644018,41.871225]]]}},{"type":"Feature","properties":{"name":null},"geometry":{"type":"Polygon","coordinates":[[[-87.644034,41.87165],[-87.643946,41.871286],[-87.644019,41.871285],[-87.644034,41.87165]]]}},{"type":"Feature","properties":{"name":"Fulton River Park"},"geometry":{"type":"Polygon","coordinates":[[[-87.643016,41.888971],[-87.644193,41.888519],[-87.644208,41.888954],[-87.643016,41.888971]]]}},{"type":"Feature","properties":{"name":"Fosco Park"},"geometry":{"type":"Polygon","coordinates":[[[-87.65675,41.865148],[-87.657708,41.863473],[-87.658764,41.865119],[-87.65675,41.865148]]]}},{"type":"Feature","properties":{"name":"Jane Addams Park"},"geometry":{"type":"Polygon","coordinates":[[[-87.663913,41.86332],[-87.661512,41.861585],[-87.663804,41.861557],[-87.663913,41.86332]]]}},{"type":"Feature","properties":{"name":null},"geometry":{"type":"Polygon","coordinates":[[[-87.666874,41.877203],[-87.667422,41.877528],[-87.666882,41.877535],[-87.666874,41.877203]]]}},{"type":"Feature","properties":{"name":"Maggie Daley Park"},"geometry":{"type":"Polygon","coordinates":[[[-87.620589,41.88098],[-87.617223,41.884463],[-87.614561,41.884322],[-87.620589,41.88098]]]}},{"type":"Feature","properties":{"name":"Chicago + State Park"},"geometry":{"type":"Polygon","coordinates":[[[-87.628082,41.896811],[-87.62792,41.896922],[-87.627757,41.896817],[-87.628082,41.896811]]]}},{"type":"Feature","properties":{"name":null},"geometry":{"type":"Polygon","coordinates":[[[-87.623529,41.876084],[-87.62393,41.87659],[-87.623642,41.876308],[-87.623529,41.876084]]]}},{"type":"Feature","properties":{"name":null},"geometry":{"type":"Polygon","coordinates":[[[-87.623766,41.874988],[-87.623831,41.87517],[-87.623504,41.875406],[-87.623766,41.874988]]]}},{"type":"Feature","properties":{"name":null},"geometry":{"type":"Polygon","coordinates":[[[-87.623684,41.885489],[-87.623831,41.885443],[-87.623812,41.885587],[-87.623684,41.885489]]]}},{"type":"Feature","properties":{"name":"South Garden"},"geometry":{"type":"Polygon","coordinates":[[[-87.623351,41.879039],[-87.624046,41.878413],[-87.624096,41.879012],[-87.623351,41.879039]]]}},{"type":"Feature","properties":{"name":"North Garden"},"geometry":{"type":"Polygon","coordinates":[[[-87.624156,41.880111],[-87.623487,41.880724],[-87.623474,41.880105],[-87.624156,41.880111]]]}},{"type":"Feature","properties":{"name":"Lakeshore East Park"},"geometry":{"type":"Polygon","coordinates":[[[-87.616391,41.886518],[-87.619027,41.885541],[-87.619104,41.88644],[-87.616391,41.886518]]]}},{"type":"Feature","properties":{"name":null},"geometry":{"type":"Polygon","coordinates":[[[-87.621528,41.884728],[-87.621527,41.884756],[-87.621358,41.884843],[-87.621528,41.884728]]]}},{"type":"Feature","properties":{"name":null},"geometry":{"type":"Polygon","coordinates":[[[-87.623104,41.885562],[-87.623753,41.885639],[-87.623105,41.885669],[-87.623104,41.885562]]]}},{"type":"Feature","properties":{"name":"The Garden"},"geometry":{"type":"Polygon","coordinates":[[[-87.625323,41.86968],[-87.625702,41.869375],[-87.625712,41.869644],[-87.625323,41.86968]]]}},{"type":"Feature","properties":{"name":"Harrison Square"},"geometry":{"type":"Polygon","coordinates":[[[-87.67273,41.874181],[-87.671667,41.875045],[-87.671637,41.874213],[-87.67273,41.874181]]]}},{"type":"Feature","properties":{"name":null},"geometry":{"type":"Polygon","coordinates":[[[-87.649577,41.882016],[-87.648674,41.881879],[-87.649573,41.881866],[-87.649577,41.882016]]]}},{"type":"Feature","properties":{"name":"Polk Bros Park"},"geometry":{"type":"Polygon","coordinates":[[[-87.610287,41.892949],[-87.613796,41.890422],[-87.61379,41.891042],[-87.610287,41.892949]]]}},{"type":"Feature","properties":{"name":null},"geometry":{"type":"Polygon","coordinates":[[[-87.661176,41.901],[-87.660702,41.900071],[-87.660643,41.899952],[-87.661176,41.901]]]}},{"type":"Feature","properties":{"name":null},"geometry":{"type":"Polygon","coordinates":[[[-87.658221,41.871218],[-87.656913,41.870421],[-87.658196,41.870402],[-87.658221,41.871218]]]}},{"type":"Feature","properties":{"name":"Piazza Italia di Chicago"},"geometry":{"type":"Polygon","coordinates":[[[-87.662968,41.869764],[-87.662775,41.869397],[-87.662961,41.869394],[-87.662968,41.869764]]]}},{"type":"Feature","properties":{"name":null},"geometry":{"type":"Polygon","coordinates":[[[-87.665696,41.882031],[-87.66575,41.882298],[-87.665416,41.882299],[-87.665696,41.882031]]]}},{"type":"Feature","properties":{"name":null},"geometry":{"type":"Polygon","coordinates":[[[-87.662638,41.877561],[-87.661982,41.876576],[-87.662597,41.876533],[-87.662638,41.877561]]]}},{"type":"Feature","properties":{"name":null},"geometry":{"type":"Polygon","coordinates":[[[-87.663011,41.877999],[-87.662164,41.877861],[-87.663007,41.877894],[-87.663011,41.877999]]]}},{"type":"Feature","properties":{"name":null},"geometry":{"type":"Polygon","coordinates":[[[-87.66803,41.881332],[-87.667023,41.88081],[-87.668023,41.881175],[-87.66803,41.881332]]]}},{"type":"Feature","properties":{"name":null},"geometry":{"type":"Polygon","coordinates":[[[-87.666588,41.881375],[-87.666582,41.881178],[-87.666625,41.881199],[-87.666588,41.881375]]]}},{"type":"Feature","properties":{"name":null},"geometry":{"type":"Polygon","coordinates":[[[-87.669195,41.881886],[-87.668817,41.881539],[-87.669191,41.881538],[-87.669195,41.881886]]]}},{"type":"Feature","properties":{"name":null},"geometry":{"type":"Polygon","coordinates":[[[-87.66916,41.881301],[-87.668171,41.881239],[-87.669155,41.881158],[-87.66916,41.881301]]]}},{"type":"Feature","properties":{"name":null},"geometry":{"type":"Polygon","coordinates":[[[-87.641211,41.901],[-87.642033,41.900518],[-87.642051,41.901],[-87.641211,41.901]]]}},{"type":"Feature","properties":{"name":null},"geometry":{"type":"Polygon","coordinates":[[[-87.65888,41.862587],[-87.658093,41.861683],[-87.658858,41.861666],[-87.65888,41.862587]]]}},{"type":"Feature","properties":{"name":null},"geometry":{"type":"Polygon","coordinates":[[[-87.676034,41.884033],[-87.675369,41.883265],[-87.676126,41.883257],[-87.676034,41.884033]]]}},{"type":"Feature","properties":{"name":null},"geometry":{"type":"Polygon","coordinates":[[[-87.638944,41.901],[-87.637994,41.900536],[-87.638926,41.900522],[-87.638944,41.901]]]}},{"type":"Feature","properties":{"name":"Jesse White Park"},"geometry":{"type":"Polygon","coordinates":[[[-87.639853,41.897349],[-87.638746,41.896678],[-87.639825,41.89662],[-87.639853,41.897349]]]}},{"type":"Feature","properties":{"name":"Chicago Lights Urban Farm"},"geometry":{"type":"Polygon","coordinates":[[[-87.640052,41.896661],[-87.64084,41.897013],[-87.640033,41.897025],[-87.640052,41.896661]]]}},{"type":"Feature","properties":{"name":"Roosevelt Square Farm"},"geometry":{"type":"Polygon","coordinates":[[[-87.662284,41.865999],[-87.661631,41.865639],[-87.662278,41.865636],[-87.662284,41.865999]]]}},{"type":"Feature","properties":{"name":"Honor\u00e9 Park"},"geometry":{"type":"Polygon","coordinates":[[[-87.674044,41.898456],[-87.673548,41.898333],[-87.674038,41.898324],[-87.674044,41.898456]]]}},{"type":"Feature","properties":{"name":"Arvey Field"},"geometry":{"type":"Polygon","coordinates":[[[-87.619949,41.869279],[-87.618551,41.869437],[-87.6178,41.869284],[-87.619949,41.869279]]]}},{"type":"Feature","properties":{"name":null},"geometry":{"type":"Polygon","coordinates":[[[-87.603273,41.895614],[-87.602889,41.896117],[-87.602763,41.895772],[-87.603273,41.895614]]]}},{"type":"Feature","properties":{"name":null},"geometry":{"type":"Polygon","coordinates":[[[-87.603208,41.893462],[-87.602724,41.89387],[-87.602742,41.893574],[-87.603208,41.893462]]]}},{"type":"Feature","properties":{"name":"Peanut Park"},"geometry":{"type":"Polygon","coordinates":[[[-87.61723,41.882546],[-87.615116,41.884308],[-87.614561,41.884322],[-87.61723,41.882546]]]}},{"type":"Feature","properties":{"name":null},"geometry":{"type":"Polygon","coordinates":[[[-87.639334,41.89885],[-87.638817,41.897117],[-87.639258,41.897108],[-87.639334,41.89885]]]}},{"type":"Feature","properties":{"name":null},"geometry":{"type":"Polygon","coordinates":[[[-87.640415,41.894318],[-87.640952,41.894005],[-87.640895,41.89431],[-87.640415,41.894318]]]}},{"type":"Feature","properties":{"name":null},"geometry":{"type":"Polygon","coordinates":[[[-87.640415,41.894318],[-87.640101,41.894021],[-87.640405,41.894016],[-87.640415,41.894318]]]}},{"type":"Feature","properties":{"name":null},"geometry":{"type":"Polygon","coordinates":[[[-87.620479,41.88545],[-87.619235,41.884639],[-87.62047,41.884985],[-87.620479,41.88545]]]}},{"type":"Feature","properties":{"name":null},"geometry":{"type":"Polygon","coordinates":[[[-87.672704,41.883672],[-87.672374,41.883488],[-87.672691,41.883483],[-87.672704,41.883672]]]}},{"type":"Feature","properties":{"name":null},"geometry":{"type":"Polygon","coordinates":[[[-87.618652,41.891951],[-87.618513,41.892167],[-87.618239,41.891957],[-87.618652,41.891951]]]}},{"type":"Feature","properties":{"name":null},"geometry":{"type":"Polygon","coordinates":[[[-87.618482,41.892184],[-87.618252,41.892086],[-87.6182,41.891977],[-87.618482,41.892184]]]}},{"type":"Feature","properties":{"name":"Park No. 578"},"geometry":{"type":"Polygon","coordinates":[[[-87.675368,41.883229],[-87.674364,41.884092],[-87.674314,41.883271],[-87.675368,41.883229]]]}},{"type":"Feature","properties":{"name":null},"geometry":{"type":"Polygon","coordinates":[[[-87.678962,41.881194],[-87.678472,41.880861],[-87.678949,41.880849],[-87.678962,41.881194]]]}},{"type":"Feature","properties":{"name":null},"geometry":{"type":"Polygon","coordinates":[[[-87.673546,41.884998],[-87.672573,41.884686],[-87.673534,41.884668],[-87.673546,41.884998]]]}},{"type":"Feature","properties":{"name":null},"geometry":{"type":"Polygon","coordinates":[[[-87.674166,41.884601],[-87.673528,41.884255],[-87.674153,41.884248],[-87.674166,41.884601]]]}},{"type":"Feature","properties":{"name":null},"geometry":{"type":"Polygon","coordinates":[[[-87.672597,41.884627],[-87.671947,41.884276],[-87.672579,41.884266],[-87.672597,41.884627]]]}},{"type":"Feature","properties":{"name":null},"geometry":{"type":"Polygon","coordinates":[[[-87.673309,41.884074],[-87.672779,41.88372],[-87.673303,41.883709],[-87.673309,41.884074]]]}},{"type":"Feature","properties":{"name":null},"geometry":{"type":"Polygon","coordinates":[[[-87.67374,41.883655],[-87.673418,41.8833],[-87.673789,41.883292],[-87.67374,41.883655]]]}},{"type":"Feature","properties":{"name":null},"geometry":{"type":"Polygon","coordinates":[[[-87.617653,41.893794],[-87.616755,41.893568],[-87.617645,41.893555],[-87.617653,41.893794]]]}},{"type":"Feature","properties":{"name":null},"geometry":{"type":"Polygon","coordinates":[[[-87.642969,41.900353],[-87.642469,41.899529],[-87.642949,41.899522],[-87.642969,41.900353]]]}},{"type":"Feature","properties":{"name":null},"geometry":{"type":"Polygon","coordinates":[[[-87.642438,41.900343],[-87.641956,41.89988],[-87.642419,41.899867],[-87.642438,41.900343]]]}},{"type":"Feature","properties":{"name":null},"geometry":{"type":"Polygon","coordinates":[[[-87.639381,41.901],[-87.640053,41.900562],[-87.640071,41.901],[-87.639381,41.901]]]}},{"type":"Feature","properties":{"name":"North President's Court"},"geometry":{"type":"Polygon","coordinates":[[[-87.622329,41.875988],[-87.62087,41.878248],[-87.620873,41.876046],[-87.622329,41.875988]]]}},{"type":"Feature","properties":{"name":"South President's Court"},"geometry":{"type":"Polygon","coordinates":[[[-87.622272,41.873261],[-87.62081,41.875481],[-87.620784,41.87329],[-87.622272,41.873261]]]}},{"type":"Feature","properties":{"name":null},"geometry":{"type":"Polygon","coordinates":[[[-87.616422,41.886806],[-87.615929,41.886488],[-87.616416,41.886584],[-87.616422,41.886806]]]}},{"type":"Feature","properties":{"name":null},"geometry":{"type":"Polygon","coordinates":[[[-87.646139,41.887904],[-87.645624,41.887461],[-87.646151,41.887477],[-87.646139,41.887904]]]}},{"type":"Feature","properties":{"name":null},"geometry":{"type":"Polygon","coordinates":[[[-87.635259,41.87546],[-87.635346,41.875141],[-87.635618,41.875485],[-87.635259,41.87546]]]}},{"type":"Feature","properties":{"name":null},"geometry":{"type":"Polygon","coordinates":[[[-87.617239,41.886894],[-87.616614,41.886821],[-87.617234,41.886815],[-87.617239,41.886894]]]}},{"type":"Feature","properties":{"name":null},"geometry":{"type":"Polygon","coordinates":[[[-87.620266,41.885073],[-87.620256,41.885362],[-87.620218,41.885362],[-87.620266,41.885073]]]}},{"type":"Feature","properties":{"name":null},"geometry":{"type":"Polygon","coordinates":[[[-87.620179,41.885332],[-87.619672,41.885369],[-87.619664,41.885338],[-87.620179,41.885332]]]}},{"type":"Feature","properties":{"name":null},"geometry":{"type":"Polygon","coordinates":[[[-87.619585,41.885371],[-87.619516,41.885085],[-87.619563,41.885084],[-87.619585,41.885371]]]}},{"type":"Feature","properties":{"name":"Wolf Point Riverwalk"},"geometry":{"type":"Polygon","coordinates":[[[-87.638624,41.888079],[-87.637443,41.887646],[-87.636311,41.887723],[-87.637722,41.887012],[-87.638375,41.887381],[-87.638405,41.887432],[-87.638624,41.888079]]]}},{"type":"Feature","properties":{"name":"Welcome Garden"},"geometry":{"type":"Polygon","coordinates":[[[-87.613938,41.866652],[-87.614214,41.866319],[-87.614264,41.866563],[-87.613938,41.866652]]]}},{"type":"Feature","properties":{"name":"Chicago Riverwalk"},"geometry":{"type":"Polygon","coordinates":[[[-87.614307,41.887937],[-87.635527,41.88722],[-87.624644,41.888627],[-87.614307,41.887937]]]}},{"type":"Feature","properties":{"name":null},"geometry":{"type":"Polygon","coordinates":[[[-87.626576,41.886955],[-87.626525,41.886832],[-87.626842,41.88683],[-87.626576,41.886955]]]}},{"type":"Feature","properties":{"name":"Jane Addams Memorial Park"},"geometry":{"type":"Polygon","coordinates":[[[-87.613471,41.891997],[-87.611815,41.892699],[-87.611361,41.892868],[-87.613471,41.891997]]]}},{"type":"Feature","properties":{"name":null},"geometry":{"type":"Polygon","coordinates":[[[-87.627184,41.864322],[-87.626719,41.86413],[-87.627178,41.864125],[-87.627184,41.864322]]]}},{"type":"Feature","properties":{"name":null},"geometry":{"type":"Polygon","coordinates":[[[-87.646116,41.863672],[-87.645691,41.863939],[-87.645684,41.863678],[-87.646116,41.863672]]]}},{"type":"Feature","properties":{"name":null},"geometry":{"type":"Polygon","coordinates":[[[-87.636873,41.890666],[-87.636462,41.890512],[-87.636869,41.890502],[-87.636873,41.890666]]]}},{"type":"Feature","properties":{"name":null},"geometry":{"type":"Polygon","coordinates":[[[-87.63635,41.900425],[-87.635918,41.899884],[-87.63633,41.899876],[-87.63635,41.900425]]]}},{"type":"Feature","properties":{"name":null},"geometry":{"type":"Polygon","coordinates":[[[-87.659855,41.887142],[-87.65914,41.887457],[-87.659038,41.887153],[-87.659855,41.887142]]]}},{"type":"Feature","properties":{"name":null},"geometry":{"type":"Polygon","coordinates":[[[-87.647053,41.886906],[-87.646985,41.887384],[-87.646729,41.886894],[-87.647053,41.886906]]]}},{"type":"Feature","properties":{"name":null},"geometry":{"type":"Polygon","coordinates":[[[-87.646475,41.887382],[-87.646183,41.887384],[-87.646172,41.886891],[-87.646475,41.887382]]]}},{"type":"Feature","properties":{"name":null},"geometry":{"type":"Polygon","coordinates":[[[-87.646817,41.88629],[-87.646504,41.886276],[-87.646442,41.885789],[-87.646817,41.88629]]]}},{"type":"Feature","properties":{"name":null},"geometry":{"type":"Polygon","coordinates":[[[-87.645748,41.885817],[-87.64573,41.886722],[-87.645497,41.885799],[-87.645748,41.885817]]]}},{"type":"Feature","properties":{"name":null},"geometry":{"type":"Polygon","coordinates":[[[-87.645698,41.885593],[-87.645421,41.885596],[-87.645451,41.88454],[-87.645698,41.885593]]]}},{"type":"Feature","properties":{"name":null},"geometry":{"type":"Polygon","coordinates":[[[-87.64519,41.883282],[-87.645202,41.884221],[-87.645143,41.884222],[-87.64519,41.883282]]]}},{"type":"Feature","properties":{"name":null},"geometry":{"type":"Polygon","coordinates":[[[-87.646304,41.883275],[-87.646285,41.884307],[-87.64626,41.884307],[-87.646304,41.883275]]]}},{"type":"Feature","properties":{"name":null},"geometry":{"type":"Polygon","coordinates":[[[-87.646456,41.883272],[-87.646513,41.884273],[-87.64635,41.884309],[-87.646456,41.883272]]]}},{"type":"Feature","properties":{"name":null},"geometry":{"type":"Polygon","coordinates":[[[-87.646598,41.88517],[-87.646457,41.885585],[-87.646478,41.884628],[-87.646598,41.88517]]]}},{"type":"Feature","properties":{"name":null},"geometry":{"type":"Polygon","coordinates":[[[-87.646376,41.885587],[-87.646291,41.884951],[-87.646382,41.884537],[-87.646376,41.885587]]]}},{"type":"Feature","properties":{"name":null},"geometry":{"type":"Polygon","coordinates":[[[-87.65012,41.890221],[-87.651661,41.890651],[-87.651685,41.891033],[-87.65012,41.890221]]]}},{"type":"Feature","properties":{"name":null},"geometry":{"type":"Polygon","coordinates":[[[-87.650434,41.891045],[-87.649911,41.891049],[-87.649633,41.890444],[-87.650434,41.891045]]]}},{"type":"Feature","properties":{"name":null},"geometry":{"type":"Polygon","coordinates":[[[-87.649509,41.892289],[-87.650818,41.892188],[-87.650171,41.892403],[-87.649509,41.892289]]]}},{"type":"Feature","properties":{"name":null},"geometry":{"type":"Polygon","coordinates":[[[-87.650447,41.892465],[-87.651826,41.891986],[-87.652192,41.892266],[-87.650447,41.892465]]]}},{"type":"Feature","properties":{"name":null},"geometry":{"type":"Polygon","coordinates":[[[-87.651706,41.891259],[-87.655507,41.891801],[-87.65557,41.892252],[-87.651706,41.891259]]]}},{"type":"Feature","properties":{"name":null},"geometry":{"type":"Polygon","coordinates":[[[-87.645163,41.872036],[-87.644992,41.871962],[-87.645007,41.871168],[-87.645163,41.872036]]]}},{"type":"Feature","properties":{"name":null},"geometry":{"type":"Polygon","coordinates":[[[-87.644964,41.873138],[-87.64551,41.87343],[-87.644985,41.873444],[-87.644964,41.873138]]]}},{"type":"Feature","properties":{"name":null},"geometry":{"type":"Polygon","coordinates":[[[-87.651007,41.893265],[-87.650338,41.892831],[-87.652499,41.893331],[-87.651007,41.893265]]]}},{"type":"Feature","properties":{"name":null},"geometry":{"type":"Polygon","coordinates":[[[-87.652266,41.892746],[-87.652528,41.892523],[-87.65408,41.893597],[-87.652266,41.892746]]]}},{"type":"Feature","properties":{"name":null},"geometry":{"type":"Polygon","coordinates":[[[-87.632256,41.871068],[-87.632812,41.870834],[-87.632819,41.871059],[-87.632256,41.871068]]]}},{"type":"Feature","properties":{"name":null},"geometry":{"type":"Polygon","coordinates":[[[-87.628079,41.874781],[-87.627785,41.874654],[-87.628074,41.874651],[-87.628079,41.874781]]]}},{"type":"Feature","properties":{"name":null},"geometry":{"type":"Polygon","coordinates":[[[-87.634013,41.895235],[-87.633744,41.8955],[-87.633738,41.895238],[-87.634013,41.895235]]]}},{"type":"Feature","properties":{"name":null},"geometry":{"type":"Polygon","coordinates":[[[-87.652562,41.897283],[-87.652003,41.896824],[-87.652586,41.896811],[-87.652562,41.897283]]]}},{"type":"Feature","properties":{"name":null},"geometry":{"type":"Polygon","coordinates":[[[-87.617501,41.886654],[-87.617392,41.88683],[-87.617422,41.886624],[-87.617501,41.886654]]]}},{"type":"Feature","properties":{"name":null},"geometry":{"type":"Polygon","coordinates":[[[-87.636836,41.896014],[-87.637019,41.895662],[-87.637028,41.896011],[-87.636836,41.896014]]]}},{"type":"Feature","properties":{"name":null},"geometry":{"type":"Polygon","coordinates":[[[-87.632761,41.889293],[-87.633241,41.88962],[-87.632751,41.889623],[-87.632761,41.889293]]]}},{"type":"Feature","properties":{"name":null},"geometry":{"type":"Polygon","coordinates":[[[-87.644841,41.900917],[-87.645095,41.899872],[-87.64597,41.900135],[-87.644841,41.900917]]]}},{"type":"Feature","properties":{"name":null},"geometry":{"type":"Polygon","coordinates":[[[-87.667377,41.898499],[-87.667367,41.899161],[-87.667344,41.898387],[-87.667377,41.898499]]]}},{"type":"Feature","properties":{"name":null},"geometry":{"type":"Polygon","coordinates":[[[-87.667327,41.897773],[-87.66731,41.897131],[-87.667346,41.897289],[-87.667327,41.897773]]]}},{"type":"Feature","properties":{"name":null},"geometry":{"type":"Polygon","coordinates":[[[-87.667304,41.895531],[-87.667249,41.89554],[-87.667259,41.895423],[-87.667304,41.895531]]]}},{"type":"Feature","properties":{"name":null},"geometry":{"type":"Polygon","coordinates":[[[-87.667171,41.892334],[-87.667147,41.891512],[-87.66718,41.891634],[-87.667171,41.892334]]]}},{"type":"Feature","properties":{"name":null},"geometry":{"type":"Polygon","coordinates":[[[-87.6672,41.892381],[-87.667185,41.892797],[-87.667173,41.892381],[-87.6672,41.892381]]]}},{"type":"Feature","properties":{"name":null},"geometry":{"type":"Polygon","coordinates":[[[-87.667106,41.889043],[-87.667093,41.889541],[-87.667079,41.889043],[-87.667106,41.889043]]]}},{"type":"Feature","properties":{"name":null},"geometry":{"type":"Polygon","coordinates":[[[-87.667023,41.88624],[-87.666997,41.886363],[-87.666949,41.885814],[-87.667023,41.88624]]]}},{"type":"Feature","properties":{"name":null},"geometry":{"type":"Polygon","coordinates":[[[-87.666911,41.884408],[-87.666876,41.884619],[-87.666869,41.884409],[-87.666911,41.884408]]]}},{"type":"Feature","properties":{"name":null},"geometry":{"type":"Polygon","coordinates":[[[-87.666881,41.883449],[-87.666853,41.883841],[-87.666837,41.883449],[-87.666881,41.883449]]]}},{"type":"Feature","properties":{"name":null},"geometry":{"type":"Polygon","coordinates":[[[-87.666754,41.879047],[-87.666734,41.879749],[-87.666712,41.879048],[-87.666754,41.879047]]]}},{"type":"Feature","properties":{"name":null},"geometry":{"type":"Polygon","coordinates":[[[-87.666724,41.878049],[-87.666697,41.87848],[-87.666685,41.877979],[-87.666724,41.878049]]]}},{"type":"Feature","properties":{"name":null},"geometry":{"type":"Polygon","coordinates":[[[-87.666712,41.877485],[-87.666643,41.876506],[-87.666686,41.876505],[-87.666712,41.877485]]]}},{"type":"Feature","properties":{"name":null},"geometry":{"type":"Polygon","coordinates":[[[-87.666596,41.873361],[-87.66655,41.873065],[-87.666588,41.873064],[-87.666596,41.873361]]]}},{"type":"Feature","properties":{"name":null},"geometry":{"type":"Polygon","coordinates":[[[-87.666562,41.872052],[-87.666531,41.872492],[-87.666518,41.87197],[-87.666562,41.872052]]]}},{"type":"Feature","properties":{"name":null},"geometry":{"type":"Polygon","coordinates":[[[-87.666499,41.869792],[-87.666495,41.87121],[-87.666457,41.869715],[-87.666499,41.869792]]]}},{"type":"Feature","properties":{"name":null},"geometry":{"type":"Polygon","coordinates":[[[-87.666448,41.867869],[-87.666428,41.868745],[-87.666428,41.867854],[-87.666448,41.867869]]]}},{"type":"Feature","properties":{"name":null},"geometry":{"type":"Polygon","coordinates":[[[-87.621836,41.867526],[-87.620737,41.867512],[-87.621842,41.867512],[-87.621836,41.867526]]]}},{"type":"Feature","properties":{"name":null},"geometry":{"type":"Polygon","coordinates":[[[-87.62233,41.867491],[-87.621859,41.867492],[-87.62233,41.86745],[-87.62233,41.867491]]]}},{"type":"Feature","properties":{"name":null},"geometry":{"type":"Polygon","coordinates":[[[-87.622815,41.867443],[-87.62391,41.867428],[-87.622815,41.8675],[-87.622815,41.867443]]]}},{"type":"Feature","properties":{"name":null},"geometry":{"type":"Polygon","coordinates":[[[-87.622616,41.867321],[-87.622459,41.865936],[-87.622531,41.865879],[-87.622616,41.867321]]]}},{"type":"Feature","properties":{"name":null},"geometry":{"type":"Polygon","coordinates":[[[-87.62257,41.865206],[-87.622457,41.865698],[-87.622461,41.864285],[-87.62257,41.865206]]]}},{"type":"Feature","properties":{"name":null},"geometry":{"type":"Polygon","coordinates":[[[-87.622452,41.861436],[-87.622437,41.863619],[-87.622422,41.861413],[-87.622452,41.861436]]]}},{"type":"Feature","properties":{"name":null},"geometry":{"type":"Polygon","coordinates":[[[-87.650343,41.867122],[-87.649533,41.867116],[-87.650346,41.867105],[-87.650343,41.867122]]]}},{"type":"Feature","properties":{"name":null},"geometry":{"type":"Polygon","coordinates":[[[-87.648174,41.867155],[-87.649312,41.867119],[-87.649319,41.867135],[-87.648174,41.867155]]]}},{"type":"Feature","properties":{"name":null},"geometry":{"type":"Polygon","coordinates":[[[-87.654965,41.867047],[-87.654238,41.867037],[-87.654968,41.86703],[-87.654965,41.867047]]]}},{"type":"Feature","properties":{"name":null},"geometry":{"type":"Polygon","coordinates":[[[-87.654168,41.867061],[-87.653588,41.867048],[-87.654172,41.867043],[-87.654168,41.867061]]]}},{"type":"Feature","properties":{"name":null},"geometry":{"type":"Polygon","coordinates":[[[-87.658435,41.866992],[-87.657588,41.866985],[-87.658439,41.866976],[-87.658435,41.866992]]]}},{"type":"Feature","properties":{"name":null},"geometry":{"type":"Polygon","coordinates":[[[-87.660744,41.866954],[-87.659801,41.866949],[-87.660747,41.866937],[-87.660744,41.866954]]]}},{"type":"Feature","properties":{"name":null},"geometry":{"type":"Polygon","coordinates":[[[-87.662247,41.86693],[-87.665368,41.866848],[-87.665369,41.866866],[-87.662247,41.86693]]]}},{"type":"Feature","properties":{"name":null},"geometry":{"type":"Polygon","coordinates":[[[-87.668371,41.866859],[-87.668728,41.86683],[-87.668727,41.866864],[-87.668371,41.866859]]]}},{"type":"Feature","properties":{"name":null},"geometry":{"type":"Polygon","coordinates":[[[-87.669508,41.866868],[-87.670152,41.866827],[-87.670152,41.86686],[-87.669508,41.866868]]]}},{"type":"Feature","properties":{"name":null},"geometry":{"type":"Polygon","coordinates":[[[-87.674959,41.86679],[-87.672544,41.86679],[-87.675337,41.866751],[-87.674959,41.86679]]]}},{"type":"Feature","properties":{"name":null},"geometry":{"type":"Polygon","coordinates":[[[-87.676248,41.867294],[-87.676291,41.867635],[-87.676278,41.868628],[-87.676248,41.867294]]]}},{"type":"Feature","properties":{"name":null},"geometry":{"type":"Polygon","coordinates":[[[-87.677813,41.866751],[-87.679,41.8667],[-87.679,41.866735],[-87.677813,41.866751]]]}},{"type":"Feature","properties":{"name":null},"geometry":{"type":"Polygon","coordinates":[[[-87.679,41.866895],[-87.678248,41.866842],[-87.679,41.86683],[-87.679,41.866895]]]}},{"type":"Feature","properties":{"name":null},"geometry":{"type":"Polygon","coordinates":[[[-87.67721,41.866925],[-87.677952,41.866846],[-87.67805,41.866913],[-87.67721,41.866925]]]}},{"type":"Feature","properties":{"name":null},"geometry":{"type":"Polygon","coordinates":[[[-87.676475,41.866934],[-87.676568,41.866865],[-87.677127,41.866926],[-87.676475,41.866934]]]}},{"type":"Feature","properties":{"name":null},"geometry":{"type":"Polygon","coordinates":[[[-87.676466,41.86657],[-87.678339,41.866613],[-87.676466,41.866589],[-87.676466,41.86657]]]}},{"type":"Feature","properties":{"name":null},"geometry":{"type":"Polygon","coordinates":[[[-87.678506,41.866544],[-87.678524,41.866611],[-87.678487,41.866588],[-87.678506,41.866544]]]}},{"type":"Feature","properties":{"name":null},"geometry":{"type":"Polygon","coordinates":[[[-87.678981,41.866537],[-87.679,41.866537],[-87.679,41.866551],[-87.678981,41.866537]]]}},{"type":"Feature","properties":{"name":null},"geometry":{"type":"Polygon","coordinates":[[[-87.669009,41.866737],[-87.668229,41.866691],[-87.66901,41.866723],[-87.669009,41.866737]]]}},{"type":"Feature","properties":{"name":null},"geometry":{"type":"Polygon","coordinates":[[[-87.671233,41.866648],[-87.669355,41.866747],[-87.669291,41.86669],[-87.671233,41.866648]]]}},{"type":"Feature","properties":{"name":null},"geometry":{"type":"Polygon","coordinates":[[[-87.671673,41.866636],[-87.673286,41.866685],[-87.671673,41.866706],[-87.671673,41.866636]]]}},{"type":"Feature","properties":{"name":null},"geometry":{"type":"Polygon","coordinates":[[[-87.673735,41.866679],[-87.673361,41.866683],[-87.673751,41.866611],[-87.673735,41.866679]]]}},{"type":"Feature","properties":{"name":null},"geometry":{"type":"Polygon","coordinates":[[[-87.674661,41.866597],[-87.673863,41.866677],[-87.673839,41.866608],[-87.674661,41.866597]]]}},{"type":"Feature","properties":{"name":null},"geometry":{"type":"Polygon","coordinates":[[[-87.674717,41.866663],[-87.675557,41.866589],[-87.675599,41.866651],[-87.674717,41.866663]]]}},{"type":"Feature","properties":{"name":null},"geometry":{"type":"Polygon","coordinates":[[[-87.676065,41.866582],[-87.67591,41.866648],[-87.675906,41.866584],[-87.676065,41.866582]]]}},{"type":"Feature","properties":{"name":null},"geometry":{"type":"Polygon","coordinates":[[[-87.676015,41.867002],[-87.67609,41.86701],[-87.676085,41.867351],[-87.676015,41.867002]]]}},{"type":"Feature","properties":{"name":null},"geometry":{"type":"Polygon","coordinates":[[[-87.675755,41.867106],[-87.675826,41.866952],[-87.675832,41.867106],[-87.675755,41.867106]]]}},{"type":"Feature","properties":{"name":null},"geometry":{"type":"Polygon","coordinates":[[[-87.675596,41.866991],[-87.674593,41.866967],[-87.675596,41.866953],[-87.675596,41.866991]]]}},{"type":"Feature","properties":{"name":null},"geometry":{"type":"Polygon","coordinates":[[[-87.67459,41.866946],[-87.675058,41.866889],[-87.675647,41.866932],[-87.67459,41.866946]]]}},{"type":"Feature","properties":{"name":null},"geometry":{"type":"Polygon","coordinates":[[[-87.673721,41.866958],[-87.674465,41.866896],[-87.674491,41.866947],[-87.673721,41.866958]]]}},{"type":"Feature","properties":{"name":null},"geometry":{"type":"Polygon","coordinates":[[[-87.672446,41.866992],[-87.673323,41.866913],[-87.673443,41.866979],[-87.672446,41.866992]]]}},{"type":"Feature","properties":{"name":null},"geometry":{"type":"Polygon","coordinates":[[[-87.671571,41.867003],[-87.672246,41.866961],[-87.672244,41.866995],[-87.671571,41.867003]]]}},{"type":"Feature","properties":{"name":null},"geometry":{"type":"Polygon","coordinates":[[[-87.671112,41.867014],[-87.670277,41.866954],[-87.671112,41.866972],[-87.671112,41.867014]]]}},{"type":"Feature","properties":{"name":null},"geometry":{"type":"Polygon","coordinates":[[[-87.669365,41.867036],[-87.66999,41.866958],[-87.670082,41.867025],[-87.669365,41.867036]]]}},{"type":"Feature","properties":{"name":null},"geometry":{"type":"Polygon","coordinates":[[[-87.66907,41.867041],[-87.669281,41.866966],[-87.669297,41.867038],[-87.66907,41.867041]]]}},{"type":"Feature","properties":{"name":null},"geometry":{"type":"Polygon","coordinates":[[[-87.667862,41.867051],[-87.668586,41.866957],[-87.668705,41.867041],[-87.667862,41.867051]]]}},{"type":"Feature","properties":{"name":null},"geometry":{"type":"Polygon","coordinates":[[[-87.666678,41.86707],[-87.667772,41.866944],[-87.667781,41.867053],[-87.666678,41.86707]]]}},{"type":"Feature","properties":{"name":null},"geometry":{"type":"Polygon","coordinates":[[[-87.651825,41.879064],[-87.650869,41.877985],[-87.651791,41.877972],[-87.651825,41.879064]]]}},{"type":"Feature","properties":{"name":null},"geometry":{"type":"Polygon","coordinates":[[[-87.617433,41.883674],[-87.617369,41.883851],[-87.617365,41.883674],[-87.617433,41.883674]]]}},{"type":"Feature","properties":{"name":null},"geometry":{"type":"Polygon","coordinates":[[[-87.617566,41.88385],[-87.617491,41.883674],[-87.617562,41.883674],[-87.617566,41.88385]]]}},{"type":"Feature","properties":{"name":"Daniel Webster Park"},"geometry":{"type":"Polygon","coordinates":[[[-87.621216,41.864215],[-87.622345,41.864685],[-87.621221,41.864692],[-87.621216,41.864215]]]}},{"type":"Feature","properties":{"name":"Bennett Park"},"geometry":{"type":"Polygon","coordinates":[[[-87.617027,41.89174],[-87.615638,41.891213],[-87.617008,41.891168],[-87.617027,41.89174]]]}},{"type":"Feature","properties":{"name":"Arthington Mall"},"geometry":{"type":"Polygon","coordinates":[[[-87.673876,41.870617],[-87.675943,41.870173],[-87.675948,41.87036],[-87.673876,41.870617]]]}},{"type":"Feature","properties":{"name":null},"geometry":{"type":"Polygon","coordinates":[[[-87.607841,41.891228],[-87.607665,41.891341],[-87.607633,41.89133],[-87.607841,41.891228]]]}},{"type":"Feature","properties":{"name":null},"geometry":{"type":"Polygon","coordinates":[[[-87.60766,41.891572],[-87.607455,41.891672],[-87.607315,41.891674],[-87.60766,41.891572]]]}},{"type":"Feature","properties":{"name":null},"geometry":{"type":"Polygon","coordinates":[[[-87.607668,41.891828],[-87.607398,41.891828],[-87.607315,41.891736],[-87.607668,41.891828]]]}},{"type":"Feature","properties":{"name":null},"geometry":{"type":"Polygon","coordinates":[[[-87.607668,41.891828],[-87.607512,41.891894],[-87.60751,41.891828],[-87.607668,41.891828]]]}},{"type":"Feature","properties":{"name":null},"geometry":{"type":"Polygon","coordinates":[[[-87.607447,41.891828],[-87.607205,41.891913],[-87.607295,41.891738],[-87.607447,41.891828]]]}},{"type":"Feature","properties":{"name":null},"geometry":{"type":"Polygon","coordinates":[[[-87.60766,41.891572],[-87.60767,41.891483],[-87.607706,41.891507],[-87.60766,41.891572]]]}},{"type":"Feature","properties":{"name":null},"geometry":{"type":"Polygon","coordinates":[[[-87.60744,41.891513],[-87.607293,41.891672],[-87.607194,41.891502],[-87.60744,41.891513]]]}},{"type":"Feature","properties":{"name":null},"geometry":{"type":"Polygon","coordinates":[[[-87.60755,41.891457],[-87.607283,41.89139],[-87.607655,41.891382],[-87.60755,41.891457]]]}},{"type":"Feature","properties":{"name":null},"geometry":{"type":"Polygon","coordinates":[[[-87.607278,41.891347],[-87.607081,41.891235],[-87.607299,41.891335],[-87.607278,41.891347]]]}},{"type":"Feature","properties":{"name":null},"geometry":{"type":"Polygon","coordinates":[[[-87.606757,41.891395],[-87.606485,41.891467],[-87.606279,41.891399],[-87.606757,41.891395]]]}},{"type":"Feature","properties":{"name":null},"geometry":{"type":"Polygon","coordinates":[[[-87.606668,41.891354],[-87.606552,41.891305],[-87.606792,41.891249],[-87.606668,41.891354]]]}},{"type":"Feature","properties":{"name":null},"geometry":{"type":"Polygon","coordinates":[[[-87.606474,41.891308],[-87.60636,41.891261],[-87.606595,41.89125],[-87.606474,41.891308]]]}},{"type":"Feature","properties":{"name":null},"geometry":{"type":"Polygon","coordinates":[[[-87.607048,41.891442],[-87.607061,41.891333],[-87.607143,41.891418],[-87.607048,41.891442]]]}},{"type":"Feature","properties":{"name":null},"geometry":{"type":"Polygon","coordinates":[[[-87.607088,41.891983],[-87.606387,41.89205],[-87.606386,41.891993],[-87.607088,41.891983]]]}},{"type":"Feature","properties":{"name":null},"geometry":{"type":"Polygon","coordinates":[[[-87.634837,41.87544],[-87.634319,41.8753],[-87.634206,41.875065],[-87.634837,41.87544]]]}},{"type":"Feature","properties":{"name":null},"geometry":{"type":"Polygon","coordinates":[[[-87.634883,41.874572],[-87.633841,41.875401],[-87.633855,41.874607],[-87.634883,41.874572]]]}},{"type":"Feature","properties":{"name":null},"geometry":{"type":"Polygon","coordinates":[[[-87.63427,41.876028],[-87.634062,41.875951],[-87.634839,41.875823],[-87.63427,41.876028]]]}},{"type":"Feature","properties":{"name":null},"geometry":{"type":"Polygon","coordinates":[[[-87.633822,41.875749],[-87.633866,41.875869],[-87.633827,41.876424],[-87.633822,41.875749]]]}},{"type":"Feature","properties":{"name":null},"geometry":{"type":"Polygon","coordinates":[[[-87.634261,41.876239],[-87.634353,41.876255],[-87.634583,41.87635],[-87.634261,41.876239]]]}},{"type":"Feature","properties":{"name":null},"geometry":{"type":"Polygon","coordinates":[[[-87.634887,41.876023],[-87.635014,41.875826],[-87.635018,41.876236],[-87.634887,41.876023]]]}},{"type":"Feature","properties":{"name":null},"geometry":{"type":"Polygon","coordinates":[[[-87.634583,41.87635],[-87.634207,41.876419],[-87.634207,41.876385],[-87.634583,41.87635]]]}},{"type":"Feature","properties":{"name":"The Boardwalk - Confluence"},"geometry":{"type":"Polygon","coordinates":[[[-87.636873,41.886189],[-87.637342,41.885987],[-87.635612,41.886993],[-87.636873,41.886189]]]}},{"type":"Feature","properties":{"name":"The Jetty"},"geometry":{"type":"Polygon","coordinates":[[[-87.634171,41.887032],[-87.635527,41.88722],[-87.634313,41.887157],[-87.634119,41.887253],[-87.634171,41.887032]]]}},{"type":"Feature","properties":{"name":"The Water Plaza"},"geometry":{"type":"Polygon","coordinates":[[[-87.632755,41.887034],[-87.632806,41.887154],[-87.632664,41.887256],[-87.632755,41.887034]]]}},{"type":"Feature","properties":{"name":"The River Theater"},"geometry":{"type":"Polygon","coordinates":[[[-87.631158,41.887242],[-87.632245,41.887032],[-87.63235,41.887256],[-87.631158,41.887242]]]}},{"type":"Feature","properties":{"name":"The Cove"},"geometry":{"type":"Polygon","coordinates":[[[-87.630892,41.887247],[-87.629751,41.887033],[-87.630826,41.887031],[-87.630892,41.887247]]]}},{"type":"Feature","properties":{"name":"The Marina"},"geometry":{"type":"Polygon","coordinates":[[[-87.629386,41.887284],[-87.628204,41.887033],[-87.629332,41.887033],[-87.629386,41.887284]]]}},{"type":"Feature","properties":{"name":null},"geometry":{"type":"Polygon","coordinates":[[[-87.678025,41.870114],[-87.678144,41.870178],[-87.678019,41.87018],[-87.678025,41.870114]]]}},{"type":"Feature","properties":{"name":null},"geometry":{"type":"Polygon","coordinates":[[[-87.677557,41.87029],[-87.677257,41.870466],[-87.67725,41.870277],[-87.677557,41.87029]]]}},{"type":"Feature","properties":{"name":null},"geometry":{"type":"Polygon","coordinates":[[[-87.672554,41.881151],[-87.672482,41.880719],[-87.672595,41.880703],[-87.672554,41.881151]]]}},{"type":"Feature","properties":{"name":null},"geometry":{"type":"Polygon","coordinates":[[[-87.672454,41.880295],[-87.672548,41.88065],[-87.672384,41.88038],[-87.672454,41.880295]]]}},{"type":"Feature","properties":{"name":null},"geometry":{"type":"Polygon","coordinates":[[[-87.671911,41.880668],[-87.671885,41.880241],[-87.671941,41.880584],[-87.671911,41.880668]]]}},{"type":"Feature","properties":{"name":null},"geometry":{"type":"Polygon","coordinates":[[[-87.671887,41.881142],[-87.671911,41.881121],[-87.67244,41.881234],[-87.671887,41.881142]]]}},{"type":"Feature","properties":{"name":null},"geometry":{"type":"Polygon","coordinates":[[[-87.62254,41.890102],[-87.622195,41.890005],[-87.622537,41.889999],[-87.62254,41.890102]]]}},{"type":"Feature","properties":{"name":null},"geometry":{"type":"Polygon","coordinates":[[[-87.623202,41.890182],[-87.623003,41.890098],[-87.623265,41.890056],[-87.623202,41.890182]]]}},{"type":"Feature","properties":{"name":null},"geometry":{"type":"Polygon","coordinates":[[[-87.622791,41.889978],[-87.623327,41.889933],[-87.622797,41.890083],[-87.622791,41.889978]]]}},{"type":"Feature","properties":{"name":null},"geometry":{"type":"Polygon","coordinates":[[[-87.62234,41.890196],[-87.62265,41.89013],[-87.622653,41.890191],[-87.62234,41.890196]]]}},{"type":"Feature","properties":{"name":null},"geometry":{"type":"Polygon","coordinates":[[[-87.623716,41.890162],[-87.623397,41.890034],[-87.623713,41.889948],[-87.623716,41.890162]]]}},{"type":"Feature","properties":{"name":null},"geometry":{"type":"Polygon","coordinates":[[[-87.623709,41.889897],[-87.623422,41.88998],[-87.623709,41.889882],[-87.623709,41.889897]]]}},{"type":"Feature","properties":{"name":null},"geometry":{"type":"Polygon","coordinates":[[[-87.622416,41.889462],[-87.622557,41.88966],[-87.622517,41.889661],[-87.622416,41.889462]]]}},{"type":"Feature","properties":{"name":null},"geometry":{"type":"Polygon","coordinates":[[[-87.627642,41.887113],[-87.627271,41.887198],[-87.627228,41.887099],[-87.627642,41.887113]]]}},{"type":"Feature","properties":{"name":null},"geometry":{"type":"Polygon","coordinates":[[[-87.627722,41.887233],[-87.62729,41.887227],[-87.627718,41.887139],[-87.627722,41.887233]]]}},{"type":"Feature","properties":{"name":null},"geometry":{"type":"Polygon","coordinates":[[[-87.625431,41.888415],[-87.625126,41.888552],[-87.624927,41.888583],[-87.625431,41.888415]]]}},{"type":"Feature","properties":{"name":null},"geometry":{"type":"Polygon","coordinates":[[[-87.624239,41.888546],[-87.623993,41.88841],[-87.624288,41.888477],[-87.624239,41.888546]]]}},{"type":"Feature","properties":{"name":null},"geometry":{"type":"Polygon","coordinates":[[[-87.624211,41.88857],[-87.623882,41.888561],[-87.623798,41.88849],[-87.624211,41.88857]]]}},{"type":"Feature","properties":{"name":null},"geometry":{"type":"Polygon","coordinates":[[[-87.623491,41.888508],[-87.623608,41.888456],[-87.62374,41.888505],[-87.623491,41.888508]]]}},{"type":"Feature","properties":{"name":null},"geometry":{"type":"Polygon","coordinates":[[[-87.62334,41.888511],[-87.622922,41.888446],[-87.623443,41.888447],[-87.62334,41.888511]]]}},{"type":"Feature","properties":{"name":null},"geometry":{"type":"Polygon","coordinates":[[[-87.622887,41.888446],[-87.622458,41.888493],[-87.622469,41.888426],[-87.622887,41.888446]]]}},{"type":"Feature","properties":{"name":null},"geometry":{"type":"Polygon","coordinates":[[[-87.622314,41.888478],[-87.621988,41.888377],[-87.622426,41.888422],[-87.622314,41.888478]]]}},{"type":"Feature","properties":{"name":null},"geometry":{"type":"Polygon","coordinates":[[[-87.62184,41.888436],[-87.621694,41.888336],[-87.621954,41.888373],[-87.62184,41.888436]]]}},{"type":"Feature","properties":{"name":null},"geometry":{"type":"Polygon","coordinates":[[[-87.610351,41.889898],[-87.610351,41.889952],[-87.610115,41.889883],[-87.610351,41.889898]]]}},{"type":"Feature","properties":{"name":null},"geometry":{"type":"Polygon","coordinates":[[[-87.610349,41.890101],[-87.610352,41.890152],[-87.610125,41.890174],[-87.610349,41.890101]]]}},{"type":"Feature","properties":{"name":null},"geometry":{"type":"Polygon","coordinates":[[[-87.610477,41.890133],[-87.609928,41.890267],[-87.60962,41.890204],[-87.610477,41.890133]]]}},{"type":"Feature","properties":{"name":null},"geometry":{"type":"Polygon","coordinates":[[[-87.609951,41.889796],[-87.609895,41.889851],[-87.609627,41.889881],[-87.609951,41.889796]]]}},{"type":"Feature","properties":{"name":null},"geometry":{"type":"Polygon","coordinates":[[[-87.610342,41.890001],[-87.609652,41.890158],[-87.609651,41.889921],[-87.610342,41.890001]]]}},{"type":"Feature","properties":{"name":null},"geometry":{"type":"Polygon","coordinates":[[[-87.611094,41.890067],[-87.610668,41.889966],[-87.611099,41.889964],[-87.611094,41.890067]]]}},{"type":"Feature","properties":{"name":null},"geometry":{"type":"Polygon","coordinates":[[[-87.611058,41.889748],[-87.610984,41.889878],[-87.610563,41.88977],[-87.611058,41.889748]]]}},{"type":"Feature","properties":{"name":null},"geometry":{"type":"Polygon","coordinates":[[[-87.611095,41.889819],[-87.610572,41.889948],[-87.610568,41.889828],[-87.611095,41.889819]]]}},{"type":"Feature","properties":{"name":null},"geometry":{"type":"Polygon","coordinates":[[[-87.610495,41.889911],[-87.610142,41.889763],[-87.610308,41.889783],[-87.610495,41.889911]]]}},{"type":"Feature","properties":{"name":null},"geometry":{"type":"Polygon","coordinates":[[[-87.611092,41.890085],[-87.61058,41.890196],[-87.610577,41.890094],[-87.611092,41.890085]]]}},{"type":"Feature","properties":{"name":null},"geometry":{"type":"Polygon","coordinates":[[[-87.611029,41.890151],[-87.610585,41.890283],[-87.61058,41.890196],[-87.611029,41.890151]]]}},{"type":"Feature","properties":{"name":null},"geometry":{"type":"Polygon","coordinates":[[[-87.60962,41.890204],[-87.609786,41.890343],[-87.609607,41.890615],[-87.60962,41.890204]]]}},{"type":"Feature","properties":{"name":null},"geometry":{"type":"Polygon","coordinates":[[[-87.61046,41.890183],[-87.610218,41.890336],[-87.610199,41.890307],[-87.61046,41.890183]]]}},{"type":"Feature","properties":{"name":null},"geometry":{"type":"Polygon","coordinates":[[[-87.609823,41.890353],[-87.609799,41.890683],[-87.609688,41.890605],[-87.609823,41.890353]]]}},{"type":"Feature","properties":{"name":null},"geometry":{"type":"Polygon","coordinates":[[[-87.611104,41.88966],[-87.609769,41.88975],[-87.609726,41.889666],[-87.611104,41.88966]]]}},{"type":"Feature","properties":{"name":null},"geometry":{"type":"Polygon","coordinates":[[[-87.611375,41.889807],[-87.611205,41.889936],[-87.611178,41.889808],[-87.611375,41.889807]]]}},{"type":"Feature","properties":{"name":null},"geometry":{"type":"Polygon","coordinates":[[[-87.611201,41.890486],[-87.61135,41.890578],[-87.611422,41.890797],[-87.611201,41.890486]]]}},{"type":"Feature","properties":{"name":null},"geometry":{"type":"Polygon","coordinates":[[[-87.611332,41.890111],[-87.611388,41.890287],[-87.611411,41.890653],[-87.611332,41.890111]]]}},{"type":"Feature","properties":{"name":null},"geometry":{"type":"Polygon","coordinates":[[[-87.611256,41.89065],[-87.611287,41.890827],[-87.611221,41.890664],[-87.611256,41.89065]]]}},{"type":"Feature","properties":{"name":null},"geometry":{"type":"Polygon","coordinates":[[[-87.611077,41.890471],[-87.610587,41.890344],[-87.610586,41.89032],[-87.611077,41.890471]]]}},{"type":"Feature","properties":{"name":null},"geometry":{"type":"Polygon","coordinates":[[[-87.610469,41.889756],[-87.610493,41.889877],[-87.610142,41.889763],[-87.610469,41.889756]]]}},{"type":"Feature","properties":{"name":null},"geometry":{"type":"Polygon","coordinates":[[[-87.60977,41.890753],[-87.609622,41.890819],[-87.609617,41.890755],[-87.60977,41.890753]]]}},{"type":"Feature","properties":{"name":null},"geometry":{"type":"Polygon","coordinates":[[[-87.609875,41.890706],[-87.60996,41.890528],[-87.610178,41.890391],[-87.609875,41.890706]]]}},{"type":"Feature","properties":{"name":null},"geometry":{"type":"Polygon","coordinates":[[[-87.610346,41.891069],[-87.610165,41.890707],[-87.610514,41.890546],[-87.610346,41.891069]]]}},{"type":"Feature","properties":{"name":null},"geometry":{"type":"Polygon","coordinates":[[[-87.611006,41.891062],[-87.610779,41.890747],[-87.610593,41.890542],[-87.610982,41.890753],[-87.611006,41.891062]]]}},{"type":"Feature","properties":{"name":null},"geometry":{"type":"Polygon","coordinates":[[[-87.610753,41.891032],[-87.610704,41.890706],[-87.610743,41.890773],[-87.610753,41.891032]]]}},{"type":"Feature","properties":{"name":null},"geometry":{"type":"Polygon","coordinates":[[[-87.607123,41.891933],[-87.607134,41.891523],[-87.607214,41.891662],[-87.607123,41.891933]]]}},{"type":"Feature","properties":{"name":null},"geometry":{"type":"Polygon","coordinates":[[[-87.607601,41.89199],[-87.60751,41.892033],[-87.607301,41.892034],[-87.607601,41.89199]]]}},{"type":"Feature","properties":{"name":null},"geometry":{"type":"Polygon","coordinates":[[[-87.609822,41.891237],[-87.609841,41.891222],[-87.609853,41.891586],[-87.609822,41.891237]]]}},{"type":"Feature","properties":{"name":null},"geometry":{"type":"Polygon","coordinates":[[[-87.604761,41.892278],[-87.604761,41.892286],[-87.60116,41.892335],[-87.604761,41.892278]]]}},{"type":"Feature","properties":{"name":null},"geometry":{"type":"Polygon","coordinates":[[[-87.604815,41.892286],[-87.606182,41.892255],[-87.606183,41.892264],[-87.604815,41.892286]]]}},{"type":"Feature","properties":{"name":null},"geometry":{"type":"Polygon","coordinates":[[[-87.621876,41.890025],[-87.621704,41.889849],[-87.62187,41.889846],[-87.621876,41.890025]]]}},{"type":"Feature","properties":{"name":null},"geometry":{"type":"Polygon","coordinates":[[[-87.611045,41.891483],[-87.610789,41.89113],[-87.611007,41.891143],[-87.611045,41.891483]]]}},{"type":"Feature","properties":{"name":null},"geometry":{"type":"Polygon","coordinates":[[[-87.610346,41.891136],[-87.610102,41.8915],[-87.610096,41.891141],[-87.610346,41.891136]]]}},{"type":"Feature","properties":{"name":null},"geometry":{"type":"Polygon","coordinates":[[[-87.61076,41.891489],[-87.610385,41.891178],[-87.61075,41.891174],[-87.61076,41.891489]]]}},{"type":"Feature","properties":{"name":null},"geometry":{"type":"Polygon","coordinates":[[[-87.620312,41.876029],[-87.620172,41.876186],[-87.620165,41.87603],[-87.620312,41.876029]]]}},{"type":"Feature","properties":{"name":null},"geometry":{"type":"Polygon","coordinates":[[[-87.620299,41.875384],[-87.620154,41.875544],[-87.620169,41.87537],[-87.620299,41.875384]]]}},{"type":"Feature","properties":{"name":null},"geometry":{"type":"Polygon","coordinates":[[[-87.620145,41.875305],[-87.620289,41.87505],[-87.620261,41.875316],[-87.620145,41.875305]]]}},{"type":"Feature","properties":{"name":null},"geometry":{"type":"Polygon","coordinates":[[[-87.620134,41.874975],[-87.620278,41.874721],[-87.62025,41.874986],[-87.620134,41.874975]]]}},{"type":"Feature","properties":{"name":null},"geometry":{"type":"Polygon","coordinates":[[[-87.620176,41.876518],[-87.62032,41.876263],[-87.620293,41.876528],[-87.620176,41.876518]]]}},{"type":"Feature","properties":{"name":null},"geometry":{"type":"Polygon","coordinates":[[[-87.620187,41.87686],[-87.62033,41.876605],[-87.620303,41.876871],[-87.620187,41.87686]]]}},{"type":"Feature","properties":{"name":null},"geometry":{"type":"Polygon","coordinates":[[[-87.617717,41.874863],[-87.617621,41.87477],[-87.617711,41.874761],[-87.617717,41.874863]]]}},{"type":"Feature","properties":{"name":null},"geometry":{"type":"Polygon","coordinates":[[[-87.617629,41.875174],[-87.617722,41.874932],[-87.617702,41.875189],[-87.617629,41.875174]]]}},{"type":"Feature","properties":{"name":null},"geometry":{"type":"Polygon","coordinates":[[[-87.617636,41.875369],[-87.617728,41.875245],[-87.617709,41.875382],[-87.617636,41.875369]]]}},{"type":"Feature","properties":{"name":null},"geometry":{"type":"Polygon","coordinates":[[[-87.613252,41.884427],[-87.613252,41.884515],[-87.613197,41.88447],[-87.613252,41.884427]]]}},{"type":"Feature","properties":{"name":null},"geometry":{"type":"Polygon","coordinates":[[[-87.621241,41.875827],[-87.620991,41.875721],[-87.621238,41.875719],[-87.621241,41.875827]]]}},{"type":"Feature","properties":{"name":null},"geometry":{"type":"Polygon","coordinates":[[[-87.621943,41.875816],[-87.621747,41.875712],[-87.621941,41.87571],[-87.621943,41.875816]]]}},{"type":"Feature","properties":{"name":null},"geometry":{"type":"Polygon","coordinates":[[[-87.621711,41.875821],[-87.621513,41.875716],[-87.62171,41.875713],[-87.621711,41.875821]]]}},{"type":"Feature","properties":{"name":null},"geometry":{"type":"Polygon","coordinates":[[[-87.62147,41.875822],[-87.621278,41.875719],[-87.621469,41.875717],[-87.62147,41.875822]]]}},{"type":"Feature","properties":{"name":"Congress Triangle Garden"},"geometry":{"type":"Polygon","coordinates":[[[-87.62399,41.875735],[-87.623589,41.875698],[-87.62399,41.875726],[-87.62399,41.875735]]]}},{"type":"Feature","properties":{"name":null},"geometry":{"type":"Polygon","coordinates":[[[-87.62166,41.876705],[-87.621415,41.876771],[-87.621416,41.876701],[-87.62166,41.876705]]]}},{"type":"Feature","properties":{"name":null},"geometry":{"type":"Polygon","coordinates":[[[-87.621792,41.876701],[-87.621686,41.876545],[-87.621789,41.876523],[-87.621792,41.876701]]]}},{"type":"Feature","properties":{"name":null},"geometry":{"type":"Polygon","coordinates":[[[-87.621792,41.876507],[-87.621682,41.876363],[-87.621787,41.876334],[-87.621792,41.876507]]]}},{"type":"Feature","properties":{"name":null},"geometry":{"type":"Polygon","coordinates":[[[-87.621619,41.876345],[-87.621408,41.876271],[-87.621619,41.876268],[-87.621619,41.876345]]]}},{"type":"Feature","properties":{"name":null},"geometry":{"type":"Polygon","coordinates":[[[-87.621241,41.876345],[-87.621359,41.876495],[-87.621248,41.876516],[-87.621241,41.876345]]]}},{"type":"Feature","properties":{"name":null},"geometry":{"type":"Polygon","coordinates":[[[-87.621249,41.876536],[-87.621366,41.876679],[-87.621257,41.876706],[-87.621249,41.876536]]]}},{"type":"Feature","properties":{"name":null},"geometry":{"type":"Polygon","coordinates":[[[-87.621312,41.874867],[-87.621225,41.875035],[-87.621221,41.874867],[-87.621312,41.874867]]]}},{"type":"Feature","properties":{"name":null},"geometry":{"type":"Polygon","coordinates":[[[-87.621647,41.875028],[-87.621734,41.874861],[-87.621739,41.875026],[-87.621647,41.875028]]]}},{"type":"Feature","properties":{"name":null},"geometry":{"type":"Polygon","coordinates":[[[-87.620102,41.883594],[-87.620095,41.883494],[-87.620187,41.883369],[-87.620102,41.883594]]]}},{"type":"Feature","properties":{"name":null},"geometry":{"type":"Polygon","coordinates":[[[-87.620175,41.881965],[-87.620073,41.882032],[-87.620085,41.881951],[-87.620175,41.881965]]]}},{"type":"Feature","properties":{"name":null},"geometry":{"type":"Polygon","coordinates":[[[-87.618861,41.881971],[-87.61932,41.881776],[-87.619303,41.8819],[-87.618861,41.881971]]]}},{"type":"Feature","properties":{"name":null},"geometry":{"type":"Polygon","coordinates":[[[-87.618644,41.881855],[-87.618567,41.881998],[-87.618511,41.881917],[-87.618644,41.881855]]]}},{"type":"Feature","properties":{"name":null},"geometry":{"type":"Polygon","coordinates":[[[-87.617969,41.881979],[-87.618384,41.882171],[-87.618027,41.882074],[-87.617969,41.881979]]]}},{"type":"Feature","properties":{"name":null},"geometry":{"type":"Polygon","coordinates":[[[-87.617886,41.88206],[-87.617873,41.881895],[-87.618022,41.88184],[-87.617886,41.88206]]]}},{"type":"Feature","properties":{"name":null},"geometry":{"type":"Polygon","coordinates":[[[-87.617796,41.881974],[-87.617985,41.88209],[-87.617802,41.882192],[-87.617796,41.881974]]]}},{"type":"Feature","properties":{"name":null},"geometry":{"type":"Polygon","coordinates":[[[-87.618814,41.883631],[-87.618696,41.883567],[-87.618653,41.88344],[-87.618814,41.883631]]]}},{"type":"Feature","properties":{"name":null},"geometry":{"type":"Polygon","coordinates":[[[-87.619986,41.883169],[-87.619948,41.883197],[-87.619495,41.883318],[-87.619335,41.883267],[-87.619986,41.883169]]]}},{"type":"Feature","properties":{"name":null},"geometry":{"type":"Polygon","coordinates":[[[-87.619569,41.883542],[-87.619607,41.883589],[-87.619539,41.883773],[-87.619466,41.883825],[-87.619569,41.883542]]]}},{"type":"Feature","properties":{"name":null},"geometry":{"type":"Polygon","coordinates":[[[-87.619868,41.883597],[-87.619715,41.883855],[-87.619627,41.88364],[-87.619868,41.883597]]]}},{"type":"Feature","properties":{"name":null},"geometry":{"type":"Polygon","coordinates":[[[-87.619731,41.884002],[-87.619597,41.883811],[-87.619761,41.883961],[-87.619731,41.884002]]]}},{"type":"Feature","properties":{"name":null},"geometry":{"type":"Polygon","coordinates":[[[-87.61908,41.883838],[-87.619123,41.883882],[-87.618902,41.883936],[-87.618863,41.883919],[-87.61908,41.883838]]]}},{"type":"Feature","properties":{"name":null},"geometry":{"type":"Polygon","coordinates":[[[-87.619245,41.883778],[-87.618819,41.883819],[-87.618917,41.883618],[-87.618754,41.883394],[-87.618826,41.88325],[-87.619245,41.883778]]]}},{"type":"Feature","properties":{"name":null},"geometry":{"type":"Polygon","coordinates":[[[-87.619256,41.883342],[-87.619651,41.883395],[-87.619265,41.883399],[-87.619256,41.883342]]]}},{"type":"Feature","properties":{"name":null},"geometry":{"type":"Polygon","coordinates":[[[-87.618559,41.883985],[-87.618604,41.88388],[-87.618775,41.883981],[-87.618559,41.883985]]]}},{"type":"Feature","properties":{"name":null},"geometry":{"type":"Polygon","coordinates":[[[-87.618636,41.883642],[-87.618293,41.883753],[-87.618379,41.883578],[-87.618636,41.883642]]]}},{"type":"Feature","properties":{"name":null},"geometry":{"type":"Polygon","coordinates":[[[-87.618516,41.882551],[-87.618747,41.882418],[-87.618927,41.882026],[-87.618871,41.882365],[-87.618516,41.882551]]]}},{"type":"Feature","properties":{"name":null},"geometry":{"type":"Polygon","coordinates":[[[-87.618423,41.88224],[-87.618748,41.882185],[-87.61878,41.882355],[-87.618423,41.88224]]]}},{"type":"Feature","properties":{"name":null},"geometry":{"type":"Polygon","coordinates":[[[-87.617668,41.883935],[-87.617577,41.883673],[-87.617661,41.883658],[-87.617668,41.883935]]]}},{"type":"Feature","properties":{"name":null},"geometry":{"type":"Polygon","coordinates":[[[-87.617488,41.884037],[-87.617668,41.884255],[-87.617509,41.884255],[-87.617488,41.884037]]]}},{"type":"Feature","properties":{"name":null},"geometry":{"type":"Polygon","coordinates":[[[-87.617435,41.884257],[-87.617271,41.883959],[-87.617342,41.883959],[-87.617435,41.884257]]]}},{"type":"Feature","properties":{"name":null},"geometry":{"type":"Polygon","coordinates":[[[-87.617264,41.883662],[-87.617341,41.883943],[-87.61727,41.883943],[-87.617264,41.883662]]]}},{"type":"Feature","properties":{"name":null},"geometry":{"type":"Polygon","coordinates":[[[-87.617587,41.883632],[-87.61765,41.883197],[-87.617661,41.883631],[-87.617587,41.883632]]]}},{"type":"Feature","properties":{"name":null},"geometry":{"type":"Polygon","coordinates":[[[-87.617551,41.883154],[-87.617482,41.882979],[-87.617549,41.882978],[-87.617551,41.883154]]]}},{"type":"Feature","properties":{"name":null},"geometry":{"type":"Polygon","coordinates":[[[-87.617425,41.883156],[-87.617343,41.882981],[-87.617413,41.88298],[-87.617425,41.883156]]]}},{"type":"Feature","properties":{"name":null},"geometry":{"type":"Polygon","coordinates":[[[-87.617652,41.883167],[-87.617564,41.882977],[-87.617655,41.882976],[-87.617652,41.883167]]]}},{"type":"Feature","properties":{"name":null},"geometry":{"type":"Polygon","coordinates":[[[-87.617329,41.88298],[-87.617258,41.883172],[-87.617254,41.88298],[-87.617329,41.88298]]]}},{"type":"Feature","properties":{"name":null},"geometry":{"type":"Polygon","coordinates":[[[-87.617334,41.8834],[-87.617257,41.883198],[-87.617328,41.883198],[-87.617334,41.8834]]]}},{"type":"Feature","properties":{"name":null},"geometry":{"type":"Polygon","coordinates":[[[-87.617334,41.883425],[-87.617263,41.883634],[-87.617263,41.883425],[-87.617334,41.883425]]]}},{"type":"Feature","properties":{"name":null},"geometry":{"type":"Polygon","coordinates":[[[-87.617634,41.882948],[-87.617438,41.882865],[-87.617256,41.882952],[-87.617634,41.882948]]]}},{"type":"Feature","properties":{"name":null},"geometry":{"type":"Polygon","coordinates":[[[-87.617557,41.884009],[-87.61738,41.88388],[-87.617555,41.883877],[-87.617557,41.884009]]]}},{"type":"Feature","properties":{"name":null},"geometry":{"type":"Polygon","coordinates":[[[-87.62336,41.883324],[-87.623475,41.883406],[-87.623415,41.88354],[-87.62336,41.883324]]]}},{"type":"Feature","properties":{"name":null},"geometry":{"type":"Polygon","coordinates":[[[-87.623973,41.882163],[-87.623569,41.882091],[-87.624011,41.882116],[-87.623973,41.882163]]]}},{"type":"Feature","properties":{"name":null},"geometry":{"type":"Polygon","coordinates":[[[-87.623236,41.882173],[-87.62303,41.882099],[-87.623271,41.882128],[-87.623236,41.882173]]]}},{"type":"Feature","properties":{"name":null},"geometry":{"type":"Polygon","coordinates":[[[-87.622828,41.882178],[-87.622491,41.882107],[-87.622858,41.882139],[-87.622828,41.882178]]]}},{"type":"Feature","properties":{"name":null},"geometry":{"type":"Polygon","coordinates":[[[-87.623204,41.881119],[-87.623321,41.881774],[-87.623209,41.881776],[-87.623204,41.881119]]]}},{"type":"Feature","properties":{"name":null},"geometry":{"type":"Polygon","coordinates":[[[-87.623758,41.880513],[-87.623657,41.880224],[-87.62375,41.880223],[-87.623758,41.880513]]]}},{"type":"Feature","properties":{"name":null},"geometry":{"type":"Polygon","coordinates":[[[-87.62392,41.880233],[-87.623842,41.880368],[-87.623833,41.880252],[-87.62392,41.880233]]]}},{"type":"Feature","properties":{"name":null},"geometry":{"type":"Polygon","coordinates":[[[-87.624126,41.88022],[-87.624016,41.88056],[-87.624005,41.88022],[-87.624126,41.88022]]]}},{"type":"Feature","properties":{"name":null},"geometry":{"type":"Polygon","coordinates":[[[-87.623474,41.880105],[-87.62352,41.88018],[-87.623482,41.880451],[-87.623474,41.880105]]]}},{"type":"Feature","properties":{"name":null},"geometry":{"type":"Polygon","coordinates":[[[-87.623926,41.880567],[-87.623568,41.880649],[-87.623568,41.880571],[-87.623926,41.880567]]]}},{"type":"Feature","properties":{"name":null},"geometry":{"type":"Polygon","coordinates":[[[-87.624064,41.878556],[-87.623934,41.878766],[-87.62393,41.878558],[-87.624064,41.878556]]]}},{"type":"Feature","properties":{"name":null},"geometry":{"type":"Polygon","coordinates":[[[-87.623935,41.878831],[-87.624095,41.878968],[-87.623937,41.878971],[-87.623935,41.878831]]]}},{"type":"Feature","properties":{"name":null},"geometry":{"type":"Polygon","coordinates":[[[-87.623133,41.878564],[-87.623928,41.878414],[-87.62393,41.878485],[-87.623133,41.878564]]]}},{"type":"Feature","properties":{"name":null},"geometry":{"type":"Polygon","coordinates":[[[-87.623454,41.878717],[-87.623342,41.878562],[-87.623448,41.878561],[-87.623454,41.878717]]]}},{"type":"Feature","properties":{"name":null},"geometry":{"type":"Polygon","coordinates":[[[-87.623351,41.879039],[-87.623459,41.878891],[-87.623463,41.879037],[-87.623351,41.879039]]]}},{"type":"Feature","properties":{"name":null},"geometry":{"type":"Polygon","coordinates":[[[-87.624348,41.879718],[-87.624417,41.88069],[-87.624319,41.880692],[-87.624348,41.879718]]]}},{"type":"Feature","properties":{"name":null},"geometry":{"type":"Polygon","coordinates":[[[-87.621245,41.880277],[-87.621113,41.88008],[-87.621239,41.880079],[-87.621245,41.880277]]]}},{"type":"Feature","properties":{"name":null},"geometry":{"type":"Polygon","coordinates":[[[-87.622005,41.880746],[-87.62139,41.880701],[-87.622005,41.880691],[-87.622005,41.880746]]]}},{"type":"Feature","properties":{"name":"Pritzker Garden"},"geometry":{"type":"Polygon","coordinates":[[[-87.622083,41.880292],[-87.62138,41.880133],[-87.622079,41.880126],[-87.622083,41.880292]]]}},{"type":"Feature","properties":{"name":null},"geometry":{"type":"Polygon","coordinates":[[[-87.623328,41.876377],[-87.623333,41.876899],[-87.623277,41.876379],[-87.623328,41.876377]]]}},{"type":"Feature","properties":{"name":null},"geometry":{"type":"Polygon","coordinates":[[[-87.624019,41.877242],[-87.623908,41.877394],[-87.623904,41.877244],[-87.624019,41.877242]]]}},{"type":"Feature","properties":{"name":null},"geometry":{"type":"Polygon","coordinates":[[[-87.624025,41.877461],[-87.623913,41.877614],[-87.62391,41.877462],[-87.624025,41.877461]]]}},{"type":"Feature","properties":{"name":null},"geometry":{"type":"Polygon","coordinates":[[[-87.62403,41.877679],[-87.623918,41.877835],[-87.623913,41.877681],[-87.62403,41.877679]]]}},{"type":"Feature","properties":{"name":null},"geometry":{"type":"Polygon","coordinates":[[[-87.624035,41.8779],[-87.623924,41.878056],[-87.623919,41.877901],[-87.624035,41.8779]]]}},{"type":"Feature","properties":{"name":null},"geometry":{"type":"Polygon","coordinates":[[[-87.623442,41.878083],[-87.623775,41.878141],[-87.623444,41.878169],[-87.623442,41.878083]]]}},{"type":"Feature","properties":{"name":null},"geometry":{"type":"Polygon","coordinates":[[[-87.623858,41.877891],[-87.623448,41.878038],[-87.623445,41.877893],[-87.623858,41.877891]]]}},{"type":"Feature","properties":{"name":null},"geometry":{"type":"Polygon","coordinates":[[[-87.623856,41.87785],[-87.623746,41.877663],[-87.623852,41.877661],[-87.623856,41.87785]]]}},{"type":"Feature","properties":{"name":null},"geometry":{"type":"Polygon","coordinates":[[[-87.623851,41.877637],[-87.623749,41.877315],[-87.623844,41.877315],[-87.623851,41.877637]]]}},{"type":"Feature","properties":{"name":null},"geometry":{"type":"Polygon","coordinates":[[[-87.623842,41.877132],[-87.623436,41.877183],[-87.623434,41.877138],[-87.623842,41.877132]]]}},{"type":"Feature","properties":{"name":null},"geometry":{"type":"Polygon","coordinates":[[[-87.623435,41.877321],[-87.623548,41.877642],[-87.62344,41.877643],[-87.623435,41.877321]]]}},{"type":"Feature","properties":{"name":null},"geometry":{"type":"Polygon","coordinates":[[[-87.623441,41.877666],[-87.623553,41.877852],[-87.623444,41.877853],[-87.623441,41.877666]]]}},{"type":"Feature","properties":{"name":"Sir Georg Solti Garden"},"geometry":{"type":"Polygon","coordinates":[[[-87.623403,41.877834],[-87.623341,41.877164],[-87.62337,41.877164],[-87.623403,41.877834]]]}},{"type":"Feature","properties":{"name":null},"geometry":{"type":"Polygon","coordinates":[[[-87.623212,41.877533],[-87.623161,41.87815],[-87.623113,41.877534],[-87.623212,41.877533]]]}},{"type":"Feature","properties":{"name":null},"geometry":{"type":"Polygon","coordinates":[[[-87.624423,41.884],[-87.62434,41.883474],[-87.624461,41.883996],[-87.624423,41.884]]]}},{"type":"Feature","properties":{"name":null},"geometry":{"type":"Polygon","coordinates":[[[-87.62442,41.88297],[-87.624461,41.882652],[-87.624471,41.882969],[-87.62442,41.88297]]]}},{"type":"Feature","properties":{"name":null},"geometry":{"type":"Polygon","coordinates":[[[-87.624382,41.883039],[-87.62433,41.882762],[-87.624373,41.882725],[-87.624382,41.883039]]]}},{"type":"Feature","properties":{"name":null},"geometry":{"type":"Polygon","coordinates":[[[-87.623228,41.874568],[-87.623289,41.875113],[-87.623244,41.875108],[-87.623228,41.874568]]]}},{"type":"Feature","properties":{"name":null},"geometry":{"type":"Polygon","coordinates":[[[-87.623267,41.876554],[-87.623079,41.876311],[-87.623178,41.876309],[-87.623267,41.876554]]]}},{"type":"Feature","properties":{"name":null},"geometry":{"type":"Polygon","coordinates":[[[-87.62315,41.875189],[-87.623031,41.874522],[-87.623134,41.87452],[-87.62315,41.875189]]]}},{"type":"Feature","properties":{"name":null},"geometry":{"type":"Polygon","coordinates":[[[-87.623258,41.873442],[-87.62322,41.874358],[-87.623201,41.873442],[-87.623258,41.873442]]]}},{"type":"Feature","properties":{"name":null},"geometry":{"type":"Polygon","coordinates":[[[-87.623132,41.874412],[-87.623005,41.873295],[-87.623093,41.873294],[-87.623132,41.874412]]]}},{"type":"Feature","properties":{"name":"Lower Hutchinson Field"},"geometry":{"type":"Polygon","coordinates":[[[-87.618038,41.872801],[-87.619693,41.869977],[-87.619758,41.872779],[-87.618038,41.872801]]]}},{"type":"Feature","properties":{"name":null},"geometry":{"type":"Polygon","coordinates":[[[-87.619119,41.867669],[-87.618855,41.868132],[-87.61861,41.868087],[-87.619119,41.867669]]]}},{"type":"Feature","properties":{"name":null},"geometry":{"type":"Polygon","coordinates":[[[-87.620171,41.867875],[-87.620175,41.867994],[-87.619882,41.867887],[-87.620171,41.867875]]]}},{"type":"Feature","properties":{"name":null},"geometry":{"type":"Polygon","coordinates":[[[-87.618705,41.868212],[-87.618838,41.868353],[-87.618685,41.868275],[-87.618705,41.868212]]]}},{"type":"Feature","properties":{"name":null},"geometry":{"type":"Polygon","coordinates":[[[-87.618632,41.868328],[-87.618579,41.868487],[-87.618568,41.868356],[-87.618632,41.868328]]]}},{"type":"Feature","properties":{"name":null},"geometry":{"type":"Polygon","coordinates":[[[-87.618473,41.868617],[-87.618383,41.868331],[-87.618499,41.868363],[-87.618473,41.868617]]]}},{"type":"Feature","properties":{"name":null},"geometry":{"type":"Polygon","coordinates":[[[-87.620126,41.868572],[-87.620264,41.868456],[-87.620259,41.868555],[-87.620126,41.868572]]]}},{"type":"Feature","properties":{"name":null},"geometry":{"type":"Polygon","coordinates":[[[-87.620012,41.868683],[-87.6202,41.868715],[-87.620258,41.868963],[-87.620012,41.868683]]]}},{"type":"Feature","properties":{"name":null},"geometry":{"type":"Polygon","coordinates":[[[-87.620071,41.868899],[-87.619962,41.868999],[-87.619945,41.868948],[-87.620071,41.868899]]]}},{"type":"Feature","properties":{"name":null},"geometry":{"type":"Polygon","coordinates":[[[-87.618795,41.867573],[-87.618366,41.868054],[-87.618315,41.868029],[-87.618795,41.867573]]]}},{"type":"Feature","properties":{"name":null},"geometry":{"type":"Polygon","coordinates":[[[-87.61825,41.868176],[-87.617171,41.869777],[-87.61715,41.871517],[-87.61825,41.868176]]]}},{"type":"Feature","properties":{"name":null},"geometry":{"type":"Polygon","coordinates":[[[-87.617994,41.868131],[-87.617613,41.868119],[-87.617916,41.868043],[-87.617994,41.868131]]]}},{"type":"Feature","properties":{"name":null},"geometry":{"type":"Polygon","coordinates":[[[-87.617841,41.867733],[-87.61766,41.86801],[-87.617647,41.867977],[-87.617841,41.867733]]]}},{"type":"Feature","properties":{"name":null},"geometry":{"type":"Polygon","coordinates":[[[-87.618218,41.867886],[-87.618031,41.867682],[-87.6186,41.867477],[-87.618218,41.867886]]]}},{"type":"Feature","properties":{"name":null},"geometry":{"type":"Polygon","coordinates":[[[-87.618464,41.867154],[-87.618297,41.867504],[-87.618317,41.867235],[-87.618464,41.867154]]]}},{"type":"Feature","properties":{"name":null},"geometry":{"type":"Polygon","coordinates":[[[-87.6181,41.867223],[-87.618196,41.86746],[-87.617985,41.867591],[-87.6181,41.867223]]]}},{"type":"Feature","properties":{"name":null},"geometry":{"type":"Polygon","coordinates":[[[-87.619415,41.867289],[-87.619306,41.86735],[-87.61936,41.867177],[-87.619415,41.867289]]]}},{"type":"Feature","properties":{"name":null},"geometry":{"type":"Polygon","coordinates":[[[-87.619992,41.867368],[-87.620189,41.867384],[-87.619999,41.867385],[-87.619992,41.867368]]]}},{"type":"Feature","properties":{"name":null},"geometry":{"type":"Polygon","coordinates":[[[-87.620722,41.867895],[-87.620832,41.868241],[-87.620754,41.868559],[-87.620722,41.867895]]]}},{"type":"Feature","properties":{"name":null},"geometry":{"type":"Polygon","coordinates":[[[-87.621448,41.869326],[-87.621004,41.86918],[-87.620859,41.867927],[-87.621448,41.869326]]]}},{"type":"Feature","properties":{"name":null},"geometry":{"type":"Polygon","coordinates":[[[-87.620744,41.869042],[-87.621092,41.868784],[-87.620926,41.869047],[-87.620744,41.869042]]]}},{"type":"Feature","properties":{"name":"Upper Hutchinson Field"},"geometry":{"type":"Polygon","coordinates":[[[-87.62208,41.871577],[-87.62094,41.873],[-87.620905,41.871593],[-87.62208,41.871577]]]}},{"type":"Feature","properties":{"name":null},"geometry":{"type":"Polygon","coordinates":[[[-87.621201,41.869409],[-87.621068,41.869516],[-87.620998,41.869496],[-87.621201,41.869409]]]}},{"type":"Feature","properties":{"name":null},"geometry":{"type":"Polygon","coordinates":[[[-87.621042,41.869361],[-87.620956,41.869378],[-87.620877,41.869149],[-87.621042,41.869361]]]}},{"type":"Feature","properties":{"name":null},"geometry":{"type":"Polygon","coordinates":[[[-87.623897,41.869369],[-87.623685,41.869277],[-87.623895,41.869272],[-87.623897,41.869369]]]}},{"type":"Feature","properties":{"name":null},"geometry":{"type":"Polygon","coordinates":[[[-87.623632,41.869374],[-87.623355,41.869286],[-87.62363,41.869278],[-87.623632,41.869374]]]}},{"type":"Feature","properties":{"name":null},"geometry":{"type":"Polygon","coordinates":[[[-87.623551,41.871655],[-87.623409,41.871508],[-87.623482,41.87147],[-87.623551,41.871655]]]}},{"type":"Feature","properties":{"name":null},"geometry":{"type":"Polygon","coordinates":[[[-87.623539,41.87126],[-87.623398,41.871112],[-87.623471,41.871075],[-87.623539,41.87126]]]}},{"type":"Feature","properties":{"name":null},"geometry":{"type":"Polygon","coordinates":[[[-87.623565,41.872253],[-87.623423,41.872106],[-87.623496,41.872068],[-87.623565,41.872253]]]}},{"type":"Feature","properties":{"name":null},"geometry":{"type":"Polygon","coordinates":[[[-87.623574,41.872646],[-87.623433,41.872499],[-87.623506,41.872462],[-87.623574,41.872646]]]}},{"type":"Feature","properties":{"name":null},"geometry":{"type":"Polygon","coordinates":[[[-87.623115,41.869574],[-87.623176,41.870193],[-87.623131,41.870228],[-87.623115,41.869574]]]}},{"type":"Feature","properties":{"name":null},"geometry":{"type":"Polygon","coordinates":[[[-87.622868,41.869244],[-87.623027,41.868795],[-87.622957,41.869302],[-87.622868,41.869244]]]}},{"type":"Feature","properties":{"name":null},"geometry":{"type":"Polygon","coordinates":[[[-87.623085,41.868774],[-87.623161,41.868807],[-87.623111,41.869102],[-87.623085,41.868774]]]}},{"type":"Feature","properties":{"name":null},"geometry":{"type":"Polygon","coordinates":[[[-87.62291,41.86938],[-87.622973,41.869788],[-87.622918,41.869788],[-87.62291,41.86938]]]}},{"type":"Feature","properties":{"name":null},"geometry":{"type":"Polygon","coordinates":[[[-87.616399,41.868155],[-87.616251,41.868265],[-87.616053,41.868168],[-87.616399,41.868155]]]}},{"type":"Feature","properties":{"name":null},"geometry":{"type":"Polygon","coordinates":[[[-87.617216,41.867213],[-87.61697,41.867438],[-87.616925,41.867216],[-87.617216,41.867213]]]}},{"type":"Feature","properties":{"name":null},"geometry":{"type":"Polygon","coordinates":[[[-87.617187,41.867475],[-87.617062,41.867557],[-87.61697,41.867478],[-87.617187,41.867475]]]}},{"type":"Feature","properties":{"name":null},"geometry":{"type":"Polygon","coordinates":[[[-87.616236,41.86799],[-87.616144,41.868079],[-87.616125,41.867989],[-87.616236,41.86799]]]}},{"type":"Feature","properties":{"name":null},"geometry":{"type":"Polygon","coordinates":[[[-87.615701,41.867781],[-87.615128,41.867633],[-87.615696,41.867675],[-87.615701,41.867781]]]}},{"type":"Feature","properties":{"name":null},"geometry":{"type":"Polygon","coordinates":[[[-87.61562,41.867384],[-87.615125,41.867548],[-87.615121,41.867393],[-87.61562,41.867384]]]}},{"type":"Feature","properties":{"name":null},"geometry":{"type":"Polygon","coordinates":[[[-87.617473,41.865498],[-87.617243,41.865661],[-87.617229,41.865484],[-87.617473,41.865498]]]}},{"type":"Feature","properties":{"name":null},"geometry":{"type":"Polygon","coordinates":[[[-87.616813,41.865663],[-87.616619,41.865503],[-87.616809,41.8655],[-87.616813,41.865663]]]}},{"type":"Feature","properties":{"name":null},"geometry":{"type":"Polygon","coordinates":[[[-87.615954,41.865727],[-87.615652,41.865788],[-87.615598,41.865967],[-87.615593,41.865731],[-87.615954,41.865727]]]}},{"type":"Feature","properties":{"name":null},"geometry":{"type":"Polygon","coordinates":[[[-87.615666,41.8658],[-87.615719,41.866127],[-87.615669,41.866128],[-87.615666,41.8658]]]}},{"type":"Feature","properties":{"name":null},"geometry":{"type":"Polygon","coordinates":[[[-87.615555,41.866022],[-87.615437,41.865361],[-87.61554,41.86536],[-87.615555,41.866022]]]}},{"type":"Feature","properties":{"name":null},"geometry":{"type":"Polygon","coordinates":[[[-87.616505,41.86539],[-87.61614,41.865345],[-87.616505,41.865338],[-87.616505,41.86539]]]}},{"type":"Feature","properties":{"name":null},"geometry":{"type":"Polygon","coordinates":[[[-87.617497,41.865449],[-87.618308,41.865311],[-87.618467,41.865443],[-87.617497,41.865449]]]}},{"type":"Feature","properties":{"name":null},"geometry":{"type":"Polygon","coordinates":[[[-87.618087,41.865757],[-87.617793,41.86563],[-87.618085,41.865628],[-87.618087,41.865757]]]}},{"type":"Feature","properties":{"name":null},"geometry":{"type":"Polygon","coordinates":[[[-87.61843,41.865763],[-87.618312,41.865627],[-87.618427,41.865626],[-87.61843,41.865763]]]}},{"type":"Feature","properties":{"name":null},"geometry":{"type":"Polygon","coordinates":[[[-87.618368,41.865783],[-87.618436,41.866019],[-87.618372,41.86602],[-87.618368,41.865783]]]}},{"type":"Feature","properties":{"name":null},"geometry":{"type":"Polygon","coordinates":[[[-87.615679,41.866341],[-87.615734,41.866673],[-87.615688,41.866674],[-87.615679,41.866341]]]}},{"type":"Feature","properties":{"name":null},"geometry":{"type":"Polygon","coordinates":[[[-87.615656,41.866679],[-87.615611,41.866342],[-87.615667,41.866341],[-87.615656,41.866679]]]}},{"type":"Feature","properties":{"name":null},"geometry":{"type":"Polygon","coordinates":[[[-87.618377,41.866383],[-87.618487,41.866574],[-87.618386,41.866649],[-87.618377,41.866383]]]}},{"type":"Feature","properties":{"name":null},"geometry":{"type":"Polygon","coordinates":[[[-87.613607,41.867152],[-87.613674,41.866961],[-87.613839,41.867001],[-87.613607,41.867152]]]}},{"type":"Feature","properties":{"name":null},"geometry":{"type":"Polygon","coordinates":[[[-87.614469,41.867225],[-87.614272,41.866994],[-87.614499,41.866972],[-87.614469,41.867225]]]}},{"type":"Feature","properties":{"name":null},"geometry":{"type":"Polygon","coordinates":[[[-87.614709,41.867395],[-87.614913,41.86722],[-87.614969,41.867382],[-87.614709,41.867395]]]}},{"type":"Feature","properties":{"name":null},"geometry":{"type":"Polygon","coordinates":[[[-87.614637,41.867289],[-87.614756,41.867506],[-87.614495,41.867346],[-87.614637,41.867289]]]}},{"type":"Feature","properties":{"name":null},"geometry":{"type":"Polygon","coordinates":[[[-87.61472,41.8678],[-87.614547,41.867986],[-87.614465,41.867938],[-87.61472,41.8678]]]}},{"type":"Feature","properties":{"name":null},"geometry":{"type":"Polygon","coordinates":[[[-87.615999,41.867882],[-87.616112,41.867836],[-87.616442,41.867984],[-87.615999,41.867882]]]}},{"type":"Feature","properties":{"name":null},"geometry":{"type":"Polygon","coordinates":[[[-87.615774,41.867838],[-87.61585,41.86763],[-87.615133,41.867846],[-87.615774,41.867838]]]}},{"type":"Feature","properties":{"name":null},"geometry":{"type":"Polygon","coordinates":[[[-87.616023,41.867997],[-87.615926,41.868057],[-87.615634,41.867964],[-87.616023,41.867997]]]}},{"type":"Feature","properties":{"name":null},"geometry":{"type":"Polygon","coordinates":[[[-87.616678,41.86828],[-87.616646,41.868168],[-87.61681,41.868218],[-87.616678,41.86828]]]}},{"type":"Feature","properties":{"name":null},"geometry":{"type":"Polygon","coordinates":[[[-87.615668,41.868293],[-87.615579,41.868419],[-87.615485,41.868304],[-87.615668,41.868293]]]}},{"type":"Feature","properties":{"name":null},"geometry":{"type":"Polygon","coordinates":[[[-87.613952,41.866896],[-87.613671,41.866956],[-87.613514,41.866506],[-87.613952,41.866896]]]}},{"type":"Feature","properties":{"name":null},"geometry":{"type":"Polygon","coordinates":[[[-87.612949,41.868051],[-87.612491,41.867646],[-87.612753,41.867091],[-87.612949,41.868051]]]}},{"type":"Feature","properties":{"name":null},"geometry":{"type":"Polygon","coordinates":[[[-87.612987,41.868079],[-87.613186,41.868219],[-87.612895,41.868152],[-87.612987,41.868079]]]}},{"type":"Feature","properties":{"name":null},"geometry":{"type":"Polygon","coordinates":[[[-87.613359,41.868321],[-87.61361,41.868124],[-87.613812,41.868089],[-87.613741,41.868348],[-87.613569,41.868382],[-87.613359,41.868321]]]}},{"type":"Feature","properties":{"name":null},"geometry":{"type":"Polygon","coordinates":[[[-87.61496,41.868023],[-87.615136,41.867947],[-87.615405,41.867957],[-87.615144,41.868074],[-87.61496,41.868023]]]}},{"type":"Feature","properties":{"name":null},"geometry":{"type":"Polygon","coordinates":[[[-87.61569,41.868242],[-87.615775,41.86815],[-87.615886,41.868179],[-87.61569,41.868242]]]}},{"type":"Feature","properties":{"name":null},"geometry":{"type":"Polygon","coordinates":[[[-87.613308,41.866501],[-87.612964,41.867163],[-87.612844,41.867079],[-87.613308,41.866501]]]}},{"type":"Feature","properties":{"name":null},"geometry":{"type":"Polygon","coordinates":[[[-87.613206,41.866673],[-87.612973,41.86653],[-87.613244,41.866509],[-87.613206,41.866673]]]}},{"type":"Feature","properties":{"name":null},"geometry":{"type":"Polygon","coordinates":[[[-87.613216,41.866371],[-87.612765,41.866178],[-87.613636,41.866265],[-87.613216,41.866371]]]}},{"type":"Feature","properties":{"name":null},"geometry":{"type":"Polygon","coordinates":[[[-87.61391,41.866067],[-87.614032,41.866275],[-87.613818,41.866251],[-87.61391,41.866067]]]}},{"type":"Feature","properties":{"name":null},"geometry":{"type":"Polygon","coordinates":[[[-87.614012,41.86596],[-87.613969,41.866034],[-87.613902,41.866021],[-87.614012,41.86596]]]}},{"type":"Feature","properties":{"name":null},"geometry":{"type":"Polygon","coordinates":[[[-87.61202,41.86632],[-87.611702,41.866258],[-87.612045,41.866275],[-87.61202,41.86632]]]}},{"type":"Feature","properties":{"name":null},"geometry":{"type":"Polygon","coordinates":[[[-87.611483,41.866329],[-87.611151,41.866276],[-87.611511,41.866288],[-87.611483,41.866329]]]}},{"type":"Feature","properties":{"name":null},"geometry":{"type":"Polygon","coordinates":[[[-87.609432,41.866365],[-87.609184,41.866293],[-87.609488,41.866316],[-87.609432,41.866365]]]}},{"type":"Feature","properties":{"name":null},"geometry":{"type":"Polygon","coordinates":[[[-87.608446,41.866428],[-87.608337,41.866257],[-87.608502,41.866304],[-87.608446,41.866428]]]}},{"type":"Feature","properties":{"name":null},"geometry":{"type":"Polygon","coordinates":[[[-87.609298,41.861],[-87.609808,41.86145],[-87.609279,41.861313],[-87.609298,41.861]]]}},{"type":"Feature","properties":{"name":null},"geometry":{"type":"Polygon","coordinates":[[[-87.609786,41.861505],[-87.609298,41.861717],[-87.609356,41.861413],[-87.609786,41.861505]]]}},{"type":"Feature","properties":{"name":null},"geometry":{"type":"Polygon","coordinates":[[[-87.608391,41.864162],[-87.607961,41.863954],[-87.607847,41.863661],[-87.608391,41.864162]]]}},{"type":"Feature","properties":{"name":null},"geometry":{"type":"Polygon","coordinates":[[[-87.608087,41.865282],[-87.607887,41.86523],[-87.607905,41.865203],[-87.608087,41.865282]]]}},{"type":"Feature","properties":{"name":null},"geometry":{"type":"Polygon","coordinates":[[[-87.607662,41.864947],[-87.607541,41.864936],[-87.607552,41.864873],[-87.607662,41.864947]]]}},{"type":"Feature","properties":{"name":null},"geometry":{"type":"Polygon","coordinates":[[[-87.613162,41.866039],[-87.612989,41.865828],[-87.613164,41.866024],[-87.613162,41.866039]]]}},{"type":"Feature","properties":{"name":null},"geometry":{"type":"Polygon","coordinates":[[[-87.613943,41.861742],[-87.613953,41.861631],[-87.614026,41.86169],[-87.613943,41.861742]]]}},{"type":"Feature","properties":{"name":null},"geometry":{"type":"Polygon","coordinates":[[[-87.614176,41.864371],[-87.61413,41.864392],[-87.614343,41.864014],[-87.614176,41.864371]]]}},{"type":"Feature","properties":{"name":null},"geometry":{"type":"Polygon","coordinates":[[[-87.614567,41.863695],[-87.614649,41.863499],[-87.614682,41.86349],[-87.614567,41.863695]]]}},{"type":"Feature","properties":{"name":null},"geometry":{"type":"Polygon","coordinates":[[[-87.61493,41.862559],[-87.614889,41.862512],[-87.614742,41.861848],[-87.61493,41.862559]]]}},{"type":"Feature","properties":{"name":null},"geometry":{"type":"Polygon","coordinates":[[[-87.614144,41.861],[-87.614564,41.861514],[-87.614559,41.861535],[-87.614144,41.861]]]}},{"type":"Feature","properties":{"name":null},"geometry":{"type":"Polygon","coordinates":[[[-87.616873,41.865074],[-87.616555,41.865162],[-87.616554,41.865078],[-87.616873,41.865074]]]}},{"type":"Feature","properties":{"name":null},"geometry":{"type":"Polygon","coordinates":[[[-87.615285,41.862022],[-87.615009,41.861939],[-87.615276,41.861923],[-87.615285,41.862022]]]}},{"type":"Feature","properties":{"name":null},"geometry":{"type":"Polygon","coordinates":[[[-87.615361,41.862769],[-87.615111,41.862879],[-87.615123,41.862782],[-87.615361,41.862769]]]}},{"type":"Feature","properties":{"name":null},"geometry":{"type":"Polygon","coordinates":[[[-87.616872,41.864948],[-87.616547,41.864868],[-87.61687,41.864862],[-87.616872,41.864948]]]}},{"type":"Feature","properties":{"name":null},"geometry":{"type":"Polygon","coordinates":[[[-87.615696,41.864869],[-87.61627,41.864965],[-87.615643,41.864923],[-87.615696,41.864869]]]}},{"type":"Feature","properties":{"name":null},"geometry":{"type":"Polygon","coordinates":[[[-87.615709,41.865084],[-87.616281,41.865176],[-87.615664,41.865136],[-87.615709,41.865084]]]}},{"type":"Feature","properties":{"name":null},"geometry":{"type":"Polygon","coordinates":[[[-87.615049,41.861714],[-87.614705,41.861543],[-87.615085,41.861529],[-87.615049,41.861714]]]}},{"type":"Feature","properties":{"name":null},"geometry":{"type":"Polygon","coordinates":[[[-87.61866,41.88615],[-87.618771,41.886001],[-87.61888,41.886073],[-87.61866,41.88615]]]}},{"type":"Feature","properties":{"name":null},"geometry":{"type":"Polygon","coordinates":[[[-87.618478,41.886072],[-87.618284,41.886253],[-87.618148,41.886279],[-87.618478,41.886072]]]}},{"type":"Feature","properties":{"name":"Light Plate"},"geometry":{"type":"Polygon","coordinates":[[[-87.621862,41.881259],[-87.622209,41.881653],[-87.621594,41.881693],[-87.621862,41.881259]]]}},{"type":"Feature","properties":{"name":"Dark Plate"},"geometry":{"type":"Polygon","coordinates":[[[-87.621498,41.88169],[-87.621403,41.88131],[-87.621748,41.881267],[-87.621498,41.88169]]]}},{"type":"Feature","properties":{"name":null},"geometry":{"type":"Polygon","coordinates":[[[-87.618145,41.888045],[-87.617992,41.88794],[-87.618146,41.888033],[-87.618145,41.888045]]]}},{"type":"Feature","properties":{"name":null},"geometry":{"type":"Polygon","coordinates":[[[-87.617163,41.887892],[-87.616966,41.887932],[-87.616938,41.887908],[-87.617163,41.887892]]]}},{"type":"Feature","properties":{"name":null},"geometry":{"type":"Polygon","coordinates":[[[-87.619735,41.88823],[-87.619647,41.888158],[-87.620141,41.888278],[-87.619735,41.88823]]]}},{"type":"Feature","properties":{"name":null},"geometry":{"type":"Polygon","coordinates":[[[-87.616538,41.88797],[-87.616157,41.887885],[-87.616577,41.88792],[-87.616538,41.88797]]]}},{"type":"Feature","properties":{"name":null},"geometry":{"type":"Polygon","coordinates":[[[-87.616133,41.887948],[-87.615893,41.887873],[-87.616137,41.887883],[-87.616133,41.887948]]]}},{"type":"Feature","properties":{"name":"Limestone Glade"},"geometry":{"type":"Polygon","coordinates":[[[-87.615346,41.88782],[-87.614925,41.887912],[-87.614821,41.887815],[-87.615346,41.88782]]]}},{"type":"Feature","properties":{"name":null},"geometry":{"type":"Polygon","coordinates":[[[-87.614777,41.887821],[-87.614585,41.887919],[-87.614548,41.887874],[-87.614777,41.887821]]]}},{"type":"Feature","properties":{"name":null},"geometry":{"type":"Polygon","coordinates":[[[-87.614357,41.888065],[-87.614471,41.887854],[-87.614572,41.887981],[-87.614357,41.888065]]]}},{"type":"Feature","properties":{"name":"Riverwalk East"},"geometry":{"type":"Polygon","coordinates":[[[-87.620186,41.887994],[-87.614357,41.888081],[-87.614306,41.887788],[-87.620186,41.887994]]]}},{"type":"Feature","properties":{"name":null},"geometry":{"type":"Polygon","coordinates":[[[-87.622932,41.88838],[-87.622467,41.888398],[-87.622425,41.888359],[-87.622932,41.88838]]]}},{"type":"Feature","properties":{"name":null},"geometry":{"type":"Polygon","coordinates":[[[-87.621505,41.888208],[-87.620961,41.888177],[-87.62091,41.888285],[-87.620939,41.888133],[-87.621505,41.888208]]]}},{"type":"Feature","properties":{"name":null},"geometry":{"type":"Polygon","coordinates":[[[-87.646644,41.875467],[-87.645861,41.87569],[-87.645867,41.875484],[-87.646644,41.875467]]]}},{"type":"Feature","properties":{"name":null},"geometry":{"type":"Polygon","coordinates":[[[-87.646335,41.875174],[-87.645866,41.875345],[-87.645902,41.875082],[-87.646335,41.875174]]]}},{"type":"Feature","properties":{"name":null},"geometry":{"type":"Polygon","coordinates":[[[-87.64655,41.874933],[-87.645861,41.875006],[-87.64583,41.874634],[-87.64655,41.874933]]]}},{"type":"Feature","properties":{"name":null},"geometry":{"type":"Polygon","coordinates":[[[-87.645507,41.875081],[-87.645194,41.874676],[-87.645532,41.874623],[-87.645507,41.875081]]]}},{"type":"Feature","properties":{"name":null},"geometry":{"type":"Polygon","coordinates":[[[-87.645398,41.875375],[-87.645505,41.875171],[-87.645501,41.875374],[-87.645398,41.875375]]]}},{"type":"Feature","properties":{"name":null},"geometry":{"type":"Polygon","coordinates":[[[-87.64495,41.875262],[-87.644475,41.875328],[-87.644746,41.874909],[-87.64495,41.875262]]]}},{"type":"Feature","properties":{"name":null},"geometry":{"type":"Polygon","coordinates":[[[-87.644683,41.874667],[-87.644434,41.875012],[-87.64425,41.875361],[-87.644374,41.875034],[-87.644683,41.874667]]]}},{"type":"Feature","properties":{"name":null},"geometry":{"type":"Polygon","coordinates":[[[-87.646188,41.874425],[-87.64582,41.874499],[-87.645824,41.874431],[-87.646188,41.874425]]]}},{"type":"Feature","properties":{"name":null},"geometry":{"type":"Polygon","coordinates":[[[-87.64605,41.874243],[-87.645832,41.873985],[-87.645908,41.873991],[-87.64605,41.874243]]]}},{"type":"Feature","properties":{"name":null},"geometry":{"type":"Polygon","coordinates":[[[-87.645894,41.875898],[-87.646137,41.876361],[-87.645907,41.876401],[-87.645894,41.875898]]]}},{"type":"Feature","properties":{"name":null},"geometry":{"type":"Polygon","coordinates":[[[-87.645142,41.875771],[-87.644975,41.876021],[-87.644495,41.875716],[-87.645142,41.875771]]]}},{"type":"Feature","properties":{"name":null},"geometry":{"type":"Polygon","coordinates":[[[-87.645195,41.876353],[-87.645357,41.876637],[-87.644833,41.876208],[-87.645195,41.876353]]]}},{"type":"Feature","properties":{"name":null},"geometry":{"type":"Polygon","coordinates":[[[-87.644741,41.87608],[-87.644619,41.875922],[-87.645078,41.876214],[-87.644741,41.87608]]]}},{"type":"Feature","properties":{"name":null},"geometry":{"type":"Polygon","coordinates":[[[-87.645924,41.876479],[-87.645991,41.876625],[-87.645956,41.876626],[-87.645924,41.876479]]]}},{"type":"Feature","properties":{"name":null},"geometry":{"type":"Polygon","coordinates":[[[-87.646152,41.876625],[-87.646212,41.876425],[-87.646802,41.876031],[-87.646152,41.876625]]]}},{"type":"Feature","properties":{"name":null},"geometry":{"type":"Polygon","coordinates":[[[-87.6544,41.875168],[-87.651951,41.87521],[-87.651948,41.875197],[-87.6544,41.875168]]]}},{"type":"Feature","properties":{"name":null},"geometry":{"type":"Polygon","coordinates":[[[-87.645536,41.874433],[-87.645161,41.874544],[-87.645133,41.874441],[-87.645536,41.874433]]]}},{"type":"Feature","properties":{"name":"Southbank Park"},"geometry":{"type":"Polygon","coordinates":[[[-87.635237,41.872567],[-87.635152,41.873311],[-87.633752,41.872933],[-87.635237,41.872567]]]}},{"type":"Feature","properties":{"name":"Ferd Kramer Memorial Garden"},"geometry":{"type":"Polygon","coordinates":[[[-87.629549,41.872156],[-87.629535,41.871839],[-87.629679,41.871872],[-87.629549,41.872156]]]}},{"type":"Feature","properties":{"name":"Elysian Field"},"geometry":{"type":"Polygon","coordinates":[[[-87.647074,41.876593],[-87.646902,41.876373],[-87.647055,41.876283],[-87.647074,41.876593]]]}},{"type":"Feature","properties":{"name":"Park at 150 N Riverside"},"geometry":{"type":"Polygon","coordinates":[[[-87.639042,41.885584],[-87.638288,41.884572],[-87.639019,41.884567],[-87.639042,41.885584]]]}},{"type":"Feature","properties":{"name":null},"geometry":{"type":"Polygon","coordinates":[[[-87.613496,41.891021],[-87.613398,41.890921],[-87.613517,41.891011],[-87.613496,41.891021]]]}},{"type":"Feature","properties":{"name":null},"geometry":{"type":"Polygon","coordinates":[[[-87.611571,41.890933],[-87.611513,41.89086],[-87.611729,41.890847],[-87.611571,41.890933]]]}},{"type":"Feature","properties":{"name":null},"geometry":{"type":"Polygon","coordinates":[[[-87.611534,41.890806],[-87.612715,41.890733],[-87.612979,41.890771],[-87.611534,41.890806]]]}},{"type":"Feature","properties":{"name":null},"geometry":{"type":"Polygon","coordinates":[[[-87.613244,41.890694],[-87.611773,41.890726],[-87.611773,41.890678],[-87.613244,41.890694]]]}},{"type":"Feature","properties":{"name":null},"geometry":{"type":"Polygon","coordinates":[[[-87.610808,41.89185],[-87.610977,41.89193],[-87.610125,41.891925],[-87.610808,41.89185]]]}},{"type":"Feature","properties":{"name":null},"geometry":{"type":"Polygon","coordinates":[[[-87.631109,41.875587],[-87.631549,41.875629],[-87.630931,41.875618],[-87.631109,41.875587]]]}},{"type":"Feature","properties":{"name":null},"geometry":{"type":"Polygon","coordinates":[[[-87.62854,41.875621],[-87.627895,41.875665],[-87.627894,41.875644],[-87.62854,41.875621]]]}},{"type":"Feature","properties":{"name":null},"geometry":{"type":"Polygon","coordinates":[[[-87.663561,41.863304],[-87.662177,41.86248],[-87.663543,41.862628],[-87.663561,41.863304]]]}},{"type":"Feature","properties":{"name":null},"geometry":{"type":"Polygon","coordinates":[[[-87.633019,41.876072],[-87.632848,41.876184],[-87.632834,41.876073],[-87.633019,41.876072]]]}},{"type":"Feature","properties":{"name":null},"geometry":{"type":"Polygon","coordinates":[[[-87.633004,41.876212],[-87.632845,41.876431],[-87.632849,41.876214],[-87.633004,41.876212]]]}},{"type":"Feature","properties":{"name":null},"geometry":{"type":"Polygon","coordinates":[[[-87.611423,41.891278],[-87.61147,41.891743],[-87.611435,41.891805],[-87.611423,41.891278]]]}},{"type":"Feature","properties":{"name":null},"geometry":{"type":"Polygon","coordinates":[[[-87.61138,41.891213],[-87.611206,41.891881],[-87.61119,41.891216],[-87.61138,41.891213]]]}},{"type":"Feature","properties":{"name":null},"geometry":{"type":"Polygon","coordinates":[[[-87.611387,41.892377],[-87.61084,41.892226],[-87.611474,41.892144],[-87.611387,41.892377]]]}},{"type":"Feature","properties":{"name":null},"geometry":{"type":"Polygon","coordinates":[[[-87.6108,41.892231],[-87.610426,41.892525],[-87.610394,41.89227],[-87.6108,41.892231]]]}},{"type":"Feature","properties":{"name":null},"geometry":{"type":"Polygon","coordinates":[[[-87.613461,41.89236],[-87.613281,41.892328],[-87.613284,41.892318],[-87.613461,41.89236]]]}},{"type":"Feature","properties":{"name":null},"geometry":{"type":"Polygon","coordinates":[[[-87.613275,41.892638],[-87.612877,41.892211],[-87.613318,41.892548],[-87.613275,41.892638]]]}},{"type":"Feature","properties":{"name":null},"geometry":{"type":"Polygon","coordinates":[[[-87.61293,41.892574],[-87.613152,41.892973],[-87.612891,41.892586],[-87.61293,41.892574]]]}},{"type":"Feature","properties":{"name":null},"geometry":{"type":"Polygon","coordinates":[[[-87.612841,41.892045],[-87.612413,41.892243],[-87.612021,41.892058],[-87.612841,41.892045]]]}},{"type":"Feature","properties":{"name":null},"geometry":{"type":"Polygon","coordinates":[[[-87.612845,41.892213],[-87.612574,41.892405],[-87.612533,41.892347],[-87.612845,41.892213]]]}},{"type":"Feature","properties":{"name":null},"geometry":{"type":"Polygon","coordinates":[[[-87.612458,41.892365],[-87.612036,41.892099],[-87.612491,41.892317],[-87.612458,41.892365]]]}},{"type":"Feature","properties":{"name":null},"geometry":{"type":"Polygon","coordinates":[[[-87.612473,41.892416],[-87.612868,41.892812],[-87.61243,41.892985],[-87.612473,41.892416]]]}},{"type":"Feature","properties":{"name":null},"geometry":{"type":"Polygon","coordinates":[[[-87.610531,41.893864],[-87.610592,41.894264],[-87.610145,41.894009],[-87.610531,41.893864]]]}},{"type":"Feature","properties":{"name":null},"geometry":{"type":"Polygon","coordinates":[[[-87.610364,41.894618],[-87.610584,41.89429],[-87.61063,41.89443],[-87.610364,41.894618]]]}},{"type":"Feature","properties":{"name":null},"geometry":{"type":"Polygon","coordinates":[[[-87.610334,41.894634],[-87.610035,41.894846],[-87.610012,41.8943],[-87.610334,41.894634]]]}},{"type":"Feature","properties":{"name":null},"geometry":{"type":"Polygon","coordinates":[[[-87.609989,41.894773],[-87.609878,41.894661],[-87.609982,41.894602],[-87.609989,41.894773]]]}},{"type":"Feature","properties":{"name":null},"geometry":{"type":"Polygon","coordinates":[[[-87.610716,41.895055],[-87.610361,41.894663],[-87.610719,41.895047],[-87.610716,41.895055]]]}},{"type":"Feature","properties":{"name":null},"geometry":{"type":"Polygon","coordinates":[[[-87.610007,41.895094],[-87.609844,41.895021],[-87.609998,41.894914],[-87.610007,41.895094]]]}},{"type":"Feature","properties":{"name":null},"geometry":{"type":"Polygon","coordinates":[[[-87.610008,41.895123],[-87.609825,41.895331],[-87.609781,41.895273],[-87.610008,41.895123]]]}},{"type":"Feature","properties":{"name":null},"geometry":{"type":"Polygon","coordinates":[[[-87.62406,41.900948],[-87.624064,41.901],[-87.624044,41.901],[-87.62406,41.900948]]]}},{"type":"Feature","properties":{"name":null},"geometry":{"type":"Polygon","coordinates":[[[-87.618193,41.866934],[-87.617858,41.866888],[-87.618191,41.866883],[-87.618193,41.866934]]]}},{"type":"Feature","properties":{"name":null},"geometry":{"type":"Polygon","coordinates":[[[-87.618296,41.866881],[-87.618573,41.866954],[-87.618324,41.867114],[-87.618296,41.866881]]]}},{"type":"Feature","properties":{"name":null},"geometry":{"type":"Polygon","coordinates":[[[-87.618185,41.866953],[-87.617658,41.867121],[-87.617633,41.867019],[-87.618185,41.866953]]]}},{"type":"Feature","properties":{"name":null},"geometry":{"type":"Polygon","coordinates":[[[-87.617834,41.867],[-87.617624,41.866807],[-87.61807,41.866799],[-87.617834,41.867]]]}},{"type":"Feature","properties":{"name":null},"geometry":{"type":"Polygon","coordinates":[[[-87.618139,41.86677],[-87.617626,41.866632],[-87.618137,41.866672],[-87.618139,41.86677]]]}},{"type":"Feature","properties":{"name":null},"geometry":{"type":"Polygon","coordinates":[[[-87.616341,41.867139],[-87.615937,41.867006],[-87.616341,41.867118],[-87.616341,41.867139]]]}},{"type":"Feature","properties":{"name":null},"geometry":{"type":"Polygon","coordinates":[[[-87.616073,41.866828],[-87.61616,41.866984],[-87.615907,41.866984],[-87.616073,41.866828]]]}},{"type":"Feature","properties":{"name":null},"geometry":{"type":"Polygon","coordinates":[[[-87.616486,41.867101],[-87.616245,41.866962],[-87.616483,41.866935],[-87.616486,41.867101]]]}},{"type":"Feature","properties":{"name":null},"geometry":{"type":"Polygon","coordinates":[[[-87.61585,41.866942],[-87.615474,41.866987],[-87.615456,41.866451],[-87.61585,41.866942]]]}},{"type":"Feature","properties":{"name":null},"geometry":{"type":"Polygon","coordinates":[[[-87.616099,41.867451],[-87.617225,41.868156],[-87.615955,41.867661],[-87.616099,41.867451]]]}},{"type":"Feature","properties":{"name":null},"geometry":{"type":"Polygon","coordinates":[[[-87.65053,41.892774],[-87.652278,41.893109],[-87.65289,41.893349],[-87.65053,41.892774]]]}},{"type":"Feature","properties":{"name":null},"geometry":{"type":"Polygon","coordinates":[[[-87.654815,41.891862],[-87.654489,41.891979],[-87.652889,41.89206],[-87.652251,41.891676],[-87.654815,41.891862]]]}},{"type":"Feature","properties":{"name":null},"geometry":{"type":"Polygon","coordinates":[[[-87.653012,41.892144],[-87.654607,41.892188],[-87.655282,41.893178],[-87.653012,41.892144]]]}},{"type":"Feature","properties":{"name":null},"geometry":{"type":"Polygon","coordinates":[[[-87.653888,41.892336],[-87.65392,41.892436],[-87.653338,41.892233],[-87.653888,41.892336]]]}},{"type":"Feature","properties":{"name":null},"geometry":{"type":"Polygon","coordinates":[[[-87.653918,41.89227],[-87.653742,41.892193],[-87.653897,41.892177],[-87.653918,41.89227]]]}},{"type":"Feature","properties":{"name":null},"geometry":{"type":"Polygon","coordinates":[[[-87.654322,41.892971],[-87.654241,41.892571],[-87.654431,41.892679],[-87.654322,41.892971]]]}},{"type":"Feature","properties":{"name":null},"geometry":{"type":"Polygon","coordinates":[[[-87.6551,41.893277],[-87.654653,41.893055],[-87.654661,41.892905],[-87.6551,41.893277]]]}},{"type":"Feature","properties":{"name":null},"geometry":{"type":"Polygon","coordinates":[[[-87.65459,41.893006],[-87.654409,41.892882],[-87.654485,41.892801],[-87.65459,41.893006]]]}},{"type":"Feature","properties":{"name":null},"geometry":{"type":"Polygon","coordinates":[[[-87.655067,41.893489],[-87.655314,41.893315],[-87.655617,41.893852],[-87.655067,41.893489]]]}},{"type":"Feature","properties":{"name":"Harrison Field"},"geometry":{"type":"Polygon","coordinates":[[[-87.649292,41.875194],[-87.647357,41.874453],[-87.649622,41.874507],[-87.649292,41.875194]]]}},{"type":"Feature","properties":{"name":null},"geometry":{"type":"Polygon","coordinates":[[[-87.6495,41.875195],[-87.649525,41.874632],[-87.649756,41.874507],[-87.6495,41.875195]]]}},{"type":"Feature","properties":{"name":"Harry W. Pearce Memorial Grove"},"geometry":{"type":"Polygon","coordinates":[[[-87.651013,41.870611],[-87.649752,41.869677],[-87.65101,41.869715],[-87.651013,41.870611]]]}},{"type":"Feature","properties":{"name":"Cascade Park"},"geometry":{"type":"Polygon","coordinates":[[[-87.615667,41.885816],[-87.615001,41.886362],[-87.614381,41.886041],[-87.615667,41.885816]]]}},{"type":"Feature","properties":{"name":null},"geometry":{"type":"Polygon","coordinates":[[[-87.654904,41.894783],[-87.653287,41.893545],[-87.655743,41.894688],[-87.654904,41.894783]]]}},{"type":"Feature","properties":{"name":null},"geometry":{"type":"Polygon","coordinates":[[[-87.655453,41.893171],[-87.656394,41.893914],[-87.65616,41.894197],[-87.655453,41.893171]]]}},{"type":"Feature","properties":{"name":null},"geometry":{"type":"Polygon","coordinates":[[[-87.65633,41.894308],[-87.657007,41.893434],[-87.657031,41.893446],[-87.65633,41.894308]]]}},{"type":"Feature","properties":{"name":null},"geometry":{"type":"Polygon","coordinates":[[[-87.656846,41.895446],[-87.656527,41.895298],[-87.655932,41.895021],[-87.656846,41.895446]]]}},{"type":"Feature","properties":{"name":null},"geometry":{"type":"Polygon","coordinates":[[[-87.657202,41.894895],[-87.656613,41.894213],[-87.657727,41.89528],[-87.657202,41.894895]]]}},{"type":"Feature","properties":{"name":null},"geometry":{"type":"Polygon","coordinates":[[[-87.658632,41.896104],[-87.658428,41.895364],[-87.658801,41.896089],[-87.658632,41.896104]]]}},{"type":"Feature","properties":{"name":null},"geometry":{"type":"Polygon","coordinates":[[[-87.658529,41.898121],[-87.658553,41.897257],[-87.659169,41.898538],[-87.658529,41.898121]]]}},{"type":"Feature","properties":{"name":null},"geometry":{"type":"Polygon","coordinates":[[[-87.658851,41.89633],[-87.659931,41.897441],[-87.660646,41.899268],[-87.658851,41.89633]]]}},{"type":"Feature","properties":{"name":null},"geometry":{"type":"Polygon","coordinates":[[[-87.659104,41.899548],[-87.658969,41.899918],[-87.658976,41.898667],[-87.659104,41.899548]]]}},{"type":"Feature","properties":{"name":null},"geometry":{"type":"Polygon","coordinates":[[[-87.659522,41.899016],[-87.659268,41.899594],[-87.659267,41.898852],[-87.659522,41.899016]]]}},{"type":"Feature","properties":{"name":null},"geometry":{"type":"Polygon","coordinates":[[[-87.660598,41.899845],[-87.660725,41.899801],[-87.660759,41.899808],[-87.660598,41.899845]]]}},{"type":"Feature","properties":{"name":null},"geometry":{"type":"Polygon","coordinates":[[[-87.660401,41.901],[-87.660067,41.90055],[-87.659766,41.90001],[-87.660002,41.900012],[-87.660401,41.901]]]}},{"type":"Feature","properties":{"name":null},"geometry":{"type":"Polygon","coordinates":[[[-87.660565,41.899421],[-87.660333,41.899286],[-87.660033,41.898635],[-87.660565,41.899421]]]}},{"type":"Feature","properties":{"name":null},"geometry":{"type":"Polygon","coordinates":[[[-87.646921,41.874444],[-87.646996,41.874747],[-87.646607,41.874423],[-87.646921,41.874444]]]}},{"type":"Feature","properties":{"name":null},"geometry":{"type":"Polygon","coordinates":[[[-87.649886,41.892832],[-87.648151,41.892763],[-87.647822,41.893278],[-87.649886,41.892832]]]}},{"type":"Feature","properties":{"name":null},"geometry":{"type":"Polygon","coordinates":[[[-87.655113,41.897812],[-87.654029,41.897962],[-87.654003,41.897859],[-87.655113,41.897812]]]}},{"type":"Feature","properties":{"name":null},"geometry":{"type":"Polygon","coordinates":[[[-87.646641,41.886204],[-87.646518,41.885904],[-87.646574,41.885787],[-87.646641,41.886204]]]}},{"type":"Feature","properties":{"name":null},"geometry":{"type":"Polygon","coordinates":[[[-87.660645,41.888883],[-87.660766,41.888882],[-87.66032,41.889338],[-87.660645,41.888883]]]}},{"type":"Feature","properties":{"name":null},"geometry":{"type":"Polygon","coordinates":[[[-87.66103,41.888478],[-87.661502,41.887561],[-87.661549,41.887545],[-87.66103,41.888478]]]}},{"type":"Feature","properties":{"name":null},"geometry":{"type":"Polygon","coordinates":[[[-87.650509,41.869533],[-87.649612,41.869592],[-87.650508,41.869516],[-87.650509,41.869533]]]}},{"type":"Feature","properties":{"name":null},"geometry":{"type":"Polygon","coordinates":[[[-87.648668,41.869607],[-87.649414,41.869534],[-87.649458,41.869597],[-87.648668,41.869607]]]}},{"type":"Feature","properties":{"name":null},"geometry":{"type":"Polygon","coordinates":[[[-87.647262,41.869631],[-87.647195,41.869604],[-87.648613,41.869609],[-87.647262,41.869631]]]}},{"type":"Feature","properties":{"name":null},"geometry":{"type":"Polygon","coordinates":[[[-87.646749,41.869627],[-87.645976,41.869649],[-87.646771,41.869617],[-87.646749,41.869627]]]}},{"type":"Feature","properties":{"name":null},"geometry":{"type":"Polygon","coordinates":[[[-87.651117,41.868432],[-87.651078,41.868792],[-87.651083,41.86842],[-87.651117,41.868432]]]}},{"type":"Feature","properties":{"name":null},"geometry":{"type":"Polygon","coordinates":[[[-87.651124,41.87049],[-87.651163,41.869923],[-87.651158,41.87051],[-87.651124,41.87049]]]}},{"type":"Feature","properties":{"name":null},"geometry":{"type":"Polygon","coordinates":[[[-87.651143,41.871076],[-87.651191,41.870629],[-87.651177,41.871094],[-87.651143,41.871076]]]}},{"type":"Feature","properties":{"name":null},"geometry":{"type":"Polygon","coordinates":[[[-87.651168,41.87214],[-87.651201,41.87124],[-87.6512,41.872154],[-87.651168,41.87214]]]}},{"type":"Feature","properties":{"name":null},"geometry":{"type":"Polygon","coordinates":[[[-87.651187,41.872542],[-87.651231,41.872278],[-87.651235,41.872639],[-87.651187,41.872542]]]}},{"type":"Feature","properties":{"name":null},"geometry":{"type":"Polygon","coordinates":[[[-87.655731,41.89502],[-87.655305,41.895443],[-87.655713,41.894965],[-87.655731,41.89502]]]}},{"type":"Feature","properties":{"name":null},"geometry":{"type":"Polygon","coordinates":[[[-87.65762,41.896122],[-87.656948,41.896131],[-87.655788,41.895206],[-87.65762,41.896122]]]}},{"type":"Feature","properties":{"name":null},"geometry":{"type":"Polygon","coordinates":[[[-87.656577,41.894188],[-87.656991,41.894083],[-87.657077,41.894616],[-87.656577,41.894188]]]}},{"type":"Feature","properties":{"name":null},"geometry":{"type":"Polygon","coordinates":[[[-87.671447,41.87423],[-87.670682,41.874847],[-87.670946,41.874228],[-87.671447,41.87423]]]}},{"type":"Feature","properties":{"name":null},"geometry":{"type":"Polygon","coordinates":[[[-87.637049,41.876625],[-87.636759,41.876252],[-87.636167,41.875792],[-87.636472,41.875787],[-87.637049,41.876625]]]}},{"type":"Feature","properties":{"name":null},"geometry":{"type":"Polygon","coordinates":[[[-87.63713,41.87692],[-87.636957,41.877304],[-87.636948,41.876921],[-87.63713,41.87692]]]}},{"type":"Feature","properties":{"name":null},"geometry":{"type":"Polygon","coordinates":[[[-87.645936,41.867319],[-87.645319,41.86769],[-87.645307,41.867344],[-87.645936,41.867319]]]}},{"type":"Feature","properties":{"name":null},"geometry":{"type":"Polygon","coordinates":[[[-87.656854,41.86273],[-87.656686,41.862921],[-87.656669,41.862596],[-87.656854,41.86273]]]}},{"type":"Feature","properties":{"name":null},"geometry":{"type":"Polygon","coordinates":[[[-87.65174,41.875937],[-87.649622,41.875989],[-87.649582,41.876226],[-87.64957,41.875932],[-87.65174,41.875937]]]}},{"type":"Feature","properties":{"name":null},"geometry":{"type":"Polygon","coordinates":[[[-87.648352,41.87604],[-87.648921,41.875927],[-87.649421,41.875932],[-87.648352,41.87604]]]}},{"type":"Feature","properties":{"name":null},"geometry":{"type":"Polygon","coordinates":[[[-87.655863,41.875439],[-87.656768,41.87542],[-87.656811,41.875466],[-87.655863,41.875439]]]}},{"type":"Feature","properties":{"name":null},"geometry":{"type":"Polygon","coordinates":[[[-87.657175,41.876403],[-87.657539,41.876298],[-87.659294,41.876268],[-87.657175,41.876403]]]}},{"type":"Feature","properties":{"name":null},"geometry":{"type":"Polygon","coordinates":[[[-87.657918,41.876447],[-87.661738,41.876276],[-87.661742,41.876375],[-87.657918,41.876447]]]}},{"type":"Feature","properties":{"name":null},"geometry":{"type":"Polygon","coordinates":[[[-87.662003,41.876378],[-87.66413,41.876273],[-87.664998,41.876315],[-87.662003,41.876378]]]}},{"type":"Feature","properties":{"name":null},"geometry":{"type":"Polygon","coordinates":[[[-87.666481,41.876147],[-87.665667,41.876294],[-87.663852,41.876191],[-87.666481,41.876147]]]}},{"type":"Feature","properties":{"name":null},"geometry":{"type":"Polygon","coordinates":[[[-87.66636,41.875257],[-87.66429,41.875442],[-87.664289,41.875437],[-87.66636,41.875257]]]}},{"type":"Feature","properties":{"name":null},"geometry":{"type":"Polygon","coordinates":[[[-87.665654,41.875254],[-87.664353,41.875374],[-87.661937,41.875435],[-87.665654,41.875254]]]}},{"type":"Feature","properties":{"name":null},"geometry":{"type":"Polygon","coordinates":[[[-87.661709,41.87534],[-87.659608,41.875393],[-87.659372,41.875374],[-87.661709,41.87534]]]}},{"type":"Feature","properties":{"name":null},"geometry":{"type":"Polygon","coordinates":[[[-87.658514,41.875389],[-87.658563,41.875509],[-87.657141,41.875479],[-87.658514,41.875389]]]}},{"type":"Feature","properties":{"name":null},"geometry":{"type":"Polygon","coordinates":[[[-87.676334,41.875286],[-87.676047,41.875107],[-87.676326,41.875132],[-87.676334,41.875286]]]}},{"type":"Feature","properties":{"name":null},"geometry":{"type":"Polygon","coordinates":[[[-87.675703,41.875094],[-87.674338,41.875274],[-87.67359,41.875286],[-87.675703,41.875094]]]}},{"type":"Feature","properties":{"name":null},"geometry":{"type":"Polygon","coordinates":[[[-87.673376,41.875181],[-87.671757,41.875283],[-87.670507,41.875185],[-87.673376,41.875181]]]}},{"type":"Feature","properties":{"name":null},"geometry":{"type":"Polygon","coordinates":[[[-87.669298,41.875356],[-87.669781,41.875209],[-87.6715,41.875361],[-87.669298,41.875356]]]}},{"type":"Feature","properties":{"name":null},"geometry":{"type":"Polygon","coordinates":[[[-87.668976,41.875219],[-87.666815,41.875404],[-87.66681,41.875257],[-87.668976,41.875219]]]}},{"type":"Feature","properties":{"name":null},"geometry":{"type":"Polygon","coordinates":[[[-87.666945,41.876298],[-87.668999,41.876104],[-87.669003,41.876219],[-87.666945,41.876298]]]}},{"type":"Feature","properties":{"name":null},"geometry":{"type":"Polygon","coordinates":[[[-87.669763,41.876244],[-87.671176,41.87603],[-87.671182,41.876058],[-87.669763,41.876244]]]}},{"type":"Feature","properties":{"name":null},"geometry":{"type":"Polygon","coordinates":[[[-87.672333,41.876058],[-87.670394,41.876241],[-87.670385,41.876227],[-87.672333,41.876058]]]}},{"type":"Feature","properties":{"name":null},"geometry":{"type":"Polygon","coordinates":[[[-87.672556,41.87619],[-87.673927,41.876052],[-87.675154,41.876158],[-87.672556,41.87619]]]}},{"type":"Feature","properties":{"name":null},"geometry":{"type":"Polygon","coordinates":[[[-87.674309,41.875979],[-87.676333,41.876141],[-87.674294,41.876002],[-87.674309,41.875979]]]}},{"type":"Feature","properties":{"name":null},"geometry":{"type":"Polygon","coordinates":[[[-87.662925,41.876975],[-87.662703,41.876905],[-87.662923,41.876903],[-87.662925,41.876975]]]}},{"type":"Feature","properties":{"name":null},"geometry":{"type":"Polygon","coordinates":[[[-87.663476,41.876964],[-87.663256,41.876896],[-87.663474,41.876894],[-87.663476,41.876964]]]}},{"type":"Feature","properties":{"name":null},"geometry":{"type":"Polygon","coordinates":[[[-87.663202,41.878862],[-87.663277,41.87882],[-87.663429,41.87886],[-87.663202,41.878862]]]}},{"type":"Feature","properties":{"name":null},"geometry":{"type":"Polygon","coordinates":[[[-87.66353,41.878861],[-87.664193,41.878803],[-87.664194,41.87885],[-87.66353,41.878861]]]}},{"type":"Feature","properties":{"name":null},"geometry":{"type":"Polygon","coordinates":[[[-87.663744,41.878741],[-87.664178,41.878682],[-87.66418,41.878733],[-87.663744,41.878741]]]}},{"type":"Feature","properties":{"name":null},"geometry":{"type":"Polygon","coordinates":[[[-87.662674,41.87885],[-87.66238,41.878801],[-87.662672,41.878795],[-87.662674,41.87885]]]}},{"type":"Feature","properties":{"name":null},"geometry":{"type":"Polygon","coordinates":[[[-87.65692,41.878423],[-87.656564,41.8783],[-87.656915,41.878298],[-87.65692,41.878423]]]}},{"type":"Feature","properties":{"name":null},"geometry":{"type":"Polygon","coordinates":[[[-87.644997,41.86707],[-87.644882,41.866769],[-87.644834,41.866115],[-87.644997,41.86707]]]}},{"type":"Feature","properties":{"name":null},"geometry":{"type":"Polygon","coordinates":[[[-87.644887,41.865708],[-87.644987,41.865157],[-87.645015,41.866282],[-87.644887,41.865708]]]}},{"type":"Feature","properties":{"name":null},"geometry":{"type":"Polygon","coordinates":[[[-87.644118,41.865806],[-87.644298,41.866786],[-87.644175,41.867079],[-87.644118,41.865806]]]}},{"type":"Feature","properties":{"name":null},"geometry":{"type":"Polygon","coordinates":[[[-87.644165,41.868437],[-87.644311,41.869036],[-87.644352,41.869388],[-87.644165,41.868437]]]}},{"type":"Feature","properties":{"name":null},"geometry":{"type":"Polygon","coordinates":[[[-87.645214,41.869793],[-87.645338,41.870345],[-87.645551,41.87183],[-87.645214,41.869793]]]}},{"type":"Feature","properties":{"name":null},"geometry":{"type":"Polygon","coordinates":[[[-87.645465,41.86979],[-87.645774,41.870476],[-87.645844,41.872404],[-87.645465,41.86979]]]}},{"type":"Feature","properties":{"name":null},"geometry":{"type":"Polygon","coordinates":[[[-87.64628,41.874243],[-87.646022,41.873835],[-87.645783,41.873051],[-87.64628,41.874243]]]}},{"type":"Feature","properties":{"name":null},"geometry":{"type":"Polygon","coordinates":[[[-87.676759,41.876163],[-87.678221,41.875934],[-87.678222,41.875969],[-87.676759,41.876163]]]}},{"type":"Feature","properties":{"name":null},"geometry":{"type":"Polygon","coordinates":[[[-87.679,41.876127],[-87.678481,41.875998],[-87.679,41.875985],[-87.679,41.876127]]]}},{"type":"Feature","properties":{"name":null},"geometry":{"type":"Polygon","coordinates":[[[-87.655963,41.876351],[-87.656367,41.876448],[-87.655964,41.876453],[-87.655963,41.876351]]]}},{"type":"Feature","properties":{"name":null},"geometry":{"type":"Polygon","coordinates":[[[-87.678297,41.87511],[-87.679,41.875051],[-87.679,41.875175],[-87.678297,41.87511]]]}},{"type":"Feature","properties":{"name":null},"geometry":{"type":"Polygon","coordinates":[[[-87.678732,41.875234],[-87.676657,41.875286],[-87.676655,41.875135],[-87.678732,41.875234]]]}},{"type":"Feature","properties":{"name":null},"geometry":{"type":"Polygon","coordinates":[[[-87.635794,41.871909],[-87.636129,41.872209],[-87.636338,41.874288],[-87.635794,41.871909]]]}},{"type":"Feature","properties":{"name":null},"geometry":{"type":"Polygon","coordinates":[[[-87.6365,41.87289],[-87.636285,41.872252],[-87.636384,41.872156],[-87.6365,41.87289]]]}},{"type":"Feature","properties":{"name":null},"geometry":{"type":"Polygon","coordinates":[[[-87.631549,41.870678],[-87.631964,41.870881],[-87.631556,41.870885],[-87.631549,41.870678]]]}},{"type":"Feature","properties":{"name":null},"geometry":{"type":"Polygon","coordinates":[[[-87.631934,41.871327],[-87.631725,41.871536],[-87.631718,41.871329],[-87.631934,41.871327]]]}},{"type":"Feature","properties":{"name":null},"geometry":{"type":"Polygon","coordinates":[[[-87.619941,41.861],[-87.619847,41.86117],[-87.61981,41.861],[-87.619941,41.861]]]}},{"type":"Feature","properties":{"name":null},"geometry":{"type":"MultiPolygon","coordinates":[[[[-87.622206,41.861],[-87.621901,41.861025],[-87.621728,41.861],[-87.622206,41.861]]],[[[-87.62126,41.861006],[-87.621246,41.861],[-87.621267,41.861],[-87.62126,41.861006]]]]}},{"type":"Feature","properties":{"name":null},"geometry":{"type":"Polygon","coordinates":[[[-87.63039,41.861862],[-87.630342,41.862236],[-87.630364,41.861862],[-87.63039,41.861862]]]}},{"type":"Feature","properties":{"name":null},"geometry":{"type":"Polygon","coordinates":[[[-87.630361,41.861],[-87.630392,41.861793],[-87.630362,41.861792],[-87.630361,41.861]]]}},{"type":"Feature","properties":{"name":null},"geometry":{"type":"Polygon","coordinates":[[[-87.629553,41.861426],[-87.62974,41.861642],[-87.629566,41.861797],[-87.629553,41.861426]]]}},{"type":"Feature","properties":{"name":null},"geometry":{"type":"Polygon","coordinates":[[[-87.630126,41.86141],[-87.629692,41.861854],[-87.629825,41.861413],[-87.630126,41.86141]]]}},{"type":"Feature","properties":{"name":null},"geometry":{"type":"Polygon","coordinates":[[[-87.671082,41.861486],[-87.669457,41.862375],[-87.669435,41.861508],[-87.671082,41.861486]]]}},{"type":"Feature","properties":{"name":null},"geometry":{"type":"Polygon","coordinates":[[[-87.670719,41.863156],[-87.671109,41.862501],[-87.671132,41.863168],[-87.670719,41.863156]]]}},{"type":"Feature","properties":{"name":null},"geometry":{"type":"Polygon","coordinates":[[[-87.671135,41.863258],[-87.670636,41.864042],[-87.671031,41.863259],[-87.671135,41.863258]]]}},{"type":"Feature","properties":{"name":null},"geometry":{"type":"Polygon","coordinates":[[[-87.618267,41.861],[-87.620156,41.866047],[-87.620768,41.867377],[-87.620503,41.867338],[-87.618267,41.861]]]}},{"type":"Feature","properties":{"name":"The Green at 320"},"geometry":{"type":"Polygon","coordinates":[[[-87.640881,41.876909],[-87.640141,41.877654],[-87.640231,41.876875],[-87.640881,41.876909]]]}},{"type":"Feature","properties":{"name":null},"geometry":{"type":"Polygon","coordinates":[[[-87.64251,41.881739],[-87.642266,41.881596],[-87.642503,41.88162],[-87.64251,41.881739]]]}},{"type":"Feature","properties":{"name":null},"geometry":{"type":"Polygon","coordinates":[[[-87.648462,41.889094],[-87.648627,41.889092],[-87.648635,41.889243],[-87.648462,41.889094]]]}},{"type":"Feature","properties":{"name":null},"geometry":{"type":"Polygon","coordinates":[[[-87.649485,41.875949],[-87.649484,41.876037],[-87.649421,41.875932],[-87.649485,41.875949]]]}},{"type":"Feature","properties":{"name":null},"geometry":{"type":"Polygon","coordinates":[[[-87.647329,41.876151],[-87.647512,41.876004],[-87.648477,41.875945],[-87.647329,41.876151]]]}},{"type":"Feature","properties":{"name":null},"geometry":{"type":"Polygon","coordinates":[[[-87.647055,41.876283],[-87.646731,41.876481],[-87.647052,41.876234],[-87.647055,41.876283]]]}},{"type":"Feature","properties":{"name":null},"geometry":{"type":"Polygon","coordinates":[[[-87.60979,41.861495],[-87.607814,41.862563],[-87.607238,41.862217],[-87.608153,41.861452],[-87.609063,41.861339],[-87.60946,41.861398],[-87.60979,41.861495]]]}},{"type":"Feature","properties":{"name":null},"geometry":{"type":"Polygon","coordinates":[[[-87.638499,41.888031],[-87.638402,41.887918],[-87.638497,41.887917],[-87.638499,41.888031]]]}},{"type":"Feature","properties":{"name":null},"geometry":{"type":"Polygon","coordinates":[[[-87.661778,41.878867],[-87.661803,41.878891],[-87.661318,41.878908],[-87.661778,41.878867]]]}},{"type":"Feature","properties":{"name":null},"geometry":{"type":"Polygon","coordinates":[[[-87.660942,41.878908],[-87.660435,41.878746],[-87.660937,41.878741],[-87.660942,41.878908]]]}},{"type":"Feature","properties":{"name":null},"geometry":{"type":"Polygon","coordinates":[[[-87.660292,41.878919],[-87.660206,41.87875],[-87.660287,41.878749],[-87.660292,41.878919]]]}},{"type":"Feature","properties":{"name":null},"geometry":{"type":"Polygon","coordinates":[[[-87.659881,41.878925],[-87.65961,41.878767],[-87.659874,41.878763],[-87.659881,41.878925]]]}},{"type":"Feature","properties":{"name":null},"geometry":{"type":"Polygon","coordinates":[[[-87.659902,41.878544],[-87.659977,41.87832],[-87.659984,41.878543],[-87.659902,41.878544]]]}},{"type":"Feature","properties":{"name":null},"geometry":{"type":"Polygon","coordinates":[[[-87.659586,41.877844],[-87.659976,41.878295],[-87.659588,41.878023],[-87.659586,41.877844]]]}},{"type":"Feature","properties":{"name":null},"geometry":{"type":"Polygon","coordinates":[[[-87.659603,41.878021],[-87.659652,41.877868],[-87.659723,41.877931],[-87.659603,41.878021]]]}},{"type":"Feature","properties":{"name":null},"geometry":{"type":"Polygon","coordinates":[[[-87.660209,41.878092],[-87.659788,41.878103],[-87.660265,41.878048],[-87.660209,41.878092]]]}},{"type":"Feature","properties":{"name":null},"geometry":{"type":"Polygon","coordinates":[[[-87.661207,41.87895],[-87.66121,41.878665],[-87.661339,41.87889],[-87.661207,41.87895]]]}},{"type":"Feature","properties":{"name":null},"geometry":{"type":"Polygon","coordinates":[[[-87.66072,41.878586],[-87.660552,41.878252],[-87.660705,41.878248],[-87.66072,41.878586]]]}},{"type":"Feature","properties":{"name":null},"geometry":{"type":"Polygon","coordinates":[[[-87.661218,41.878164],[-87.660409,41.878088],[-87.661219,41.87803],[-87.661218,41.878164]]]}},{"type":"Feature","properties":{"name":null},"geometry":{"type":"Polygon","coordinates":[[[-87.661218,41.877999],[-87.660404,41.87784],[-87.661211,41.877821],[-87.661218,41.877999]]]}},{"type":"Feature","properties":{"name":null},"geometry":{"type":"Polygon","coordinates":[[[-87.638561,41.861],[-87.638912,41.861412],[-87.638236,41.861391],[-87.638561,41.861]]]}},{"type":"Feature","properties":{"name":null},"geometry":{"type":"Polygon","coordinates":[[[-87.6392,41.861157],[-87.640124,41.861001],[-87.640126,41.861142],[-87.6392,41.861157]]]}},{"type":"Feature","properties":{"name":null},"geometry":{"type":"Polygon","coordinates":[[[-87.639677,41.861473],[-87.639214,41.861353],[-87.639674,41.861401],[-87.639677,41.861473]]]}},{"type":"Feature","properties":{"name":null},"geometry":{"type":"Polygon","coordinates":[[[-87.668856,41.861],[-87.669447,41.861336],[-87.668874,41.861339],[-87.668856,41.861]]]}},{"type":"Feature","properties":{"name":null},"geometry":{"type":"Polygon","coordinates":[[[-87.670077,41.861322],[-87.669718,41.86123],[-87.670077,41.861188],[-87.670077,41.861322]]]}},{"type":"Feature","properties":{"name":null},"geometry":{"type":"Polygon","coordinates":[[[-87.661042,41.877192],[-87.660868,41.877246],[-87.660874,41.87718],[-87.661042,41.877192]]]}},{"type":"Feature","properties":{"name":null},"geometry":{"type":"Polygon","coordinates":[[[-87.663361,41.869229],[-87.66317,41.869011],[-87.663353,41.869008],[-87.663361,41.869229]]]}},{"type":"Feature","properties":{"name":null},"geometry":{"type":"Polygon","coordinates":[[[-87.679,41.863053],[-87.678108,41.863016],[-87.679,41.863004],[-87.679,41.863053]]]}},{"type":"Feature","properties":{"name":null},"geometry":{"type":"Polygon","coordinates":[[[-87.642165,41.861276],[-87.642106,41.861199],[-87.64406,41.861172],[-87.642165,41.861276]]]}},{"type":"Feature","properties":{"name":null},"geometry":{"type":"Polygon","coordinates":[[[-87.642118,41.861592],[-87.644093,41.861739],[-87.644094,41.861761],[-87.64209,41.861792],[-87.642118,41.861592]]]}},{"type":"Feature","properties":{"name":null},"geometry":{"type":"Polygon","coordinates":[[[-87.644101,41.865227],[-87.644005,41.864381],[-87.644178,41.864151],[-87.644101,41.865227]]]}},{"type":"Feature","properties":{"name":null},"geometry":{"type":"Polygon","coordinates":[[[-87.644245,41.865227],[-87.644219,41.86492],[-87.644237,41.864919],[-87.644245,41.865227]]]}},{"type":"Feature","properties":{"name":null},"geometry":{"type":"Polygon","coordinates":[[[-87.644973,41.864093],[-87.644853,41.865214],[-87.644821,41.863938],[-87.644973,41.864093]]]}},{"type":"Feature","properties":{"name":null},"geometry":{"type":"Polygon","coordinates":[[[-87.639088,41.867097],[-87.638087,41.867074],[-87.639089,41.867052],[-87.639088,41.867097]]]}},{"type":"Feature","properties":{"name":null},"geometry":{"type":"Polygon","coordinates":[[[-87.636414,41.87456],[-87.637097,41.87544],[-87.636685,41.875104],[-87.636414,41.87456]]]}},{"type":"Feature","properties":{"name":null},"geometry":{"type":"Polygon","coordinates":[[[-87.619978,41.866267],[-87.620008,41.866135],[-87.620098,41.866466],[-87.619978,41.866267]]]}},{"type":"Feature","properties":{"name":null},"geometry":{"type":"Polygon","coordinates":[[[-87.618703,41.862733],[-87.618595,41.862673],[-87.618085,41.86113],[-87.618703,41.862733]]]}},{"type":"Feature","properties":{"name":null},"geometry":{"type":"Polygon","coordinates":[[[-87.629098,41.875864],[-87.628854,41.875814],[-87.629097,41.875811],[-87.629098,41.875864]]]}},{"type":"Feature","properties":{"name":null},"geometry":{"type":"Polygon","coordinates":[[[-87.657971,41.885377],[-87.658103,41.885245],[-87.658017,41.885376],[-87.657971,41.885377]]]}},{"type":"Feature","properties":{"name":null},"geometry":{"type":"Polygon","coordinates":[[[-87.658164,41.885373],[-87.658054,41.885375],[-87.65816,41.885149],[-87.658164,41.885373]]]}},{"type":"Feature","properties":{"name":null},"geometry":{"type":"Polygon","coordinates":[[[-87.63232,41.893064],[-87.632355,41.892622],[-87.632364,41.893037],[-87.63232,41.893064]]]}},{"type":"Feature","properties":{"name":null},"geometry":{"type":"Polygon","coordinates":[[[-87.63217,41.893118],[-87.631875,41.893085],[-87.632169,41.89308],[-87.63217,41.893118]]]}},{"type":"Feature","properties":{"name":null},"geometry":{"type":"Polygon","coordinates":[[[-87.632185,41.893059],[-87.631872,41.893017],[-87.63219,41.893006],[-87.632185,41.893059]]]}},{"type":"Feature","properties":{"name":null},"geometry":{"type":"Polygon","coordinates":[[[-87.63194,41.892642],[-87.631793,41.892612],[-87.632177,41.89261],[-87.63194,41.892642]]]}},{"type":"Feature","properties":{"name":null},"geometry":{"type":"Polygon","coordinates":[[[-87.632164,41.892523],[-87.631318,41.892543],[-87.631303,41.892591],[-87.631302,41.892535],[-87.632164,41.892523]]]}},{"type":"Feature","properties":{"name":null},"geometry":{"type":"Polygon","coordinates":[[[-87.63227,41.892521],[-87.63244,41.89309],[-87.632288,41.893117],[-87.63227,41.892521]]]}},{"type":"Feature","properties":{"name":null},"geometry":{"type":"Polygon","coordinates":[[[-87.677109,41.884148],[-87.67685,41.884345],[-87.676841,41.88415],[-87.677109,41.884148]]]}},{"type":"Feature","properties":{"name":null},"geometry":{"type":"Polygon","coordinates":[[[-87.644798,41.861731],[-87.644722,41.861],[-87.644776,41.861],[-87.644798,41.861731]]]}},{"type":"Feature","properties":{"name":null},"geometry":{"type":"Polygon","coordinates":[[[-87.653302,41.897098],[-87.652943,41.897295],[-87.652938,41.897104],[-87.653302,41.897098]]]}},{"type":"Feature","properties":{"name":null},"geometry":{"type":"Polygon","coordinates":[[[-87.653909,41.897188],[-87.654495,41.8964],[-87.654527,41.896399],[-87.653909,41.897188]]]}},{"type":"Feature","properties":{"name":null},"geometry":{"type":"Polygon","coordinates":[[[-87.655001,41.895843],[-87.655253,41.895594],[-87.655011,41.895858],[-87.655001,41.895843]]]}},{"type":"Feature","properties":{"name":null},"geometry":{"type":"Polygon","coordinates":[[[-87.660169,41.889721],[-87.660029,41.889859],[-87.660306,41.889547],[-87.660169,41.889721]]]}},{"type":"Feature","properties":{"name":null},"geometry":{"type":"Polygon","coordinates":[[[-87.671841,41.880158],[-87.671869,41.88017],[-87.671846,41.880668],[-87.671841,41.880158]]]}},{"type":"Feature","properties":{"name":null},"geometry":{"type":"Polygon","coordinates":[[[-87.671905,41.880009],[-87.67299,41.880063],[-87.671903,41.880067],[-87.671905,41.880009]]]}},{"type":"Feature","properties":{"name":null},"geometry":{"type":"Polygon","coordinates":[[[-87.653909,41.893696],[-87.65481,41.894055],[-87.655181,41.894288],[-87.653909,41.893696]]]}},{"type":"Feature","properties":{"name":null},"geometry":{"type":"Polygon","coordinates":[[[-87.66295,41.878094],[-87.663033,41.878262],[-87.662954,41.878264],[-87.66295,41.878094]]]}},{"type":"Feature","properties":{"name":null},"geometry":{"type":"Polygon","coordinates":[[[-87.663189,41.87822],[-87.663099,41.877893],[-87.663178,41.877893],[-87.663189,41.87822]]]}},{"type":"Feature","properties":{"name":null},"geometry":{"type":"Polygon","coordinates":[[[-87.661129,41.878735],[-87.660997,41.878909],[-87.660991,41.878737],[-87.661129,41.878735]]]}},{"type":"Feature","properties":{"name":null},"geometry":{"type":"Polygon","coordinates":[[[-87.659985,41.878566],[-87.65991,41.878927],[-87.659902,41.878568],[-87.659985,41.878566]]]}},{"type":"Feature","properties":{"name":null},"geometry":{"type":"Polygon","coordinates":[[[-87.661662,41.877837],[-87.661775,41.877809],[-87.661778,41.877963],[-87.661662,41.877837]]]}},{"type":"Feature","properties":{"name":null},"geometry":{"type":"Polygon","coordinates":[[[-87.661782,41.878045],[-87.661799,41.878664],[-87.661751,41.878045],[-87.661782,41.878045]]]}},{"type":"Feature","properties":{"name":null},"geometry":{"type":"Polygon","coordinates":[[[-87.66115,41.87825],[-87.661238,41.878576],[-87.661159,41.878577],[-87.66115,41.87825]]]}},{"type":"Feature","properties":{"name":null},"geometry":{"type":"Polygon","coordinates":[[[-87.632488,41.868191],[-87.632623,41.868369],[-87.632543,41.86849],[-87.632488,41.868191]]]}},{"type":"Feature","properties":{"name":null},"geometry":{"type":"Polygon","coordinates":[[[-87.632599,41.868227],[-87.6327,41.868176],[-87.632705,41.868401],[-87.632599,41.868227]]]}},{"type":"Feature","properties":{"name":null},"geometry":{"type":"Polygon","coordinates":[[[-87.664774,41.873254],[-87.665304,41.873388],[-87.664699,41.873368],[-87.664774,41.873254]]]}},{"type":"Feature","properties":{"name":null},"geometry":{"type":"Polygon","coordinates":[[[-87.620787,41.889024],[-87.62147,41.889038],[-87.621471,41.889082],[-87.620787,41.889024]]]}},{"type":"Feature","properties":{"name":null},"geometry":{"type":"Polygon","coordinates":[[[-87.638307,41.890034],[-87.638144,41.8902],[-87.638111,41.890037],[-87.638307,41.890034]]]}},{"type":"Feature","properties":{"name":null},"geometry":{"type":"Polygon","coordinates":[[[-87.638518,41.890199],[-87.638416,41.890032],[-87.638677,41.890191],[-87.638518,41.890199]]]}},{"type":"Feature","properties":{"name":null},"geometry":{"type":"Polygon","coordinates":[[[-87.637928,41.890154],[-87.638029,41.890037],[-87.63798,41.890284],[-87.637928,41.890154]]]}},{"type":"Feature","properties":{"name":null},"geometry":{"type":"Polygon","coordinates":[[[-87.630494,41.875804],[-87.630567,41.876278],[-87.630499,41.876309],[-87.630494,41.875804]]]}},{"type":"Feature","properties":{"name":null},"geometry":{"type":"Polygon","coordinates":[[[-87.629869,41.876805],[-87.630425,41.876767],[-87.63047,41.8768],[-87.629869,41.876805]]]}},{"type":"Feature","properties":{"name":null},"geometry":{"type":"Polygon","coordinates":[[[-87.673694,41.879019],[-87.673761,41.87936],[-87.673703,41.879369],[-87.673694,41.879019]]]}},{"type":"Feature","properties":{"name":null},"geometry":{"type":"Polygon","coordinates":[[[-87.673662,41.879019],[-87.673611,41.879362],[-87.673617,41.87902],[-87.673662,41.879019]]]}},{"type":"Feature","properties":{"name":null},"geometry":{"type":"Polygon","coordinates":[[[-87.67378,41.879972],[-87.673706,41.879427],[-87.673751,41.879427],[-87.67378,41.879972]]]}},{"type":"Feature","properties":{"name":null},"geometry":{"type":"Polygon","coordinates":[[[-87.673692,41.879987],[-87.673618,41.879438],[-87.673676,41.879428],[-87.673692,41.879987]]]}},{"type":"Feature","properties":{"name":null},"geometry":{"type":"Polygon","coordinates":[[[-87.673215,41.87888],[-87.673052,41.880022],[-87.673027,41.878883],[-87.673215,41.87888]]]}},{"type":"Feature","properties":{"name":null},"geometry":{"type":"Polygon","coordinates":[[[-87.644186,41.89002],[-87.643656,41.890082],[-87.643655,41.890029],[-87.644186,41.89002]]]}},{"type":"Feature","properties":{"name":null},"geometry":{"type":"Polygon","coordinates":[[[-87.645537,41.89],[-87.645538,41.890052],[-87.644503,41.890014],[-87.645537,41.89]]]}},{"type":"Feature","properties":{"name":null},"geometry":{"type":"Polygon","coordinates":[[[-87.646689,41.889984],[-87.646151,41.890047],[-87.646151,41.889991],[-87.646689,41.889984]]]}},{"type":"Feature","properties":{"name":null},"geometry":{"type":"Polygon","coordinates":[[[-87.647489,41.889976],[-87.646773,41.890037],[-87.646772,41.889983],[-87.647489,41.889976]]]}},{"type":"Feature","properties":{"name":null},"geometry":{"type":"Polygon","coordinates":[[[-87.648153,41.889968],[-87.647717,41.890024],[-87.647716,41.889975],[-87.648153,41.889968]]]}},{"type":"Feature","properties":{"name":null},"geometry":{"type":"Polygon","coordinates":[[[-87.648224,41.889967],[-87.648633,41.890017],[-87.648225,41.890001],[-87.648224,41.889967]]]}},{"type":"Feature","properties":{"name":null},"geometry":{"type":"Polygon","coordinates":[[[-87.658856,41.889862],[-87.657487,41.889927],[-87.657485,41.889883],[-87.658856,41.889862]]]}},{"type":"Feature","properties":{"name":null},"geometry":{"type":"Polygon","coordinates":[[[-87.655887,41.889899],[-87.657241,41.889928],[-87.655888,41.889946],[-87.655887,41.889899]]]}},{"type":"Feature","properties":{"name":null},"geometry":{"type":"Polygon","coordinates":[[[-87.655201,41.889903],[-87.655648,41.889946],[-87.655202,41.88995],[-87.655201,41.889903]]]}},{"type":"Feature","properties":{"name":null},"geometry":{"type":"Polygon","coordinates":[[[-87.655152,41.889903],[-87.654725,41.889956],[-87.654725,41.889908],[-87.655152,41.889903]]]}},{"type":"Feature","properties":{"name":null},"geometry":{"type":"Polygon","coordinates":[[[-87.653318,41.889919],[-87.652887,41.889967],[-87.652884,41.889922],[-87.653318,41.889919]]]}},{"type":"Feature","properties":{"name":null},"geometry":{"type":"Polygon","coordinates":[[[-87.652811,41.889924],[-87.652403,41.88998],[-87.6524,41.889929],[-87.652811,41.889924]]]}},{"type":"Feature","properties":{"name":null},"geometry":{"type":"Polygon","coordinates":[[[-87.65215,41.889932],[-87.651721,41.889983],[-87.65172,41.889936],[-87.65215,41.889932]]]}},{"type":"Feature","properties":{"name":null},"geometry":{"type":"Polygon","coordinates":[[[-87.651654,41.889937],[-87.651235,41.889992],[-87.651234,41.889941],[-87.651654,41.889937]]]}},{"type":"Feature","properties":{"name":null},"geometry":{"type":"Polygon","coordinates":[[[-87.650981,41.889942],[-87.650564,41.889995],[-87.650561,41.889947],[-87.650981,41.889942]]]}},{"type":"Feature","properties":{"name":null},"geometry":{"type":"Polygon","coordinates":[[[-87.650487,41.889948],[-87.650067,41.890001],[-87.650068,41.889954],[-87.650487,41.889948]]]}},{"type":"Feature","properties":{"name":null},"geometry":{"type":"Polygon","coordinates":[[[-87.657289,41.889003],[-87.657279,41.889211],[-87.657112,41.889005],[-87.657289,41.889003]]]}},{"type":"Feature","properties":{"name":null},"geometry":{"type":"Polygon","coordinates":[[[-87.674642,41.881557],[-87.674599,41.882039],[-87.674596,41.881558],[-87.674642,41.881557]]]}},{"type":"Feature","properties":{"name":null},"geometry":{"type":"Polygon","coordinates":[[[-87.674687,41.882046],[-87.674732,41.881563],[-87.67473,41.882045],[-87.674687,41.882046]]]}},{"type":"Feature","properties":{"name":null},"geometry":{"type":"Polygon","coordinates":[[[-87.650424,41.870192],[-87.650317,41.870531],[-87.649916,41.870542],[-87.650424,41.870192]]]}},{"type":"Feature","properties":{"name":null},"geometry":{"type":"Polygon","coordinates":[[[-87.650733,41.870013],[-87.650554,41.870066],[-87.650665,41.869931],[-87.650733,41.870013]]]}},{"type":"Feature","properties":{"name":null},"geometry":{"type":"Polygon","coordinates":[[[-87.650614,41.870461],[-87.650484,41.870584],[-87.650337,41.870556],[-87.650614,41.870461]]]}},{"type":"Feature","properties":{"name":null},"geometry":{"type":"Polygon","coordinates":[[[-87.649786,41.871402],[-87.649794,41.871215],[-87.649908,41.871296],[-87.649786,41.871402]]]}},{"type":"Feature","properties":{"name":null},"geometry":{"type":"Polygon","coordinates":[[[-87.648757,41.871203],[-87.648947,41.871331],[-87.648738,41.871231],[-87.648757,41.871203]]]}},{"type":"Feature","properties":{"name":null},"geometry":{"type":"Polygon","coordinates":[[[-87.64871,41.871247],[-87.64871,41.871496],[-87.648701,41.87125],[-87.64871,41.871247]]]}},{"type":"Feature","properties":{"name":null},"geometry":{"type":"Polygon","coordinates":[[[-87.648659,41.871249],[-87.648672,41.871497],[-87.648453,41.8715],[-87.648659,41.871249]]]}},{"type":"Feature","properties":{"name":null},"geometry":{"type":"Polygon","coordinates":[[[-87.648427,41.871213],[-87.648503,41.871327],[-87.648431,41.871474],[-87.648427,41.871213]]]}},{"type":"Feature","properties":{"name":null},"geometry":{"type":"Polygon","coordinates":[[[-87.647618,41.87119],[-87.64737,41.870864],[-87.64831,41.87118],[-87.647618,41.87119]]]}},{"type":"Feature","properties":{"name":null},"geometry":{"type":"Polygon","coordinates":[[[-87.650688,41.86991],[-87.65104,41.870535],[-87.650874,41.870554],[-87.650688,41.86991]]]}},{"type":"Feature","properties":{"name":null},"geometry":{"type":"Polygon","coordinates":[[[-87.650748,41.87311],[-87.650547,41.873233],[-87.650352,41.873116],[-87.650748,41.87311]]]}},{"type":"Feature","properties":{"name":null},"geometry":{"type":"Polygon","coordinates":[[[-87.649869,41.873152],[-87.650215,41.873738],[-87.649914,41.873783],[-87.649869,41.873152]]]}},{"type":"Feature","properties":{"name":null},"geometry":{"type":"Polygon","coordinates":[[[-87.650737,41.873768],[-87.650542,41.873268],[-87.650792,41.873418],[-87.650737,41.873768]]]}},{"type":"Feature","properties":{"name":null},"geometry":{"type":"Polygon","coordinates":[[[-87.649208,41.873791],[-87.64921,41.873497],[-87.649684,41.873785],[-87.649208,41.873791]]]}},{"type":"Feature","properties":{"name":null},"geometry":{"type":"Polygon","coordinates":[[[-87.649809,41.873152],[-87.6492,41.873454],[-87.649271,41.873136],[-87.649809,41.873152]]]}},{"type":"Feature","properties":{"name":null},"geometry":{"type":"Polygon","coordinates":[[[-87.64968,41.874013],[-87.649209,41.87382],[-87.64981,41.873859],[-87.64968,41.874013]]]}},{"type":"Feature","properties":{"name":null},"geometry":{"type":"Polygon","coordinates":[[[-87.648535,41.873104],[-87.648686,41.872911],[-87.648878,41.873095],[-87.648535,41.873104]]]}},{"type":"Feature","properties":{"name":null},"geometry":{"type":"Polygon","coordinates":[[[-87.648536,41.872678],[-87.648701,41.872853],[-87.648518,41.872704],[-87.648536,41.872678]]]}},{"type":"Feature","properties":{"name":null},"geometry":{"type":"Polygon","coordinates":[[[-87.648466,41.872703],[-87.648661,41.87289],[-87.64848,41.873071],[-87.648466,41.872703]]]}},{"type":"Feature","properties":{"name":null},"geometry":{"type":"Polygon","coordinates":[[[-87.64867,41.872425],[-87.648765,41.872542],[-87.648635,41.872506],[-87.64867,41.872425]]]}},{"type":"Feature","properties":{"name":null},"geometry":{"type":"Polygon","coordinates":[[[-87.649591,41.872303],[-87.649797,41.872301],[-87.649801,41.872527],[-87.649591,41.872303]]]}},{"type":"Feature","properties":{"name":null},"geometry":{"type":"Polygon","coordinates":[[[-87.649867,41.872531],[-87.649829,41.872301],[-87.650038,41.872298],[-87.649867,41.872531]]]}},{"type":"Feature","properties":{"name":null},"geometry":{"type":"Polygon","coordinates":[[[-87.650083,41.872625],[-87.649876,41.872578],[-87.650075,41.872329],[-87.650083,41.872625]]]}},{"type":"Feature","properties":{"name":null},"geometry":{"type":"Polygon","coordinates":[[[-87.650075,41.873069],[-87.649868,41.873058],[-87.649863,41.872913],[-87.650075,41.873069]]]}},{"type":"Feature","properties":{"name":null},"geometry":{"type":"Polygon","coordinates":[[[-87.649908,41.873975],[-87.649914,41.87381],[-87.65011,41.873816],[-87.649908,41.873975]]]}},{"type":"Feature","properties":{"name":null},"geometry":{"type":"Polygon","coordinates":[[[-87.649719,41.873002],[-87.649815,41.873058],[-87.649475,41.873087],[-87.649719,41.873002]]]}},{"type":"Feature","properties":{"name":null},"geometry":{"type":"Polygon","coordinates":[[[-87.649566,41.872608],[-87.649765,41.872586],[-87.649753,41.872604],[-87.649566,41.872608]]]}},{"type":"Feature","properties":{"name":null},"geometry":{"type":"Polygon","coordinates":[[[-87.648336,41.872944],[-87.648145,41.872653],[-87.64843,41.872656],[-87.648336,41.872944]]]}},{"type":"Feature","properties":{"name":null},"geometry":{"type":"Polygon","coordinates":[[[-87.648307,41.872968],[-87.64813,41.873095],[-87.648128,41.87297],[-87.648307,41.872968]]]}},{"type":"Feature","properties":{"name":null},"geometry":{"type":"Polygon","coordinates":[[[-87.648438,41.872908],[-87.648379,41.873096],[-87.648169,41.873102],[-87.648438,41.872908]]]}},{"type":"Feature","properties":{"name":null},"geometry":{"type":"Polygon","coordinates":[[[-87.648902,41.872579],[-87.648804,41.872409],[-87.64885,41.872363],[-87.648902,41.872579]]]}},{"type":"Feature","properties":{"name":null},"geometry":{"type":"Polygon","coordinates":[[[-87.650094,41.871708],[-87.650213,41.871495],[-87.650223,41.871705],[-87.650094,41.871708]]]}},{"type":"Feature","properties":{"name":null},"geometry":{"type":"Polygon","coordinates":[[[-87.650018,41.871209],[-87.650242,41.871467],[-87.650028,41.871445],[-87.650018,41.871209]]]}},{"type":"Feature","properties":{"name":null},"geometry":{"type":"Polygon","coordinates":[[[-87.64983,41.870754],[-87.650163,41.870607],[-87.650181,41.870753],[-87.64983,41.870754]]]}},{"type":"Feature","properties":{"name":null},"geometry":{"type":"Polygon","coordinates":[[[-87.650835,41.873065],[-87.650696,41.872895],[-87.651611,41.87305],[-87.650835,41.873065]]]}},{"type":"Feature","properties":{"name":null},"geometry":{"type":"Polygon","coordinates":[[[-87.650836,41.873111],[-87.651757,41.873408],[-87.650836,41.873404],[-87.650836,41.873111]]]}},{"type":"Feature","properties":{"name":null},"geometry":{"type":"Polygon","coordinates":[[[-87.651263,41.87356],[-87.651266,41.873443],[-87.651371,41.873443],[-87.651263,41.87356]]]}},{"type":"Feature","properties":{"name":null},"geometry":{"type":"Polygon","coordinates":[[[-87.651407,41.873654],[-87.651504,41.87344],[-87.651759,41.873438],[-87.651407,41.873654]]]}},{"type":"Feature","properties":{"name":null},"geometry":{"type":"Polygon","coordinates":[[[-87.637976,41.892745],[-87.637998,41.892775],[-87.637475,41.893002],[-87.637976,41.892745]]]}},{"type":"Feature","properties":{"name":null},"geometry":{"type":"Polygon","coordinates":[[[-87.636295,41.876236],[-87.636546,41.876519],[-87.636598,41.876619],[-87.636295,41.876236]]]}},{"type":"Feature","properties":{"name":null},"geometry":{"type":"Polygon","coordinates":[[[-87.665744,41.879731],[-87.665928,41.879859],[-87.665748,41.879873],[-87.665744,41.879731]]]}},{"type":"Feature","properties":{"name":null},"geometry":{"type":"Polygon","coordinates":[[[-87.663815,41.862526],[-87.663973,41.862454],[-87.66397,41.862536],[-87.663815,41.862526]]]}},{"type":"Feature","properties":{"name":null},"geometry":{"type":"Polygon","coordinates":[[[-87.653557,41.876695],[-87.65349,41.877108],[-87.653432,41.876712],[-87.653557,41.876695]]]}},{"type":"Feature","properties":{"name":null},"geometry":{"type":"Polygon","coordinates":[[[-87.642605,41.874497],[-87.642596,41.875221],[-87.642577,41.874497],[-87.642605,41.874497]]]}},{"type":"Feature","properties":{"name":null},"geometry":{"type":"Polygon","coordinates":[[[-87.643755,41.874482],[-87.643746,41.875206],[-87.643696,41.874482],[-87.643755,41.874482]]]}},{"type":"Feature","properties":{"name":null},"geometry":{"type":"Polygon","coordinates":[[[-87.663276,41.881408],[-87.663273,41.881348],[-87.664277,41.881393],[-87.663276,41.881408]]]}},{"type":"Feature","properties":{"name":null},"geometry":{"type":"Polygon","coordinates":[[[-87.662994,41.880679],[-87.662663,41.880331],[-87.662994,41.880327],[-87.662994,41.880679]]]}},{"type":"Feature","properties":{"name":null},"geometry":{"type":"Polygon","coordinates":[[[-87.663104,41.880355],[-87.663184,41.880813],[-87.663094,41.880669],[-87.663104,41.880355]]]}},{"type":"Feature","properties":{"name":null},"geometry":{"type":"Polygon","coordinates":[[[-87.646921,41.876029],[-87.646467,41.876622],[-87.646293,41.876624],[-87.646921,41.876029]]]}},{"type":"Feature","properties":{"name":null},"geometry":{"type":"Polygon","coordinates":[[[-87.646349,41.876285],[-87.646628,41.876031],[-87.646669,41.876033],[-87.646349,41.876285]]]}},{"type":"Feature","properties":{"name":null},"geometry":{"type":"Polygon","coordinates":[[[-87.646215,41.87679],[-87.646219,41.87719],[-87.646203,41.877188],[-87.646215,41.87679]]]}},{"type":"Feature","properties":{"name":null},"geometry":{"type":"Polygon","coordinates":[[[-87.646806,41.876784],[-87.64626,41.87787],[-87.646433,41.876948],[-87.646806,41.876784]]]}},{"type":"Feature","properties":{"name":null},"geometry":{"type":"Polygon","coordinates":[[[-87.646678,41.87481],[-87.647006,41.874993],[-87.647006,41.875034],[-87.646678,41.87481]]]}},{"type":"Feature","properties":{"name":null},"geometry":{"type":"Polygon","coordinates":[[[-87.64729,41.875113],[-87.647582,41.875192],[-87.647771,41.875233],[-87.64729,41.875113]]]}},{"type":"Feature","properties":{"name":null},"geometry":{"type":"Polygon","coordinates":[[[-87.650758,41.890652],[-87.650193,41.890352],[-87.649933,41.890171],[-87.650758,41.890652]]]}},{"type":"Feature","properties":{"name":null},"geometry":{"type":"Polygon","coordinates":[[[-87.67382,41.881582],[-87.673777,41.882063],[-87.67376,41.881569],[-87.67382,41.881582]]]}},{"type":"Feature","properties":{"name":null},"geometry":{"type":"Polygon","coordinates":[[[-87.673746,41.882063],[-87.673667,41.881585],[-87.673733,41.88157],[-87.673746,41.882063]]]}},{"type":"Feature","properties":{"name":null},"geometry":{"type":"Polygon","coordinates":[[[-87.671859,41.881219],[-87.671887,41.881142],[-87.672421,41.881293],[-87.671859,41.881219]]]}},{"type":"Feature","properties":{"name":null},"geometry":{"type":"Polygon","coordinates":[[[-87.670319,41.881526],[-87.670111,41.88225],[-87.67005,41.881527],[-87.670319,41.881526]]]}},{"type":"Feature","properties":{"name":null},"geometry":{"type":"Polygon","coordinates":[[[-87.674662,41.882185],[-87.673773,41.882119],[-87.674662,41.882107],[-87.674662,41.882185]]]}},{"type":"Feature","properties":{"name":null},"geometry":{"type":"Polygon","coordinates":[[[-87.662926,41.885101],[-87.663044,41.884721],[-87.66327,41.884393],[-87.662926,41.885101]]]}},{"type":"Feature","properties":{"name":null},"geometry":{"type":"Polygon","coordinates":[[[-87.644106,41.876313],[-87.64424,41.87597],[-87.644544,41.876373],[-87.644106,41.876313]]]}},{"type":"Feature","properties":{"name":null},"geometry":{"type":"Polygon","coordinates":[[[-87.644422,41.876648],[-87.644631,41.876477],[-87.644752,41.876645],[-87.644422,41.876648]]]}},{"type":"Feature","properties":{"name":null},"geometry":{"type":"Polygon","coordinates":[[[-87.64625,41.88],[-87.646203,41.879829],[-87.646284,41.879454],[-87.64625,41.88]]]}},{"type":"Feature","properties":{"name":null},"geometry":{"type":"Polygon","coordinates":[[[-87.646326,41.878901],[-87.646344,41.87864],[-87.646358,41.879146],[-87.646326,41.878901]]]}},{"type":"Feature","properties":{"name":null},"geometry":{"type":"Polygon","coordinates":[[[-87.646237,41.878062],[-87.646232,41.878976],[-87.646217,41.878978],[-87.646237,41.878062]]]}},{"type":"Feature","properties":{"name":null},"geometry":{"type":"Polygon","coordinates":[[[-87.646261,41.880605],[-87.646201,41.881688],[-87.64615,41.881688],[-87.646261,41.880605]]]}},{"type":"Feature","properties":{"name":null},"geometry":{"type":"Polygon","coordinates":[[[-87.644427,41.874445],[-87.64447,41.874593],[-87.64443,41.874642],[-87.644427,41.874445]]]}},{"type":"Feature","properties":{"name":null},"geometry":{"type":"Polygon","coordinates":[[[-87.646348,41.871917],[-87.64677,41.871951],[-87.646329,41.871934],[-87.646348,41.871917]]]}},{"type":"Feature","properties":{"name":null},"geometry":{"type":"Polygon","coordinates":[[[-87.65094,41.869656],[-87.649816,41.869821],[-87.649752,41.869677],[-87.65094,41.869656]]]}},{"type":"Feature","properties":{"name":null},"geometry":{"type":"Polygon","coordinates":[[[-87.646938,41.875315],[-87.647017,41.875187],[-87.647021,41.875311],[-87.646938,41.875315]]]}},{"type":"Feature","properties":{"name":null},"geometry":{"type":"Polygon","coordinates":[[[-87.663157,41.884125],[-87.662078,41.884144],[-87.662078,41.884118],[-87.663157,41.884125]]]}},{"type":"Feature","properties":{"name":null},"geometry":{"type":"Polygon","coordinates":[[[-87.661766,41.884141],[-87.66081,41.884154],[-87.66081,41.88413],[-87.661766,41.884141]]]}},{"type":"Feature","properties":{"name":null},"geometry":{"type":"Polygon","coordinates":[[[-87.662213,41.884238],[-87.66086,41.884254],[-87.662213,41.88421],[-87.662213,41.884238]]]}},{"type":"Feature","properties":{"name":null},"geometry":{"type":"Polygon","coordinates":[[[-87.662509,41.884211],[-87.663003,41.884278],[-87.662509,41.884233],[-87.662509,41.884211]]]}},{"type":"Feature","properties":{"name":null},"geometry":{"type":"Polygon","coordinates":[[[-87.658978,41.884178],[-87.658978,41.884156],[-87.660536,41.884155],[-87.658978,41.884178]]]}},{"type":"Feature","properties":{"name":null},"geometry":{"type":"Polygon","coordinates":[[[-87.660575,41.884235],[-87.658986,41.884279],[-87.658985,41.884257],[-87.660575,41.884235]]]}},{"type":"Feature","properties":{"name":null},"geometry":{"type":"Polygon","coordinates":[[[-87.658693,41.884182],[-87.657807,41.884193],[-87.657807,41.884174],[-87.658693,41.884182]]]}},{"type":"Feature","properties":{"name":null},"geometry":{"type":"Polygon","coordinates":[[[-87.658693,41.884282],[-87.657808,41.884293],[-87.657808,41.884274],[-87.658693,41.884282]]]}},{"type":"Feature","properties":{"name":null},"geometry":{"type":"Polygon","coordinates":[[[-87.657541,41.884181],[-87.656879,41.88421],[-87.656879,41.884189],[-87.657541,41.884181]]]}},{"type":"Feature","properties":{"name":null},"geometry":{"type":"Polygon","coordinates":[[[-87.657546,41.884278],[-87.656919,41.88431],[-87.656919,41.884286],[-87.657546,41.884278]]]}},{"type":"Feature","properties":{"name":null},"geometry":{"type":"Polygon","coordinates":[[[-87.656587,41.884214],[-87.655754,41.884228],[-87.656586,41.884192],[-87.656587,41.884214]]]}},{"type":"Feature","properties":{"name":null},"geometry":{"type":"Polygon","coordinates":[[[-87.656296,41.884297],[-87.65576,41.884328],[-87.655758,41.884309],[-87.656296,41.884297]]]}},{"type":"Feature","properties":{"name":null},"geometry":{"type":"Polygon","coordinates":[[[-87.655464,41.884212],[-87.654587,41.88425],[-87.654585,41.884226],[-87.655464,41.884212]]]}},{"type":"Feature","properties":{"name":null},"geometry":{"type":"Polygon","coordinates":[[[-87.655468,41.884312],[-87.65459,41.88435],[-87.654588,41.884326],[-87.655468,41.884312]]]}},{"type":"Feature","properties":{"name":null},"geometry":{"type":"Polygon","coordinates":[[[-87.654298,41.884234],[-87.65342,41.884272],[-87.653419,41.884248],[-87.654298,41.884234]]]}},{"type":"Feature","properties":{"name":null},"geometry":{"type":"Polygon","coordinates":[[[-87.654302,41.884332],[-87.653424,41.88437],[-87.653423,41.884346],[-87.654302,41.884332]]]}},{"type":"Feature","properties":{"name":null},"geometry":{"type":"Polygon","coordinates":[[[-87.653134,41.884278],[-87.652298,41.884295],[-87.652299,41.884271],[-87.653134,41.884278]]]}},{"type":"Feature","properties":{"name":null},"geometry":{"type":"Polygon","coordinates":[[[-87.653135,41.884376],[-87.652299,41.884392],[-87.6523,41.884369],[-87.653135,41.884376]]]}},{"type":"Feature","properties":{"name":null},"geometry":{"type":"Polygon","coordinates":[[[-87.651946,41.884299],[-87.651091,41.884315],[-87.651944,41.884278],[-87.651946,41.884299]]]}},{"type":"Feature","properties":{"name":null},"geometry":{"type":"Polygon","coordinates":[[[-87.65172,41.884401],[-87.651094,41.884413],[-87.651095,41.884389],[-87.65172,41.884401]]]}},{"type":"Feature","properties":{"name":null},"geometry":{"type":"Polygon","coordinates":[[[-87.650805,41.884297],[-87.649969,41.884333],[-87.649967,41.884314],[-87.650805,41.884297]]]}},{"type":"Feature","properties":{"name":null},"geometry":{"type":"Polygon","coordinates":[[[-87.650806,41.884396],[-87.64997,41.884432],[-87.649969,41.884412],[-87.650806,41.884396]]]}},{"type":"Feature","properties":{"name":null},"geometry":{"type":"Polygon","coordinates":[[[-87.649634,41.884435],[-87.648758,41.88445],[-87.648758,41.884429],[-87.649634,41.884435]]]}},{"type":"Feature","properties":{"name":null},"geometry":{"type":"Polygon","coordinates":[[[-87.662519,41.885722],[-87.662351,41.886142],[-87.662153,41.886467],[-87.662519,41.885722]]]}},{"type":"Feature","properties":{"name":null},"geometry":{"type":"Polygon","coordinates":[[[-87.661909,41.886863],[-87.661669,41.887379],[-87.661592,41.88738],[-87.661909,41.886863]]]}},{"type":"Feature","properties":{"name":null},"geometry":{"type":"Polygon","coordinates":[[[-87.662451,41.886232],[-87.662435,41.886505],[-87.662304,41.886507],[-87.662451,41.886232]]]}},{"type":"Feature","properties":{"name":null},"geometry":{"type":"Polygon","coordinates":[[[-87.659414,41.890569],[-87.65962,41.890428],[-87.659272,41.890811],[-87.659414,41.890569]]]}},{"type":"Feature","properties":{"name":null},"geometry":{"type":"Polygon","coordinates":[[[-87.658585,41.891558],[-87.65864,41.891584],[-87.658427,41.891749],[-87.658585,41.891558]]]}},{"type":"Feature","properties":{"name":null},"geometry":{"type":"Polygon","coordinates":[[[-87.657928,41.892438],[-87.657836,41.89244],[-87.658381,41.891894],[-87.657928,41.892438]]]}},{"type":"Feature","properties":{"name":null},"geometry":{"type":"Polygon","coordinates":[[[-87.657556,41.892866],[-87.657668,41.892638],[-87.657734,41.892668],[-87.657556,41.892866]]]}},{"type":"Feature","properties":{"name":null},"geometry":{"type":"Polygon","coordinates":[[[-87.657334,41.896126],[-87.656557,41.895451],[-87.655788,41.895206],[-87.655929,41.895139],[-87.656656,41.895487],[-87.657334,41.896126]]]}},{"type":"Feature","properties":{"name":null},"geometry":{"type":"Polygon","coordinates":[[[-87.627301,41.861],[-87.627275,41.861485],[-87.627264,41.861],[-87.627301,41.861]]]}},{"type":"Feature","properties":{"name":null},"geometry":{"type":"Polygon","coordinates":[[[-87.627344,41.862891],[-87.627326,41.863579],[-87.627312,41.862892],[-87.627344,41.862891]]]}},{"type":"Feature","properties":{"name":null},"geometry":{"type":"Polygon","coordinates":[[[-87.627388,41.864229],[-87.62737,41.865617],[-87.627356,41.86423],[-87.627388,41.864229]]]}},{"type":"Feature","properties":{"name":null},"geometry":{"type":"Polygon","coordinates":[[[-87.627439,41.866617],[-87.627388,41.866165],[-87.62738,41.865903],[-87.627439,41.866617]]]}},{"type":"Feature","properties":{"name":null},"geometry":{"type":"Polygon","coordinates":[[[-87.627465,41.869082],[-87.627448,41.868292],[-87.627484,41.868292],[-87.627465,41.869082]]]}},{"type":"Feature","properties":{"name":null},"geometry":{"type":"Polygon","coordinates":[[[-87.627522,41.869738],[-87.627483,41.870036],[-87.627477,41.869738],[-87.627522,41.869738]]]}},{"type":"Feature","properties":{"name":null},"geometry":{"type":"Polygon","coordinates":[[[-87.627553,41.871373],[-87.627507,41.871041],[-87.627542,41.871041],[-87.627553,41.871373]]]}},{"type":"Feature","properties":{"name":null},"geometry":{"type":"Polygon","coordinates":[[[-87.627588,41.872929],[-87.627541,41.872488],[-87.627577,41.872488],[-87.627588,41.872929]]]}},{"type":"Feature","properties":{"name":null},"geometry":{"type":"Polygon","coordinates":[[[-87.643174,41.882928],[-87.642896,41.883063],[-87.642849,41.882933],[-87.643174,41.882928]]]}},{"type":"Feature","properties":{"name":null},"geometry":{"type":"Polygon","coordinates":[[[-87.643237,41.882928],[-87.643978,41.883056],[-87.64324,41.883062],[-87.643237,41.882928]]]}},{"type":"Feature","properties":{"name":null},"geometry":{"type":"Polygon","coordinates":[[[-87.643985,41.88201],[-87.643828,41.882099],[-87.64383,41.882059],[-87.643985,41.88201]]]}},{"type":"Feature","properties":{"name":null},"geometry":{"type":"Polygon","coordinates":[[[-87.642828,41.882214],[-87.642906,41.8821],[-87.642878,41.882213],[-87.642828,41.882214]]]}},{"type":"Feature","properties":{"name":null},"geometry":{"type":"Polygon","coordinates":[[[-87.67872,41.871547],[-87.678935,41.872311],[-87.678745,41.872444],[-87.67872,41.871547]]]}},{"type":"Feature","properties":{"name":null},"geometry":{"type":"Polygon","coordinates":[[[-87.67711,41.872747],[-87.677113,41.872959],[-87.676873,41.872942],[-87.67711,41.872747]]]}},{"type":"Feature","properties":{"name":null},"geometry":{"type":"Polygon","coordinates":[[[-87.677244,41.872772],[-87.677133,41.872961],[-87.677153,41.872711],[-87.677244,41.872772]]]}},{"type":"Feature","properties":{"name":null},"geometry":{"type":"Polygon","coordinates":[[[-87.677477,41.872899],[-87.677286,41.872768],[-87.677476,41.872765],[-87.677477,41.872899]]]}},{"type":"Feature","properties":{"name":null},"geometry":{"type":"Polygon","coordinates":[[[-87.677446,41.872953],[-87.677263,41.872784],[-87.677444,41.872907],[-87.677446,41.872953]]]}},{"type":"Feature","properties":{"name":null},"geometry":{"type":"Polygon","coordinates":[[[-87.677469,41.872598],[-87.677262,41.872754],[-87.677174,41.872695],[-87.677469,41.872598]]]}},{"type":"Feature","properties":{"name":null},"geometry":{"type":"Polygon","coordinates":[[[-87.677471,41.872583],[-87.677302,41.872584],[-87.677466,41.872448],[-87.677471,41.872583]]]}},{"type":"Feature","properties":{"name":null},"geometry":{"type":"Polygon","coordinates":[[[-87.676338,41.872],[-87.676399,41.872467],[-87.676354,41.872608],[-87.676338,41.872]]]}},{"type":"Feature","properties":{"name":null},"geometry":{"type":"Polygon","coordinates":[[[-87.676465,41.874544],[-87.676466,41.874909],[-87.676454,41.874545],[-87.676465,41.874544]]]}},{"type":"Feature","properties":{"name":null},"geometry":{"type":"Polygon","coordinates":[[[-87.676273,41.869647],[-87.676348,41.870232],[-87.67629,41.870234],[-87.676273,41.869647]]]}},{"type":"Feature","properties":{"name":null},"geometry":{"type":"Polygon","coordinates":[[[-87.676345,41.870355],[-87.676306,41.870751],[-87.676299,41.870356],[-87.676345,41.870355]]]}},{"type":"Feature","properties":{"name":null},"geometry":{"type":"Polygon","coordinates":[[[-87.615853,41.884439],[-87.615623,41.884651],[-87.615345,41.884654],[-87.615345,41.884442],[-87.615853,41.884439]]]}},{"type":"Feature","properties":{"name":null},"geometry":{"type":"Polygon","coordinates":[[[-87.678269,41.87195],[-87.677901,41.87228],[-87.67789,41.872266],[-87.678269,41.87195]]]}},{"type":"Feature","properties":{"name":null},"geometry":{"type":"Polygon","coordinates":[[[-87.662407,41.88313],[-87.661929,41.883018],[-87.66241,41.883017],[-87.662407,41.88313]]]}},{"type":"Feature","properties":{"name":null},"geometry":{"type":"Polygon","coordinates":[[[-87.661111,41.883596],[-87.660759,41.883981],[-87.660753,41.883599],[-87.661111,41.883596]]]}},{"type":"Feature","properties":{"name":null},"geometry":{"type":"Polygon","coordinates":[[[-87.642217,41.901],[-87.642546,41.900958],[-87.642547,41.901],[-87.642217,41.901]]]}},{"type":"Feature","properties":{"name":"Healing Garden"},"geometry":{"type":"Polygon","coordinates":[[[-87.668451,41.871692],[-87.668934,41.872338],[-87.668474,41.872344],[-87.668451,41.871692]]]}},{"type":"Feature","properties":{"name":null},"geometry":{"type":"Polygon","coordinates":[[[-87.64537,41.884308],[-87.645295,41.884168],[-87.645362,41.88365],[-87.64537,41.884308]]]}},{"type":"Feature","properties":{"name":null},"geometry":{"type":"Polygon","coordinates":[[[-87.646517,41.880415],[-87.646371,41.879372],[-87.646472,41.879322],[-87.646517,41.880415]]]}},{"type":"Feature","properties":{"name":null},"geometry":{"type":"Polygon","coordinates":[[[-87.645282,41.877885],[-87.644989,41.87719],[-87.644675,41.876805],[-87.644858,41.876807],[-87.645282,41.877885]]]}},{"type":"Feature","properties":{"name":null},"geometry":{"type":"Polygon","coordinates":[[[-87.642004,41.883063],[-87.642546,41.882754],[-87.642548,41.883055],[-87.642004,41.883063]]]}},{"type":"Feature","properties":{"name":null},"geometry":{"type":"Polygon","coordinates":[[[-87.659431,41.88059],[-87.658952,41.880719],[-87.658946,41.880601],[-87.659431,41.88059]]]}},{"type":"Feature","properties":{"name":null},"geometry":{"type":"Polygon","coordinates":[[[-87.630656,41.883758],[-87.630496,41.883653],[-87.630654,41.883651],[-87.630656,41.883758]]]}},{"type":"Feature","properties":{"name":null},"geometry":{"type":"Polygon","coordinates":[[[-87.630656,41.883433],[-87.630776,41.883604],[-87.630661,41.883605],[-87.630656,41.883433]]]}},{"type":"Feature","properties":{"name":null},"geometry":{"type":"Polygon","coordinates":[[[-87.630528,41.866028],[-87.630517,41.866379],[-87.630394,41.866029],[-87.630528,41.866028]]]}},{"type":"Feature","properties":{"name":null},"geometry":{"type":"Polygon","coordinates":[[[-87.630483,41.866643],[-87.630551,41.867002],[-87.630487,41.867103],[-87.630483,41.866643]]]}},{"type":"Feature","properties":{"name":null},"geometry":{"type":"Polygon","coordinates":[[[-87.636883,41.882996],[-87.636959,41.882129],[-87.636942,41.883022],[-87.636883,41.882996]]]}},{"type":"Feature","properties":{"name":null},"geometry":{"type":"Polygon","coordinates":[[[-87.636627,41.880814],[-87.636505,41.880746],[-87.636606,41.880742],[-87.636627,41.880814]]]}},{"type":"Feature","properties":{"name":null},"geometry":{"type":"Polygon","coordinates":[[[-87.635561,41.880748],[-87.635506,41.880867],[-87.63545,41.880785],[-87.635561,41.880748]]]}},{"type":"Feature","properties":{"name":"Northern Trust open space"},"geometry":{"type":"Polygon","coordinates":[[[-87.633665,41.880766],[-87.633485,41.881151],[-87.633441,41.880766],[-87.633665,41.880766]]]}},{"type":"Feature","properties":{"name":null},"geometry":{"type":"Polygon","coordinates":[[[-87.630416,41.880818],[-87.630435,41.880831],[-87.630422,41.881178],[-87.630416,41.880818]]]}},{"type":"Feature","properties":{"name":null},"geometry":{"type":"Polygon","coordinates":[[[-87.630379,41.881226],[-87.630353,41.881257],[-87.630348,41.880896],[-87.630379,41.881226]]]}},{"type":"Feature","properties":{"name":null},"geometry":{"type":"Polygon","coordinates":[[[-87.629914,41.881265],[-87.629882,41.880987],[-87.630197,41.8809],[-87.629914,41.881265]]]}},{"type":"Feature","properties":{"name":null},"geometry":{"type":"Polygon","coordinates":[[[-87.637578,41.878762],[-87.637362,41.878629],[-87.637532,41.878626],[-87.637578,41.878762]]]}},{"type":"Feature","properties":{"name":null},"geometry":{"type":"Polygon","coordinates":[[[-87.637533,41.884359],[-87.637503,41.884137],[-87.637743,41.883316],[-87.637533,41.884359]]]}},{"type":"Feature","properties":{"name":null},"geometry":{"type":"Polygon","coordinates":[[[-87.635916,41.884584],[-87.635548,41.884775],[-87.635543,41.884585],[-87.635916,41.884584]]]}},{"type":"Feature","properties":{"name":null},"geometry":{"type":"Polygon","coordinates":[[[-87.632457,41.884677],[-87.63247,41.885264],[-87.632445,41.885264],[-87.632457,41.884677]]]}},{"type":"Feature","properties":{"name":null},"geometry":{"type":"Polygon","coordinates":[[[-87.632012,41.884605],[-87.631581,41.884726],[-87.631473,41.884611],[-87.632012,41.884605]]]}},{"type":"Feature","properties":{"name":null},"geometry":{"type":"Polygon","coordinates":[[[-87.649079,41.8718],[-87.649429,41.872001],[-87.649008,41.871943],[-87.649079,41.8718]]]}},{"type":"Feature","properties":{"name":null},"geometry":{"type":"Polygon","coordinates":[[[-87.666912,41.872388],[-87.666754,41.872464],[-87.666753,41.87239],[-87.666912,41.872388]]]}},{"type":"Feature","properties":{"name":null},"geometry":{"type":"Polygon","coordinates":[[[-87.66709,41.872386],[-87.666932,41.872462],[-87.66693,41.872388],[-87.66709,41.872386]]]}},{"type":"Feature","properties":{"name":null},"geometry":{"type":"Polygon","coordinates":[[[-87.667094,41.872473],[-87.666941,41.872597],[-87.666934,41.872476],[-87.667094,41.872473]]]}},{"type":"Feature","properties":{"name":null},"geometry":{"type":"Polygon","coordinates":[[[-87.666915,41.872477],[-87.666761,41.8726],[-87.666755,41.872479],[-87.666915,41.872477]]]}},{"type":"Feature","properties":{"name":null},"geometry":{"type":"Polygon","coordinates":[[[-87.666918,41.872614],[-87.666761,41.872721],[-87.666759,41.872615],[-87.666918,41.872614]]]}},{"type":"Feature","properties":{"name":null},"geometry":{"type":"Polygon","coordinates":[[[-87.667099,41.87261],[-87.666942,41.872717],[-87.666939,41.872611],[-87.667099,41.87261]]]}},{"type":"Feature","properties":{"name":null},"geometry":{"type":"Polygon","coordinates":[[[-87.667398,41.872381],[-87.667117,41.872458],[-87.667113,41.872386],[-87.667398,41.872381]]]}},{"type":"Feature","properties":{"name":null},"geometry":{"type":"Polygon","coordinates":[[[-87.667401,41.872468],[-87.667122,41.872595],[-87.667119,41.872473],[-87.667401,41.872468]]]}},{"type":"Feature","properties":{"name":null},"geometry":{"type":"Polygon","coordinates":[[[-87.667405,41.872606],[-87.667127,41.872714],[-87.667123,41.872611],[-87.667405,41.872606]]]}},{"type":"Feature","properties":{"name":null},"geometry":{"type":"Polygon","coordinates":[[[-87.667408,41.872725],[-87.66713,41.872771],[-87.667129,41.872729],[-87.667408,41.872725]]]}},{"type":"Feature","properties":{"name":null},"geometry":{"type":"Polygon","coordinates":[[[-87.636584,41.885906],[-87.636414,41.88584],[-87.636625,41.885843],[-87.636584,41.885906]]]}},{"type":"Feature","properties":{"name":null},"geometry":{"type":"Polygon","coordinates":[[[-87.634936,41.887083],[-87.634457,41.887077],[-87.634301,41.887083],[-87.634319,41.887061],[-87.634936,41.887083]]]}},{"type":"Feature","properties":{"name":null},"geometry":{"type":"Polygon","coordinates":[[[-87.634178,41.886864],[-87.634596,41.886901],[-87.63416,41.886881],[-87.634178,41.886864]]]}},{"type":"Feature","properties":{"name":null},"geometry":{"type":"Polygon","coordinates":[[[-87.630329,41.885863],[-87.630123,41.886267],[-87.630115,41.885866],[-87.630329,41.885863]]]}},{"type":"Feature","properties":{"name":null},"geometry":{"type":"Polygon","coordinates":[[[-87.629341,41.886897],[-87.629004,41.886866],[-87.629341,41.886866],[-87.629341,41.886897]]]}},{"type":"Feature","properties":{"name":null},"geometry":{"type":"Polygon","coordinates":[[[-87.624538,41.887521],[-87.624593,41.887906],[-87.624568,41.888091],[-87.624538,41.887521]]]}},{"type":"Feature","properties":{"name":null},"geometry":{"type":"Polygon","coordinates":[[[-87.636934,41.883799],[-87.636927,41.883361],[-87.63695,41.883806],[-87.636934,41.883799]]]}},{"type":"Feature","properties":{"name":null},"geometry":{"type":"Polygon","coordinates":[[[-87.636911,41.880493],[-87.636811,41.87977],[-87.636833,41.879527],[-87.636911,41.880493]]]}},{"type":"Feature","properties":{"name":null},"geometry":{"type":"Polygon","coordinates":[[[-87.636295,41.878376],[-87.636171,41.878535],[-87.636131,41.878378],[-87.636295,41.878376]]]}},{"type":"Feature","properties":{"name":null},"geometry":{"type":"Polygon","coordinates":[[[-87.636208,41.879217],[-87.63653,41.879262],[-87.636209,41.879267],[-87.636208,41.879217]]]}},{"type":"Feature","properties":{"name":null},"geometry":{"type":"Polygon","coordinates":[[[-87.635491,41.879207],[-87.63542,41.879277],[-87.635413,41.878996],[-87.635491,41.879207]]]}},{"type":"Feature","properties":{"name":null},"geometry":{"type":"Polygon","coordinates":[[[-87.635745,41.878202],[-87.635474,41.878556],[-87.635408,41.878782],[-87.635394,41.878206],[-87.635745,41.878202]]]}},{"type":"Feature","properties":{"name":"The Willis Terrace"},"geometry":{"type":"Polygon","coordinates":[[[-87.636505,41.87828],[-87.636028,41.878322],[-87.635467,41.878292],[-87.636505,41.87828]]]}},{"type":"Feature","properties":{"name":null},"geometry":{"type":"Polygon","coordinates":[[[-87.636593,41.880479],[-87.636045,41.8801],[-87.636585,41.880095],[-87.636593,41.880479]]]}},{"type":"Feature","properties":{"name":null},"geometry":{"type":"Polygon","coordinates":[[[-87.636354,41.880376],[-87.63621,41.880283],[-87.636379,41.880321],[-87.636354,41.880376]]]}},{"type":"Feature","properties":{"name":null},"geometry":{"type":"Polygon","coordinates":[[[-87.629086,41.880863],[-87.629161,41.881215],[-87.629096,41.88122],[-87.629086,41.880863]]]}},{"type":"Feature","properties":{"name":null},"geometry":{"type":"Polygon","coordinates":[[[-87.628171,41.881027],[-87.627991,41.880859],[-87.628155,41.880857],[-87.628171,41.881027]]]}},{"type":"Feature","properties":{"name":null},"geometry":{"type":"Polygon","coordinates":[[[-87.625801,41.881537],[-87.625962,41.881104],[-87.625975,41.881533],[-87.625801,41.881537]]]}},{"type":"Feature","properties":{"name":null},"geometry":{"type":"Polygon","coordinates":[[[-87.625126,41.881177],[-87.624781,41.881113],[-87.625123,41.881105],[-87.625126,41.881177]]]}},{"type":"Feature","properties":{"name":null},"geometry":{"type":"Polygon","coordinates":[[[-87.627281,41.882521],[-87.626941,41.882517],[-87.626939,41.882457],[-87.627281,41.882521]]]}},{"type":"Feature","properties":{"name":null},"geometry":{"type":"Polygon","coordinates":[[[-87.626631,41.882588],[-87.626471,41.88252],[-87.626627,41.882517],[-87.626631,41.882588]]]}},{"type":"Feature","properties":{"name":null},"geometry":{"type":"Polygon","coordinates":[[[-87.62643,41.882591],[-87.626766,41.882393],[-87.626767,41.882493],[-87.62643,41.882591]]]}},{"type":"Feature","properties":{"name":null},"geometry":{"type":"Polygon","coordinates":[[[-87.626654,41.882395],[-87.6264,41.882211],[-87.626876,41.882202],[-87.626654,41.882395]]]}},{"type":"Feature","properties":{"name":null},"geometry":{"type":"Polygon","coordinates":[[[-87.637531,41.883931],[-87.637234,41.88338],[-87.637514,41.883377],[-87.637531,41.883931]]]}},{"type":"Feature","properties":{"name":null},"geometry":{"type":"Polygon","coordinates":[[[-87.637615,41.883839],[-87.637563,41.883544],[-87.63766,41.883542],[-87.637615,41.883839]]]}},{"type":"Feature","properties":{"name":null},"geometry":{"type":"Polygon","coordinates":[[[-87.637558,41.883514],[-87.637665,41.883383],[-87.637666,41.88351],[-87.637558,41.883514]]]}},{"type":"Feature","properties":{"name":null},"geometry":{"type":"Polygon","coordinates":[[[-87.636638,41.884693],[-87.635974,41.884597],[-87.636635,41.884595],[-87.636638,41.884693]]]}},{"type":"Feature","properties":{"name":null},"geometry":{"type":"Polygon","coordinates":[[[-87.636643,41.884949],[-87.635975,41.884841],[-87.636643,41.884841],[-87.636643,41.884949]]]}},{"type":"Feature","properties":{"name":null},"geometry":{"type":"Polygon","coordinates":[[[-87.634683,41.885067],[-87.634591,41.884897],[-87.634678,41.884898],[-87.634683,41.885067]]]}},{"type":"Feature","properties":{"name":null},"geometry":{"type":"Polygon","coordinates":[[[-87.635061,41.884597],[-87.634714,41.885065],[-87.634713,41.884598],[-87.635061,41.884597]]]}},{"type":"Feature","properties":{"name":null},"geometry":{"type":"Polygon","coordinates":[[[-87.634984,41.884923],[-87.634864,41.884764],[-87.635034,41.884764],[-87.634984,41.884923]]]}},{"type":"Feature","properties":{"name":null},"geometry":{"type":"Polygon","coordinates":[[[-87.635215,41.885065],[-87.635053,41.884852],[-87.635215,41.884852],[-87.635215,41.885065]]]}},{"type":"Feature","properties":{"name":null},"geometry":{"type":"Polygon","coordinates":[[[-87.625966,41.884899],[-87.626065,41.884754],[-87.62607,41.884897],[-87.625966,41.884899]]]}},{"type":"Feature","properties":{"name":null},"geometry":{"type":"Polygon","coordinates":[[[-87.625124,41.88518],[-87.624888,41.885079],[-87.625125,41.885076],[-87.625124,41.88518]]]}},{"type":"Feature","properties":{"name":null},"geometry":{"type":"Polygon","coordinates":[[[-87.625297,41.88534],[-87.625468,41.885264],[-87.625469,41.885309],[-87.625297,41.88534]]]}},{"type":"Feature","properties":{"name":null},"geometry":{"type":"Polygon","coordinates":[[[-87.625322,41.885635],[-87.625318,41.885444],[-87.625535,41.885633],[-87.625322,41.885635]]]}},{"type":"Feature","properties":{"name":null},"geometry":{"type":"Polygon","coordinates":[[[-87.636573,41.881228],[-87.635684,41.881076],[-87.636614,41.881113],[-87.636573,41.881228]]]}},{"type":"Feature","properties":{"name":null},"geometry":{"type":"Polygon","coordinates":[[[-87.615527,41.885861],[-87.615413,41.886078],[-87.615356,41.885849],[-87.615527,41.885861]]]}},{"type":"Feature","properties":{"name":null},"geometry":{"type":"Polygon","coordinates":[[[-87.615273,41.885915],[-87.615182,41.886092],[-87.615141,41.88589],[-87.615273,41.885915]]]}},{"type":"Feature","properties":{"name":null},"geometry":{"type":"Polygon","coordinates":[[[-87.615051,41.885952],[-87.614922,41.886208],[-87.614852,41.885992],[-87.615051,41.885952]]]}},{"type":"Feature","properties":{"name":null},"geometry":{"type":"Polygon","coordinates":[[[-87.6156,41.886079],[-87.615669,41.885991],[-87.61567,41.886079],[-87.6156,41.886079]]]}},{"type":"Feature","properties":{"name":null},"geometry":{"type":"Polygon","coordinates":[[[-87.615672,41.886143],[-87.614934,41.886231],[-87.615297,41.886092],[-87.615672,41.886143]]]}},{"type":"Feature","properties":{"name":null},"geometry":{"type":"Polygon","coordinates":[[[-87.615668,41.885947],[-87.615478,41.885864],[-87.615414,41.885838],[-87.615668,41.885947]]]}},{"type":"Feature","properties":{"name":null},"geometry":{"type":"Polygon","coordinates":[[[-87.615107,41.88732],[-87.614997,41.886882],[-87.615095,41.886881],[-87.615107,41.88732]]]}},{"type":"Feature","properties":{"name":null},"geometry":{"type":"Polygon","coordinates":[[[-87.617109,41.887574],[-87.617358,41.887605],[-87.617358,41.887676],[-87.617109,41.887574]]]}},{"type":"Feature","properties":{"name":null},"geometry":{"type":"Polygon","coordinates":[[[-87.617051,41.887769],[-87.617037,41.887627],[-87.617438,41.887788],[-87.617051,41.887769]]]}},{"type":"Feature","properties":{"name":null},"geometry":{"type":"Polygon","coordinates":[[[-87.616984,41.887642],[-87.616817,41.887429],[-87.616934,41.887436],[-87.616984,41.887642]]]}},{"type":"Feature","properties":{"name":null},"geometry":{"type":"Polygon","coordinates":[[[-87.617819,41.887736],[-87.617524,41.887618],[-87.617819,41.88762],[-87.617819,41.887736]]]}},{"type":"Feature","properties":{"name":null},"geometry":{"type":"Polygon","coordinates":[[[-87.617751,41.887397],[-87.617916,41.887486],[-87.617755,41.887438],[-87.617751,41.887397]]]}},{"type":"Feature","properties":{"name":null},"geometry":{"type":"Polygon","coordinates":[[[-87.61569,41.886276],[-87.615505,41.886789],[-87.615583,41.886277],[-87.61569,41.886276]]]}},{"type":"Feature","properties":{"name":null},"geometry":{"type":"Polygon","coordinates":[[[-87.617662,41.886806],[-87.618425,41.886878],[-87.617664,41.88689],[-87.617662,41.886806]]]}},{"type":"Feature","properties":{"name":null},"geometry":{"type":"Polygon","coordinates":[[[-87.614798,41.886422],[-87.615058,41.886881],[-87.614677,41.88669],[-87.614798,41.886422]]]}},{"type":"Feature","properties":{"name":null},"geometry":{"type":"Polygon","coordinates":[[[-87.616117,41.885807],[-87.615917,41.88602],[-87.615912,41.88581],[-87.616117,41.885807]]]}},{"type":"Feature","properties":{"name":null},"geometry":{"type":"Polygon","coordinates":[[[-87.615812,41.885615],[-87.61576,41.885252],[-87.615774,41.885241],[-87.615812,41.885615]]]}},{"type":"Feature","properties":{"name":null},"geometry":{"type":"Polygon","coordinates":[[[-87.614623,41.885911],[-87.614337,41.885985],[-87.61435,41.885828],[-87.614623,41.885911]]]}},{"type":"Feature","properties":{"name":null},"geometry":{"type":"Polygon","coordinates":[[[-87.620175,41.885101],[-87.619693,41.885268],[-87.619659,41.885106],[-87.620175,41.885101]]]}},{"type":"Feature","properties":{"name":null},"geometry":{"type":"Polygon","coordinates":[[[-87.619618,41.88508],[-87.620179,41.885292],[-87.619662,41.885297],[-87.619618,41.88508]]]}},{"type":"Feature","properties":{"name":null},"geometry":{"type":"Polygon","coordinates":[[[-87.620479,41.88545],[-87.619254,41.885419],[-87.620478,41.885406],[-87.620479,41.88545]]]}},{"type":"Feature","properties":{"name":null},"geometry":{"type":"Polygon","coordinates":[[[-87.618896,41.885038],[-87.618268,41.885376],[-87.618265,41.88509],[-87.618896,41.885038]]]}},{"type":"Feature","properties":{"name":null},"geometry":{"type":"Polygon","coordinates":[[[-87.618703,41.885256],[-87.618502,41.885331],[-87.618501,41.885257],[-87.618703,41.885256]]]}},{"type":"Feature","properties":{"name":null},"geometry":{"type":"Polygon","coordinates":[[[-87.618132,41.885194],[-87.618217,41.885209],[-87.617654,41.885201],[-87.618132,41.885194]]]}},{"type":"Feature","properties":{"name":null},"geometry":{"type":"Polygon","coordinates":[[[-87.618602,41.886863],[-87.618662,41.886797],[-87.618983,41.886794],[-87.618602,41.886863]]]}},{"type":"Feature","properties":{"name":null},"geometry":{"type":"Polygon","coordinates":[[[-87.628524,41.879879],[-87.628351,41.879828],[-87.628523,41.879835],[-87.628524,41.879879]]]}},{"type":"Feature","properties":{"name":null},"geometry":{"type":"Polygon","coordinates":[[[-87.628521,41.879737],[-87.628343,41.879791],[-87.62832,41.879692],[-87.628521,41.879737]]]}},{"type":"Feature","properties":{"name":null},"geometry":{"type":"Polygon","coordinates":[[[-87.628209,41.88004],[-87.627955,41.879582],[-87.628202,41.879581],[-87.628209,41.88004]]]}},{"type":"Feature","properties":{"name":null},"geometry":{"type":"Polygon","coordinates":[[[-87.62581,41.881466],[-87.625396,41.881299],[-87.62583,41.881361],[-87.62581,41.881466]]]}},{"type":"Feature","properties":{"name":null},"geometry":{"type":"Polygon","coordinates":[[[-87.636783,41.878634],[-87.636832,41.878245],[-87.636855,41.87923],[-87.636783,41.878634]]]}},{"type":"Feature","properties":{"name":null},"geometry":{"type":"Polygon","coordinates":[[[-87.628554,41.878302],[-87.628602,41.878668],[-87.628559,41.878669],[-87.628554,41.878302]]]}},{"type":"Feature","properties":{"name":null},"geometry":{"type":"Polygon","coordinates":[[[-87.627939,41.878321],[-87.62789,41.8783],[-87.62824,41.878295],[-87.627939,41.878321]]]}},{"type":"Feature","properties":{"name":null},"geometry":{"type":"Polygon","coordinates":[[[-87.638905,41.867719],[-87.639049,41.867891],[-87.638928,41.867885],[-87.638905,41.867719]]]}},{"type":"Feature","properties":{"name":null},"geometry":{"type":"Polygon","coordinates":[[[-87.665553,41.862002],[-87.663994,41.861572],[-87.66554,41.861548],[-87.665553,41.862002]]]}},{"type":"Feature","properties":{"name":null},"geometry":{"type":"Polygon","coordinates":[[[-87.663912,41.865942],[-87.665637,41.866439],[-87.663941,41.866443],[-87.663912,41.865942]]]}},{"type":"Feature","properties":{"name":null},"geometry":{"type":"Polygon","coordinates":[[[-87.663912,41.865942],[-87.662689,41.86649],[-87.662685,41.865963],[-87.663912,41.865942]]]}},{"type":"Feature","properties":{"name":null},"geometry":{"type":"Polygon","coordinates":[[[-87.613635,41.890855],[-87.6135,41.89094],[-87.613439,41.890777],[-87.613635,41.890855]]]}},{"type":"Feature","properties":{"name":null},"geometry":{"type":"Polygon","coordinates":[[[-87.61348,41.890749],[-87.613703,41.890654],[-87.613709,41.890931],[-87.61348,41.890749]]]}},{"type":"Feature","properties":{"name":null},"geometry":{"type":"Polygon","coordinates":[[[-87.612938,41.890942],[-87.613236,41.891025],[-87.611706,41.890998],[-87.612938,41.890942]]]}},{"type":"Feature","properties":{"name":null},"geometry":{"type":"Polygon","coordinates":[[[-87.636855,41.87792],[-87.636757,41.877933],[-87.636756,41.876958],[-87.636855,41.87792]]]}},{"type":"Feature","properties":{"name":null},"geometry":{"type":"Polygon","coordinates":[[[-87.636541,41.877055],[-87.635964,41.876931],[-87.635964,41.876912],[-87.636538,41.876908],[-87.636541,41.877055]]]}},{"type":"Feature","properties":{"name":null},"geometry":{"type":"Polygon","coordinates":[[[-87.636563,41.877996],[-87.635937,41.877617],[-87.636555,41.877608],[-87.636563,41.877996]]]}},{"type":"Feature","properties":{"name":null},"geometry":{"type":"Polygon","coordinates":[[[-87.633941,41.877545],[-87.633984,41.877694],[-87.633878,41.877695],[-87.633941,41.877545]]]}},{"type":"Feature","properties":{"name":"Met West Community Garden"},"geometry":{"type":"Polygon","coordinates":[[[-87.670214,41.892821],[-87.670375,41.892474],[-87.670385,41.892818],[-87.670214,41.892821]]]}},{"type":"Feature","properties":{"name":null},"geometry":{"type":"Polygon","coordinates":[[[-87.66556,41.868276],[-87.665089,41.867747],[-87.665542,41.867739],[-87.66556,41.868276]]]}},{"type":"Feature","properties":{"name":null},"geometry":{"type":"Polygon","coordinates":[[[-87.665987,41.868366],[-87.665747,41.868574],[-87.665743,41.868369],[-87.665987,41.868366]]]}},{"type":"Feature","properties":{"name":null},"geometry":{"type":"Polygon","coordinates":[[[-87.650361,41.879986],[-87.650389,41.879866],[-87.65053,41.880074],[-87.650361,41.879986]]]}},{"type":"Feature","properties":{"name":null},"geometry":{"type":"Polygon","coordinates":[[[-87.650587,41.880334],[-87.650385,41.880158],[-87.650631,41.88023],[-87.650587,41.880334]]]}},{"type":"Feature","properties":{"name":null},"geometry":{"type":"Polygon","coordinates":[[[-87.650463,41.879259],[-87.650076,41.879318],[-87.650043,41.879268],[-87.650463,41.879259]]]}},{"type":"Feature","properties":{"name":null},"geometry":{"type":"Polygon","coordinates":[[[-87.65044,41.879379],[-87.650673,41.879602],[-87.650648,41.879622],[-87.65044,41.879379]]]}},{"type":"Feature","properties":{"name":null},"geometry":{"type":"Polygon","coordinates":[[[-87.670715,41.868654],[-87.670317,41.869125],[-87.670305,41.868661],[-87.670715,41.868654]]]}},{"type":"Feature","properties":{"name":null},"geometry":{"type":"Polygon","coordinates":[[[-87.670786,41.868674],[-87.670748,41.869003],[-87.670736,41.868675],[-87.670786,41.868674]]]}},{"type":"Feature","properties":{"name":null},"geometry":{"type":"Polygon","coordinates":[[[-87.621671,41.889384],[-87.621995,41.889454],[-87.62155,41.88946],[-87.621671,41.889384]]]}},{"type":"Feature","properties":{"name":null},"geometry":{"type":"Polygon","coordinates":[[[-87.674951,41.874162],[-87.675472,41.874563],[-87.674311,41.874705],[-87.674951,41.874162]]]}},{"type":"Feature","properties":{"name":"Loomis Street Community Garden"},"geometry":{"type":"Polygon","coordinates":[[[-87.662053,41.879641],[-87.661946,41.879133],[-87.662031,41.879076],[-87.662053,41.879641]]]}},{"type":"Feature","properties":{"name":"Community Roots Demonstration Garden"},"geometry":{"type":"Polygon","coordinates":[[[-87.660227,41.879217],[-87.660279,41.879387],[-87.659984,41.879228],[-87.660227,41.879217]]]}},{"type":"Feature","properties":{"name":null},"geometry":{"type":"Polygon","coordinates":[[[-87.652702,41.867055],[-87.651829,41.867095],[-87.651821,41.867074],[-87.652702,41.867055]]]}},{"type":"Feature","properties":{"name":null},"geometry":{"type":"Polygon","coordinates":[[[-87.649775,41.874972],[-87.6496,41.875182],[-87.649598,41.875193],[-87.649613,41.874996],[-87.649775,41.874972]]]}},{"type":"Feature","properties":{"name":null},"geometry":{"type":"Polygon","coordinates":[[[-87.649916,41.874715],[-87.6499,41.874932],[-87.649641,41.874941],[-87.649916,41.874715]]]}},{"type":"Feature","properties":{"name":null},"geometry":{"type":"Polygon","coordinates":[[[-87.650032,41.874716],[-87.64998,41.874577],[-87.650042,41.874597],[-87.650032,41.874716]]]}},{"type":"Feature","properties":{"name":null},"geometry":{"type":"Polygon","coordinates":[[[-87.649775,41.874972],[-87.649968,41.875199],[-87.649598,41.875193],[-87.649775,41.874972]]]}},{"type":"Feature","properties":{"name":null},"geometry":{"type":"Polygon","coordinates":[[[-87.650145,41.875014],[-87.650067,41.874802],[-87.650147,41.874859],[-87.650145,41.875014]]]}},{"type":"Feature","properties":{"name":null},"geometry":{"type":"Polygon","coordinates":[[[-87.650643,41.874741],[-87.650429,41.87466],[-87.650758,41.874648],[-87.650643,41.874741]]]}},{"type":"Feature","properties":{"name":null},"geometry":{"type":"Polygon","coordinates":[[[-87.650232,41.874696],[-87.650388,41.874683],[-87.650636,41.87482],[-87.650232,41.874696]]]}},{"type":"Feature","properties":{"name":null},"geometry":{"type":"Polygon","coordinates":[[[-87.650933,41.87465],[-87.650956,41.874837],[-87.650743,41.874789],[-87.650933,41.87465]]]}},{"type":"Feature","properties":{"name":null},"geometry":{"type":"Polygon","coordinates":[[[-87.65135,41.874482],[-87.650805,41.874608],[-87.650094,41.874505],[-87.65135,41.874482]]]}},{"type":"Feature","properties":{"name":null},"geometry":{"type":"Polygon","coordinates":[[[-87.667486,41.876996],[-87.667259,41.877026],[-87.666869,41.877107],[-87.666862,41.877004],[-87.667486,41.876996]]]}},{"type":"Feature","properties":{"name":null},"geometry":{"type":"Polygon","coordinates":[[[-87.673949,41.872977],[-87.674677,41.873084],[-87.673952,41.873099],[-87.673949,41.872977]]]}},{"type":"Feature","properties":{"name":null},"geometry":{"type":"Polygon","coordinates":[[[-87.673922,41.873099],[-87.673407,41.872986],[-87.673918,41.872977],[-87.673922,41.873099]]]}},{"type":"Feature","properties":{"name":null},"geometry":{"type":"Polygon","coordinates":[[[-87.675105,41.873007],[-87.675584,41.873004],[-87.675642,41.873065],[-87.675143,41.873124],[-87.675067,41.873075],[-87.675105,41.873007]]]}},{"type":"Feature","properties":{"name":null},"geometry":{"type":"Polygon","coordinates":[[[-87.632291,41.869968],[-87.632814,41.870643],[-87.632308,41.870662],[-87.632291,41.869968]]]}},{"type":"Feature","properties":{"name":null},"geometry":{"type":"Polygon","coordinates":[[[-87.665666,41.87423],[-87.665062,41.874237],[-87.665929,41.874206],[-87.665666,41.87423]]]}},{"type":"Feature","properties":{"name":null},"geometry":{"type":"Polygon","coordinates":[[[-87.664554,41.874227],[-87.663597,41.874207],[-87.664556,41.874192],[-87.664554,41.874227]]]}},{"type":"Feature","properties":{"name":null},"geometry":{"type":"Polygon","coordinates":[[[-87.663304,41.874199],[-87.662385,41.874211],[-87.663409,41.87417],[-87.663304,41.874199]]]}},{"type":"Feature","properties":{"name":null},"geometry":{"type":"Polygon","coordinates":[[[-87.659632,41.874224],[-87.661167,41.874201],[-87.659632,41.874256],[-87.659632,41.874224]]]}},{"type":"Feature","properties":{"name":null},"geometry":{"type":"Polygon","coordinates":[[[-87.659288,41.874262],[-87.657535,41.87429],[-87.659414,41.874236],[-87.659288,41.874262]]]}},{"type":"Feature","properties":{"name":null},"geometry":{"type":"Polygon","coordinates":[[[-87.654413,41.874341],[-87.654929,41.8743],[-87.654945,41.874315],[-87.654413,41.874341]]]}},{"type":"Feature","properties":{"name":null},"geometry":{"type":"Polygon","coordinates":[[[-87.654375,41.874308],[-87.653472,41.874361],[-87.653448,41.874342],[-87.654375,41.874308]]]}},{"type":"Feature","properties":{"name":null},"geometry":{"type":"Polygon","coordinates":[[[-87.652938,41.874367],[-87.65334,41.874324],[-87.653356,41.874348],[-87.652938,41.874367]]]}},{"type":"Feature","properties":{"name":null},"geometry":{"type":"Polygon","coordinates":[[[-87.651636,41.874357],[-87.649912,41.874421],[-87.649911,41.874387],[-87.651636,41.874357]]]}},{"type":"Feature","properties":{"name":null},"geometry":{"type":"Polygon","coordinates":[[[-87.649823,41.87439],[-87.649256,41.874433],[-87.64924,41.874412],[-87.649823,41.87439]]]}},{"type":"Feature","properties":{"name":null},"geometry":{"type":"Polygon","coordinates":[[[-87.647991,41.874378],[-87.648405,41.874451],[-87.647848,41.874403],[-87.647991,41.874378]]]}},{"type":"Feature","properties":{"name":null},"geometry":{"type":"Polygon","coordinates":[[[-87.648443,41.872583],[-87.648264,41.872033],[-87.648386,41.872032],[-87.648443,41.872583]]]}},{"type":"Feature","properties":{"name":null},"geometry":{"type":"Polygon","coordinates":[[[-87.648713,41.872889],[-87.64889,41.87269],[-87.648914,41.873079],[-87.648713,41.872889]]]}},{"type":"Feature","properties":{"name":null},"geometry":{"type":"Polygon","coordinates":[[[-87.647599,41.873666],[-87.64912,41.873188],[-87.649162,41.873713],[-87.647599,41.873666]]]}},{"type":"Feature","properties":{"name":null},"geometry":{"type":"Polygon","coordinates":[[[-87.650278,41.87265],[-87.650104,41.872055],[-87.650259,41.872057],[-87.650278,41.87265]]]}},{"type":"Feature","properties":{"name":null},"geometry":{"type":"Polygon","coordinates":[[[-87.625947,41.864206],[-87.626483,41.864096],[-87.626488,41.864202],[-87.625947,41.864206]]]}},{"type":"Feature","properties":{"name":null},"geometry":{"type":"Polygon","coordinates":[[[-87.624262,41.87816],[-87.624348,41.877915],[-87.624356,41.878158],[-87.624262,41.87816]]]}},{"type":"Feature","properties":{"name":null},"geometry":{"type":"Polygon","coordinates":[[[-87.659104,41.889801],[-87.659778,41.889897],[-87.659106,41.88991],[-87.659104,41.889801]]]}},{"type":"Feature","properties":{"name":null},"geometry":{"type":"Polygon","coordinates":[[[-87.651088,41.87263],[-87.651159,41.872785],[-87.650899,41.872801],[-87.651088,41.87263]]]}},{"type":"Feature","properties":{"name":null},"geometry":{"type":"Polygon","coordinates":[[[-87.651105,41.872575],[-87.650739,41.872034],[-87.651083,41.872028],[-87.651105,41.872575]]]}},{"type":"Feature","properties":{"name":null},"geometry":{"type":"Polygon","coordinates":[[[-87.648016,41.873913],[-87.647964,41.874071],[-87.64776,41.874083],[-87.648016,41.873913]]]}},{"type":"Feature","properties":{"name":null},"geometry":{"type":"Polygon","coordinates":[[[-87.671439,41.865491],[-87.67366,41.865808],[-87.671451,41.865836],[-87.671439,41.865491]]]}},{"type":"Feature","properties":{"name":null},"geometry":{"type":"Polygon","coordinates":[[[-87.673644,41.865411],[-87.671421,41.86511],[-87.673639,41.865078],[-87.673644,41.865411]]]}},{"type":"Feature","properties":{"name":null},"geometry":{"type":"Polygon","coordinates":[[[-87.671424,41.864921],[-87.673624,41.864558],[-87.673636,41.864894],[-87.671424,41.864921]]]}},{"type":"Feature","properties":{"name":null},"geometry":{"type":"Polygon","coordinates":[[[-87.671418,41.864543],[-87.673619,41.86418],[-87.673626,41.864513],[-87.671418,41.864543]]]}},{"type":"Feature","properties":{"name":null},"geometry":{"type":"Polygon","coordinates":[[[-87.673614,41.863986],[-87.671386,41.863675],[-87.673602,41.863647],[-87.673614,41.863986]]]}},{"type":"Feature","properties":{"name":null},"geometry":{"type":"Polygon","coordinates":[[[-87.673601,41.8636],[-87.67138,41.863307],[-87.673586,41.863276],[-87.673601,41.8636]]]}},{"type":"Feature","properties":{"name":null},"geometry":{"type":"Polygon","coordinates":[[[-87.673834,41.86326],[-87.676044,41.863956],[-87.673851,41.863984],[-87.673834,41.86326]]]}},{"type":"Feature","properties":{"name":null},"geometry":{"type":"Polygon","coordinates":[[[-87.676064,41.870143],[-87.676134,41.869259],[-87.676161,41.870237],[-87.676064,41.870143]]]}},{"type":"Feature","properties":{"name":null},"geometry":{"type":"Polygon","coordinates":[[[-87.675982,41.869225],[-87.676093,41.869948],[-87.676009,41.870243],[-87.675982,41.869225]]]}},{"type":"Feature","properties":{"name":"North Rose Garden"},"geometry":{"type":"Polygon","coordinates":[[[-87.61917,41.878098],[-87.618865,41.877305],[-87.619085,41.877246],[-87.61917,41.878098]]]}},{"type":"Feature","properties":{"name":"South Rose Garden"},"geometry":{"type":"Polygon","coordinates":[[[-87.618765,41.873485],[-87.619094,41.874219],[-87.618902,41.874345],[-87.618765,41.873485]]]}},{"type":"Feature","properties":{"name":null},"geometry":{"type":"Polygon","coordinates":[[[-87.622612,41.861908],[-87.623196,41.861798],[-87.623199,41.86194],[-87.622612,41.861908]]]}},{"type":"Feature","properties":{"name":null},"geometry":{"type":"Polygon","coordinates":[[[-87.663452,41.884388],[-87.663283,41.884736],[-87.663255,41.884717],[-87.663452,41.884388]]]}},{"type":"Feature","properties":{"name":null},"geometry":{"type":"Polygon","coordinates":[[[-87.662956,41.884373],[-87.663024,41.884561],[-87.662641,41.885271],[-87.662956,41.884373]]]}},{"type":"Feature","properties":{"name":null},"geometry":{"type":"Polygon","coordinates":[[[-87.639604,41.870899],[-87.639525,41.870701],[-87.639596,41.870699],[-87.639604,41.870899]]]}},{"type":"Feature","properties":{"name":null},"geometry":{"type":"Polygon","coordinates":[[[-87.639612,41.8712],[-87.639534,41.871002],[-87.639604,41.871],[-87.639612,41.8712]]]}},{"type":"Feature","properties":{"name":null},"geometry":{"type":"Polygon","coordinates":[[[-87.646733,41.865746],[-87.646457,41.865808],[-87.646456,41.865752],[-87.646733,41.865746]]]}},{"type":"Feature","properties":{"name":null},"geometry":{"type":"Polygon","coordinates":[[[-87.645137,41.864357],[-87.646077,41.864236],[-87.64608,41.864343],[-87.645137,41.864357]]]}},{"type":"Feature","properties":{"name":null},"geometry":{"type":"Polygon","coordinates":[[[-87.645073,41.862464],[-87.64549,41.862279],[-87.645495,41.862459],[-87.645073,41.862464]]]}},{"type":"Feature","properties":{"name":null},"geometry":{"type":"Polygon","coordinates":[[[-87.645858,41.861418],[-87.64536,41.861],[-87.645854,41.861],[-87.645858,41.861418]]]}},{"type":"Feature","properties":{"name":null},"geometry":{"type":"Polygon","coordinates":[[[-87.645622,41.861677],[-87.645603,41.862148],[-87.645598,41.861671],[-87.645622,41.861677]]]}},{"type":"Feature","properties":{"name":null},"geometry":{"type":"Polygon","coordinates":[[[-87.645647,41.862584],[-87.645637,41.863371],[-87.645619,41.862575],[-87.645647,41.862584]]]}},{"type":"Feature","properties":{"name":null},"geometry":{"type":"Polygon","coordinates":[[[-87.674013,41.877608],[-87.673633,41.877692],[-87.673646,41.877612],[-87.674013,41.877608]]]}},{"type":"Feature","properties":{"name":null},"geometry":{"type":"Polygon","coordinates":[[[-87.673627,41.877714],[-87.673967,41.877929],[-87.6736,41.877898],[-87.673627,41.877714]]]}},{"type":"Feature","properties":{"name":null},"geometry":{"type":"Polygon","coordinates":[[[-87.673132,41.878536],[-87.673373,41.878365],[-87.673374,41.878416],[-87.673132,41.878536]]]}},{"type":"Feature","properties":{"name":null},"geometry":{"type":"Polygon","coordinates":[[[-87.674012,41.878697],[-87.673839,41.878357],[-87.674003,41.878356],[-87.674012,41.878697]]]}},{"type":"Feature","properties":{"name":null},"geometry":{"type":"Polygon","coordinates":[[[-87.674868,41.877742],[-87.674515,41.877634],[-87.674517,41.877598],[-87.67481,41.877607],[-87.674868,41.877742]]]}},{"type":"Feature","properties":{"name":null},"geometry":{"type":"Polygon","coordinates":[[[-87.676429,41.877854],[-87.676422,41.878142],[-87.676302,41.877875],[-87.676429,41.877854]]]}},{"type":"Feature","properties":{"name":null},"geometry":{"type":"Polygon","coordinates":[[[-87.676254,41.877881],[-87.67638,41.878142],[-87.676309,41.878145],[-87.676254,41.877881]]]}},{"type":"Feature","properties":{"name":null},"geometry":{"type":"Polygon","coordinates":[[[-87.676044,41.871398],[-87.676076,41.870372],[-87.676094,41.871396],[-87.676044,41.871398]]]}},{"type":"Feature","properties":{"name":null},"geometry":{"type":"Polygon","coordinates":[[[-87.676187,41.871245],[-87.676078,41.870518],[-87.676154,41.870353],[-87.676187,41.871245]]]}},{"type":"Feature","properties":{"name":null},"geometry":{"type":"Polygon","coordinates":[[[-87.671241,41.867036],[-87.671248,41.867192],[-87.671067,41.867039],[-87.671241,41.867036]]]}},{"type":"Feature","properties":{"name":null},"geometry":{"type":"Polygon","coordinates":[[[-87.616519,41.881239],[-87.616537,41.880649],[-87.616556,41.881256],[-87.616519,41.881239]]]}},{"type":"Feature","properties":{"name":null},"geometry":{"type":"Polygon","coordinates":[[[-87.611786,41.893378],[-87.611632,41.892725],[-87.612145,41.892819],[-87.611786,41.893378]]]}},{"type":"Feature","properties":{"name":null},"geometry":{"type":"Polygon","coordinates":[[[-87.611118,41.894422],[-87.610857,41.89401],[-87.611544,41.893748],[-87.611118,41.894422]]]}},{"type":"Feature","properties":{"name":null},"geometry":{"type":"Polygon","coordinates":[[[-87.610656,41.894455],[-87.610749,41.895024],[-87.610386,41.894641],[-87.610656,41.894455]]]}},{"type":"Feature","properties":{"name":null},"geometry":{"type":"Polygon","coordinates":[[[-87.610338,41.89568],[-87.610048,41.895117],[-87.610699,41.895087],[-87.610338,41.89568]]]}},{"type":"Feature","properties":{"name":null},"geometry":{"type":"Polygon","coordinates":[[[-87.610321,41.895708],[-87.609395,41.896059],[-87.609336,41.894922],[-87.610321,41.895708]]]}},{"type":"Feature","properties":{"name":null},"geometry":{"type":"Polygon","coordinates":[[[-87.610044,41.896119],[-87.609127,41.896218],[-87.609125,41.896137],[-87.610044,41.896119]]]}},{"type":"Feature","properties":{"name":null},"geometry":{"type":"Polygon","coordinates":[[[-87.610181,41.896052],[-87.610783,41.895116],[-87.610241,41.896052],[-87.610181,41.896052]]]}},{"type":"Feature","properties":{"name":null},"geometry":{"type":"Polygon","coordinates":[[[-87.61083,41.895046],[-87.612213,41.892848],[-87.612272,41.892871],[-87.61083,41.895046]]]}},{"type":"Feature","properties":{"name":null},"geometry":{"type":"Polygon","coordinates":[[[-87.609262,41.893376],[-87.609668,41.893906],[-87.609993,41.894874],[-87.609495,41.894932],[-87.609262,41.893376]]]}},{"type":"Feature","properties":{"name":null},"geometry":{"type":"Polygon","coordinates":[[[-87.611152,41.893086],[-87.611298,41.893184],[-87.61121,41.893196],[-87.611152,41.893086]]]}},{"type":"Feature","properties":{"name":null},"geometry":{"type":"Polygon","coordinates":[[[-87.610697,41.89336],[-87.611152,41.893086],[-87.611242,41.893347],[-87.610697,41.89336]]]}},{"type":"Feature","properties":{"name":null},"geometry":{"type":"Polygon","coordinates":[[[-87.612972,41.893071],[-87.612782,41.892849],[-87.613072,41.892917],[-87.612972,41.893071]]]}},{"type":"Feature","properties":{"name":null},"geometry":{"type":"Polygon","coordinates":[[[-87.613604,41.892731],[-87.61343,41.892479],[-87.613576,41.892414],[-87.613604,41.892731]]]}},{"type":"Feature","properties":{"name":null},"geometry":{"type":"Polygon","coordinates":[[[-87.613305,41.892685],[-87.613478,41.892919],[-87.613282,41.892733],[-87.613305,41.892685]]]}},{"type":"Feature","properties":{"name":null},"geometry":{"type":"Polygon","coordinates":[[[-87.613265,41.893068],[-87.612972,41.893071],[-87.613265,41.892992],[-87.613265,41.893068]]]}},{"type":"Feature","properties":{"name":null},"geometry":{"type":"Polygon","coordinates":[[[-87.612767,41.893003],[-87.612427,41.893077],[-87.612425,41.893004],[-87.612767,41.893003]]]}},{"type":"Feature","properties":{"name":null},"geometry":{"type":"Polygon","coordinates":[[[-87.612272,41.892871],[-87.612394,41.893109],[-87.61212,41.893119],[-87.612272,41.892871]]]}},{"type":"Feature","properties":{"name":null},"geometry":{"type":"Polygon","coordinates":[[[-87.612429,41.892399],[-87.611361,41.892868],[-87.611723,41.892139],[-87.612429,41.892399]]]}},{"type":"Feature","properties":{"name":null},"geometry":{"type":"Polygon","coordinates":[[[-87.613484,41.89203],[-87.612874,41.892168],[-87.612871,41.892045],[-87.613484,41.89203]]]}},{"type":"Feature","properties":{"name":null},"geometry":{"type":"Polygon","coordinates":[[[-87.645249,41.876801],[-87.645471,41.877011],[-87.645551,41.877417],[-87.645249,41.876801]]]}},{"type":"Feature","properties":{"name":null},"geometry":{"type":"Polygon","coordinates":[[[-87.637949,41.87434],[-87.637481,41.874322],[-87.637948,41.874317],[-87.637949,41.87434]]]}},{"type":"Feature","properties":{"name":null},"geometry":{"type":"Polygon","coordinates":[[[-87.639057,41.874325],[-87.638589,41.874307],[-87.639057,41.874303],[-87.639057,41.874325]]]}},{"type":"Feature","properties":{"name":null},"geometry":{"type":"Polygon","coordinates":[[[-87.645931,41.888291],[-87.64579,41.888385],[-87.645802,41.888299],[-87.645931,41.888291]]]}},{"type":"Feature","properties":{"name":null},"geometry":{"type":"Polygon","coordinates":[[[-87.646626,41.866757],[-87.646672,41.866993],[-87.646428,41.867003],[-87.646626,41.866757]]]}},{"type":"Feature","properties":{"name":null},"geometry":{"type":"Polygon","coordinates":[[[-87.646967,41.868444],[-87.646918,41.868833],[-87.646928,41.868429],[-87.646967,41.868444]]]}},{"type":"Feature","properties":{"name":null},"geometry":{"type":"Polygon","coordinates":[[[-87.647092,41.872674],[-87.647042,41.873014],[-87.64704,41.872649],[-87.647092,41.872674]]]}},{"type":"Feature","properties":{"name":null},"geometry":{"type":"Polygon","coordinates":[[[-87.647058,41.871791],[-87.646973,41.870559],[-87.64702,41.870558],[-87.647058,41.871791]]]}},{"type":"Feature","properties":{"name":null},"geometry":{"type":"Polygon","coordinates":[[[-87.64697,41.870551],[-87.646959,41.870204],[-87.647027,41.870551],[-87.64697,41.870551]]]}},{"type":"Feature","properties":{"name":null},"geometry":{"type":"Polygon","coordinates":[[[-87.674403,41.885159],[-87.674206,41.885289],[-87.674202,41.885166],[-87.674403,41.885159]]]}},{"type":"Feature","properties":{"name":null},"geometry":{"type":"Polygon","coordinates":[[[-87.666356,41.874437],[-87.666392,41.875095],[-87.666254,41.875097],[-87.666356,41.874437]]]}},{"type":"Feature","properties":{"name":null},"geometry":{"type":"Polygon","coordinates":[[[-87.662938,41.870487],[-87.662875,41.870881],[-87.662888,41.870461],[-87.662938,41.870487]]]}},{"type":"Feature","properties":{"name":null},"geometry":{"type":"Polygon","coordinates":[[[-87.619956,41.894002],[-87.619776,41.893946],[-87.619956,41.893944],[-87.619956,41.894002]]]}},{"type":"Feature","properties":{"name":null},"geometry":{"type":"Polygon","coordinates":[[[-87.619769,41.893687],[-87.619584,41.893629],[-87.619769,41.893628],[-87.619769,41.893687]]]}},{"type":"Feature","properties":{"name":null},"geometry":{"type":"Polygon","coordinates":[[[-87.618983,41.893532],[-87.619181,41.893637],[-87.618986,41.89364],[-87.618983,41.893532]]]}},{"type":"Feature","properties":{"name":null},"geometry":{"type":"Polygon","coordinates":[[[-87.617896,41.893669],[-87.618861,41.894088],[-87.617951,41.894102],[-87.617896,41.893669]]]}},{"type":"Feature","properties":{"name":null},"geometry":{"type":"Polygon","coordinates":[[[-87.618969,41.893531],[-87.618942,41.893589],[-87.618459,41.89354],[-87.618969,41.893531]]]}},{"type":"Feature","properties":{"name":null},"geometry":{"type":"Polygon","coordinates":[[[-87.645635,41.888186],[-87.645737,41.888237],[-87.645638,41.888342],[-87.645635,41.888186]]]}},{"type":"Feature","properties":{"name":null},"geometry":{"type":"Polygon","coordinates":[[[-87.627866,41.877744],[-87.628096,41.877299],[-87.628071,41.87769],[-87.627866,41.877744]]]}},{"type":"Feature","properties":{"name":null},"geometry":{"type":"Polygon","coordinates":[[[-87.628085,41.877696],[-87.628215,41.8778],[-87.627868,41.877806],[-87.628085,41.877696]]]}},{"type":"Feature","properties":{"name":null},"geometry":{"type":"Polygon","coordinates":[[[-87.628637,41.877182],[-87.628178,41.877096],[-87.628633,41.877056],[-87.628637,41.877182]]]}},{"type":"Feature","properties":{"name":null},"geometry":{"type":"Polygon","coordinates":[[[-87.626889,41.877089],[-87.626412,41.877069],[-87.626889,41.877057],[-87.626889,41.877089]]]}},{"type":"Feature","properties":{"name":null},"geometry":{"type":"Polygon","coordinates":[[[-87.62632,41.87707],[-87.626266,41.877417],[-87.626256,41.877071],[-87.62632,41.87707]]]}},{"type":"Feature","properties":{"name":null},"geometry":{"type":"Polygon","coordinates":[[[-87.626282,41.877828],[-87.626334,41.877801],[-87.626753,41.877821],[-87.626282,41.877828]]]}},{"type":"Feature","properties":{"name":null},"geometry":{"type":"Polygon","coordinates":[[[-87.615357,41.88778],[-87.614483,41.88778],[-87.614437,41.887738],[-87.615357,41.88778]]]}},{"type":"Feature","properties":{"name":null},"geometry":{"type":"Polygon","coordinates":[[[-87.63619,41.876728],[-87.636133,41.876654],[-87.636174,41.876428],[-87.63619,41.876728]]]}},{"type":"Feature","properties":{"name":null},"geometry":{"type":"Polygon","coordinates":[[[-87.63649,41.876725],[-87.6364,41.876688],[-87.636216,41.876405],[-87.63649,41.876725]]]}},{"type":"Feature","properties":{"name":null},"geometry":{"type":"Polygon","coordinates":[[[-87.617188,41.888844],[-87.61751,41.888956],[-87.61749,41.889078],[-87.617188,41.888844]]]}},{"type":"Feature","properties":{"name":null},"geometry":{"type":"Polygon","coordinates":[[[-87.616381,41.888975],[-87.617112,41.888787],[-87.617131,41.888855],[-87.616381,41.888975]]]}},{"type":"Feature","properties":{"name":null},"geometry":{"type":"Polygon","coordinates":[[[-87.616212,41.889003],[-87.615367,41.889106],[-87.615312,41.889077],[-87.616212,41.889003]]]}},{"type":"Feature","properties":{"name":null},"geometry":{"type":"Polygon","coordinates":[[[-87.620013,41.890744],[-87.619988,41.890676],[-87.620014,41.890572],[-87.620013,41.890744]]]}},{"type":"Feature","properties":{"name":null},"geometry":{"type":"Polygon","coordinates":[[[-87.619857,41.890423],[-87.619807,41.890593],[-87.619767,41.890678],[-87.619759,41.890425],[-87.619857,41.890423]]]}},{"type":"Feature","properties":{"name":null},"geometry":{"type":"Polygon","coordinates":[[[-87.620046,41.889734],[-87.620074,41.890135],[-87.620049,41.890136],[-87.620046,41.889734]]]}},{"type":"Feature","properties":{"name":null},"geometry":{"type":"Polygon","coordinates":[[[-87.619877,41.890897],[-87.61977,41.890749],[-87.619872,41.890746],[-87.619877,41.890897]]]}},{"type":"Feature","properties":{"name":null},"geometry":{"type":"Polygon","coordinates":[[[-87.619909,41.890746],[-87.620013,41.890886],[-87.619914,41.890895],[-87.619909,41.890746]]]}},{"type":"Feature","properties":{"name":"Ogden Plaza"},"geometry":{"type":"Polygon","coordinates":[[[-87.619708,41.890935],[-87.620225,41.889664],[-87.620046,41.890942],[-87.619708,41.890935]]]}},{"type":"Feature","properties":{"name":null},"geometry":{"type":"Polygon","coordinates":[[[-87.650403,41.879813],[-87.65009,41.879345],[-87.650493,41.879413],[-87.650403,41.879813]]]}},{"type":"Feature","properties":{"name":null},"geometry":{"type":"Polygon","coordinates":[[[-87.650037,41.879331],[-87.64976,41.87959],[-87.649751,41.879386],[-87.650037,41.879331]]]}},{"type":"Feature","properties":{"name":null},"geometry":{"type":"Polygon","coordinates":[[[-87.649782,41.880364],[-87.650181,41.880023],[-87.65054,41.880351],[-87.649782,41.880364]]]}},{"type":"Feature","properties":{"name":null},"geometry":{"type":"Polygon","coordinates":[[[-87.625524,41.889461],[-87.625706,41.889288],[-87.625718,41.889324],[-87.625524,41.889461]]]}},{"type":"Feature","properties":{"name":null},"geometry":{"type":"Polygon","coordinates":[[[-87.625906,41.889317],[-87.626495,41.889361],[-87.626332,41.88939],[-87.625906,41.889317]]]}},{"type":"Feature","properties":{"name":null},"geometry":{"type":"Polygon","coordinates":[[[-87.62614,41.889457],[-87.626088,41.889432],[-87.626303,41.889415],[-87.62614,41.889457]]]}},{"type":"Feature","properties":{"name":null},"geometry":{"type":"Polygon","coordinates":[[[-87.625969,41.889476],[-87.625591,41.889479],[-87.626042,41.889422],[-87.625969,41.889476]]]}},{"type":"Feature","properties":{"name":null},"geometry":{"type":"Polygon","coordinates":[[[-87.626819,41.888456],[-87.626973,41.888408],[-87.626886,41.888508],[-87.626819,41.888456]]]}},{"type":"Feature","properties":{"name":null},"geometry":{"type":"Polygon","coordinates":[[[-87.626274,41.89],[-87.626109,41.889978],[-87.626103,41.889823],[-87.626274,41.89]]]}},{"type":"Feature","properties":{"name":null},"geometry":{"type":"Polygon","coordinates":[[[-87.627701,41.888088],[-87.627444,41.888055],[-87.6277,41.888049],[-87.627701,41.888088]]]}},{"type":"Feature","properties":{"name":null},"geometry":{"type":"Polygon","coordinates":[[[-87.625492,41.889572],[-87.625333,41.889663],[-87.625196,41.889683],[-87.625492,41.889572]]]}},{"type":"Feature","properties":{"name":null},"geometry":{"type":"Polygon","coordinates":[[[-87.628314,41.887817],[-87.628328,41.887827],[-87.628317,41.887879],[-87.628314,41.887817]]]}},{"type":"Feature","properties":{"name":null},"geometry":{"type":"Polygon","coordinates":[[[-87.630364,41.88798],[-87.630104,41.887837],[-87.630351,41.88789],[-87.630364,41.88798]]]}},{"type":"Feature","properties":{"name":null},"geometry":{"type":"Polygon","coordinates":[[[-87.629972,41.888556],[-87.629766,41.888505],[-87.62997,41.888503],[-87.629972,41.888556]]]}},{"type":"Feature","properties":{"name":null},"geometry":{"type":"Polygon","coordinates":[[[-87.63354,41.888631],[-87.633426,41.8889],[-87.633421,41.888632],[-87.63354,41.888631]]]}},{"type":"Feature","properties":{"name":null},"geometry":{"type":"Polygon","coordinates":[[[-87.633337,41.888114],[-87.632896,41.888394],[-87.632892,41.888119],[-87.633337,41.888114]]]}},{"type":"Feature","properties":{"name":null},"geometry":{"type":"Polygon","coordinates":[[[-87.602591,41.89328],[-87.602419,41.893984],[-87.602365,41.893986],[-87.602343,41.893298],[-87.602591,41.89328]]]}},{"type":"Feature","properties":{"name":null},"geometry":{"type":"Polygon","coordinates":[[[-87.602584,41.893501],[-87.602663,41.893536],[-87.602596,41.893861],[-87.602584,41.893501]]]}},{"type":"Feature","properties":{"name":null},"geometry":{"type":"Polygon","coordinates":[[[-87.605883,41.894073],[-87.606004,41.89401],[-87.606007,41.894075],[-87.605883,41.894073]]]}},{"type":"Feature","properties":{"name":null},"geometry":{"type":"Polygon","coordinates":[[[-87.605892,41.893924],[-87.605997,41.893847],[-87.605999,41.893912],[-87.605892,41.893924]]]}},{"type":"Feature","properties":{"name":null},"geometry":{"type":"Polygon","coordinates":[[[-87.606314,41.893904],[-87.606435,41.893841],[-87.606438,41.893906],[-87.606314,41.893904]]]}},{"type":"Feature","properties":{"name":null},"geometry":{"type":"Polygon","coordinates":[[[-87.606317,41.894065],[-87.606438,41.894002],[-87.606441,41.894067],[-87.606317,41.894065]]]}},{"type":"Feature","properties":{"name":null},"geometry":{"type":"Polygon","coordinates":[[[-87.607079,41.893406],[-87.606475,41.893612],[-87.606472,41.893414],[-87.607079,41.893406]]]}},{"type":"Feature","properties":{"name":null},"geometry":{"type":"Polygon","coordinates":[[[-87.606519,41.893704],[-87.606803,41.893662],[-87.606811,41.893692],[-87.606519,41.893704]]]}},{"type":"Feature","properties":{"name":null},"geometry":{"type":"Polygon","coordinates":[[[-87.607169,41.893707],[-87.606876,41.893661],[-87.607183,41.893684],[-87.607169,41.893707]]]}},{"type":"Feature","properties":{"name":null},"geometry":{"type":"Polygon","coordinates":[[[-87.607622,41.893766],[-87.609067,41.89382],[-87.606652,41.89386],[-87.607622,41.893766]]]}},{"type":"Feature","properties":{"name":null},"geometry":{"type":"Polygon","coordinates":[[[-87.609056,41.893379],[-87.609288,41.894502],[-87.609115,41.894507],[-87.609056,41.893379]]]}},{"type":"Feature","properties":{"name":null},"geometry":{"type":"Polygon","coordinates":[[[-87.609128,41.894904],[-87.609334,41.896031],[-87.609132,41.896034],[-87.609128,41.894904]]]}},{"type":"Feature","properties":{"name":null},"geometry":{"type":"Polygon","coordinates":[[[-87.607614,41.893671],[-87.607582,41.89341],[-87.60772,41.893472],[-87.607614,41.893671]]]}},{"type":"Feature","properties":{"name":null},"geometry":{"type":"Polygon","coordinates":[[[-87.605701,41.893681],[-87.605784,41.893729],[-87.605493,41.893721],[-87.605701,41.893681]]]}},{"type":"Feature","properties":{"name":null},"geometry":{"type":"Polygon","coordinates":[[[-87.605133,41.89369],[-87.605425,41.893735],[-87.605126,41.893712],[-87.605133,41.89369]]]}},{"type":"Feature","properties":{"name":null},"geometry":{"type":"Polygon","coordinates":[[[-87.604731,41.89371],[-87.604736,41.893735],[-87.604569,41.893535],[-87.604731,41.89371]]]}},{"type":"Feature","properties":{"name":null},"geometry":{"type":"Polygon","coordinates":[[[-87.606397,41.893805],[-87.606543,41.894723],[-87.606445,41.894725],[-87.606397,41.893805]]]}},{"type":"Feature","properties":{"name":null},"geometry":{"type":"Polygon","coordinates":[[[-87.605943,41.893936],[-87.605796,41.893872],[-87.60572,41.893816],[-87.605943,41.893936]]]}},{"type":"Feature","properties":{"name":null},"geometry":{"type":"Polygon","coordinates":[[[-87.603243,41.893915],[-87.604312,41.89345],[-87.605662,41.893874],[-87.603243,41.893915]]]}},{"type":"Feature","properties":{"name":null},"geometry":{"type":"Polygon","coordinates":[[[-87.609119,41.895592],[-87.606597,41.896111],[-87.60656,41.895673],[-87.609119,41.895592]]]}},{"type":"Feature","properties":{"name":null},"geometry":{"type":"Polygon","coordinates":[[[-87.609125,41.896137],[-87.608188,41.896183],[-87.606726,41.896198],[-87.609125,41.896137]]]}},{"type":"Feature","properties":{"name":null},"geometry":{"type":"Polygon","coordinates":[[[-87.603296,41.895688],[-87.605876,41.896105],[-87.603321,41.89615],[-87.603296,41.895688]]]}},{"type":"Feature","properties":{"name":null},"geometry":{"type":"Polygon","coordinates":[[[-87.605598,41.896199],[-87.602437,41.896321],[-87.602365,41.893986],[-87.605598,41.896199]]]}},{"type":"Feature","properties":{"name":null},"geometry":{"type":"Polygon","coordinates":[[[-87.605636,41.896227],[-87.604263,41.896299],[-87.604262,41.89625],[-87.605636,41.896227]]]}},{"type":"Feature","properties":{"name":null},"geometry":{"type":"Polygon","coordinates":[[[-87.607257,41.896247],[-87.608188,41.896183],[-87.608189,41.896233],[-87.607257,41.896247]]]}},{"type":"Feature","properties":{"name":null},"geometry":{"type":"Polygon","coordinates":[[[-87.602712,41.894039],[-87.60296,41.894564],[-87.602766,41.89458],[-87.602712,41.894039]]]}},{"type":"Feature","properties":{"name":null},"geometry":{"type":"Polygon","coordinates":[[[-87.60324,41.894537],[-87.603268,41.894767],[-87.602727,41.894743],[-87.60324,41.894537]]]}},{"type":"Feature","properties":{"name":null},"geometry":{"type":"Polygon","coordinates":[[[-87.603274,41.894943],[-87.602786,41.894832],[-87.60327,41.894836],[-87.603274,41.894943]]]}},{"type":"Feature","properties":{"name":null},"geometry":{"type":"Polygon","coordinates":[[[-87.602937,41.895597],[-87.602739,41.895111],[-87.602863,41.895035],[-87.602937,41.895597]]]}},{"type":"Feature","properties":{"name":null},"geometry":{"type":"Polygon","coordinates":[[[-87.610677,41.893016],[-87.610406,41.893152],[-87.609921,41.893189],[-87.610677,41.893016]]]}},{"type":"Feature","properties":{"name":null},"geometry":{"type":"Polygon","coordinates":[[[-87.611086,41.892734],[-87.611031,41.892859],[-87.610922,41.892855],[-87.611086,41.892734]]]}},{"type":"Feature","properties":{"name":null},"geometry":{"type":"Polygon","coordinates":[[[-87.635339,41.887947],[-87.63514,41.887876],[-87.635358,41.887891],[-87.635339,41.887947]]]}},{"type":"Feature","properties":{"name":"theMart River Park"},"geometry":{"type":"Polygon","coordinates":[[[-87.636059,41.887856],[-87.635091,41.887967],[-87.63418,41.887878],[-87.636059,41.887856]]]}},{"type":"Feature","properties":{"name":null},"geometry":{"type":"Polygon","coordinates":[[[-87.637234,41.887547],[-87.637275,41.887406],[-87.637354,41.887492],[-87.637234,41.887547]]]}},{"type":"Feature","properties":{"name":null},"geometry":{"type":"Polygon","coordinates":[[[-87.637361,41.887532],[-87.6374,41.887569],[-87.637249,41.887616],[-87.637361,41.887532]]]}},{"type":"Feature","properties":{"name":null},"geometry":{"type":"Polygon","coordinates":[[[-87.637222,41.887614],[-87.637095,41.887566],[-87.636939,41.887551],[-87.637124,41.887534],[-87.637222,41.887614]]]}},{"type":"Feature","properties":{"name":null},"geometry":{"type":"Polygon","coordinates":[[[-87.637443,41.887646],[-87.6374,41.887569],[-87.637439,41.887368],[-87.637443,41.887646]]]}},{"type":"Feature","properties":{"name":null},"geometry":{"type":"Polygon","coordinates":[[[-87.637875,41.887336],[-87.637952,41.887212],[-87.638033,41.887281],[-87.637875,41.887336]]]}},{"type":"Feature","properties":{"name":null},"geometry":{"type":"Polygon","coordinates":[[[-87.638198,41.88766],[-87.638015,41.887676],[-87.638055,41.887395],[-87.638198,41.88766]]]}},{"type":"Feature","properties":{"name":null},"geometry":{"type":"Polygon","coordinates":[[[-87.637883,41.887609],[-87.637969,41.887364],[-87.637997,41.887607],[-87.637883,41.887609]]]}},{"type":"Feature","properties":{"name":null},"geometry":{"type":"Polygon","coordinates":[[[-87.638188,41.887272],[-87.638006,41.887396],[-87.638003,41.887317],[-87.638188,41.887272]]]}},{"type":"Feature","properties":{"name":null},"geometry":{"type":"Polygon","coordinates":[[[-87.637639,41.887873],[-87.637265,41.887793],[-87.637634,41.88775],[-87.637639,41.887873]]]}},{"type":"Feature","properties":{"name":null},"geometry":{"type":"Polygon","coordinates":[[[-87.637721,41.887871],[-87.637925,41.887745],[-87.638025,41.887866],[-87.637721,41.887871]]]}},{"type":"Feature","properties":{"name":null},"geometry":{"type":"Polygon","coordinates":[[[-87.637562,41.888392],[-87.63705,41.888089],[-87.637549,41.888083],[-87.637562,41.888392]]]}},{"type":"Feature","properties":{"name":null},"geometry":{"type":"Polygon","coordinates":[[[-87.637232,41.88834],[-87.636908,41.888293],[-87.636768,41.888093],[-87.637232,41.88834]]]}},{"type":"Feature","properties":{"name":null},"geometry":{"type":"Polygon","coordinates":[[[-87.63735,41.888483],[-87.637184,41.888582],[-87.637184,41.888484],[-87.63735,41.888483]]]}},{"type":"Feature","properties":{"name":null},"geometry":{"type":"Polygon","coordinates":[[[-87.638963,41.889037],[-87.638786,41.888569],[-87.639069,41.889032],[-87.638963,41.889037]]]}},{"type":"Feature","properties":{"name":null},"geometry":{"type":"Polygon","coordinates":[[[-87.639888,41.888232],[-87.63978,41.888374],[-87.639794,41.888233],[-87.639888,41.888232]]]}},{"type":"Feature","properties":{"name":null},"geometry":{"type":"Polygon","coordinates":[[[-87.638983,41.886069],[-87.638818,41.886198],[-87.638727,41.886039],[-87.638983,41.886069]]]}},{"type":"Feature","properties":{"name":null},"geometry":{"type":"Polygon","coordinates":[[[-87.639142,41.885838],[-87.639084,41.886029],[-87.638553,41.885837],[-87.639142,41.885838]]]}},{"type":"Feature","properties":{"name":null},"geometry":{"type":"Polygon","coordinates":[[[-87.638465,41.886006],[-87.638471,41.885884],[-87.638795,41.886334],[-87.638465,41.886006]]]}},{"type":"Feature","properties":{"name":null},"geometry":{"type":"Polygon","coordinates":[[[-87.638923,41.885963],[-87.638688,41.885943],[-87.638676,41.885904],[-87.638923,41.885963]]]}},{"type":"Feature","properties":{"name":null},"geometry":{"type":"Polygon","coordinates":[[[-87.639705,41.887038],[-87.639828,41.88709],[-87.639386,41.887099],[-87.639705,41.887038]]]}},{"type":"Feature","properties":{"name":null},"geometry":{"type":"Polygon","coordinates":[[[-87.639616,41.886913],[-87.639701,41.887041],[-87.63947,41.887045],[-87.639616,41.886913]]]}},{"type":"Feature","properties":{"name":null},"geometry":{"type":"Polygon","coordinates":[[[-87.639585,41.886895],[-87.639359,41.886759],[-87.639337,41.886558],[-87.639585,41.886895]]]}},{"type":"Feature","properties":{"name":null},"geometry":{"type":"Polygon","coordinates":[[[-87.638783,41.886255],[-87.638654,41.88591],[-87.638794,41.886251],[-87.638783,41.886255]]]}},{"type":"Feature","properties":{"name":null},"geometry":{"type":"Polygon","coordinates":[[[-87.638792,41.886352],[-87.638876,41.886381],[-87.639087,41.88668],[-87.638792,41.886352]]]}},{"type":"Feature","properties":{"name":null},"geometry":{"type":"Polygon","coordinates":[[[-87.639306,41.886576],[-87.6392,41.886428],[-87.639291,41.88642],[-87.639306,41.886576]]]}},{"type":"Feature","properties":{"name":null},"geometry":{"type":"Polygon","coordinates":[[[-87.639034,41.885226],[-87.638835,41.885453],[-87.639008,41.885052],[-87.639034,41.885226]]]}},{"type":"Feature","properties":{"name":null},"geometry":{"type":"Polygon","coordinates":[[[-87.638735,41.885071],[-87.638859,41.885134],[-87.638732,41.885202],[-87.638735,41.885071]]]}},{"type":"Feature","properties":{"name":null},"geometry":{"type":"Polygon","coordinates":[[[-87.639041,41.88557],[-87.638697,41.88457],[-87.639019,41.884567],[-87.63907,41.885461],[-87.639041,41.88557]]]}},{"type":"Feature","properties":{"name":null},"geometry":{"type":"Polygon","coordinates":[[[-87.638628,41.884845],[-87.638675,41.885052],[-87.638732,41.884973],[-87.638628,41.884845]]]}},{"type":"Feature","properties":{"name":null},"geometry":{"type":"Polygon","coordinates":[[[-87.638644,41.884809],[-87.638613,41.884816],[-87.638642,41.884571],[-87.638644,41.884809]]]}},{"type":"Feature","properties":{"name":null},"geometry":{"type":"Polygon","coordinates":[[[-87.638288,41.884572],[-87.63847,41.88466],[-87.638322,41.884748],[-87.638288,41.884572]]]}},{"type":"Feature","properties":{"name":null},"geometry":{"type":"Polygon","coordinates":[[[-87.638279,41.884811],[-87.638498,41.884722],[-87.638298,41.884865],[-87.638279,41.884811]]]}},{"type":"Feature","properties":{"name":null},"geometry":{"type":"Polygon","coordinates":[[[-87.638453,41.884336],[-87.638481,41.883477],[-87.638549,41.883475],[-87.638453,41.884336]]]}},{"type":"Feature","properties":{"name":null},"geometry":{"type":"Polygon","coordinates":[[[-87.650793,41.873379],[-87.650609,41.873216],[-87.650793,41.873113],[-87.650793,41.873379]]]}},{"type":"Feature","properties":{"name":null},"geometry":{"type":"Polygon","coordinates":[[[-87.651084,41.873533],[-87.650896,41.87345],[-87.651079,41.873447],[-87.651084,41.873533]]]}},{"type":"Feature","properties":{"name":null},"geometry":{"type":"Polygon","coordinates":[[[-87.652042,41.873711],[-87.651837,41.873933],[-87.651822,41.873555],[-87.652042,41.873711]]]}},{"type":"Feature","properties":{"name":null},"geometry":{"type":"Polygon","coordinates":[[[-87.651461,41.874068],[-87.65132,41.873858],[-87.651777,41.874066],[-87.651461,41.874068]]]}},{"type":"Feature","properties":{"name":null},"geometry":{"type":"Polygon","coordinates":[[[-87.651694,41.8741],[-87.651164,41.874281],[-87.651159,41.874107],[-87.651694,41.8741]]]}},{"type":"Feature","properties":{"name":null},"geometry":{"type":"Polygon","coordinates":[[[-87.651729,41.874269],[-87.651908,41.874093],[-87.651912,41.874267],[-87.651729,41.874269]]]}},{"type":"Feature","properties":{"name":null},"geometry":{"type":"Polygon","coordinates":[[[-87.65108,41.874278],[-87.650934,41.874084],[-87.651076,41.874083],[-87.65108,41.874278]]]}},{"type":"Feature","properties":{"name":null},"geometry":{"type":"Polygon","coordinates":[[[-87.65122,41.873839],[-87.651143,41.874076],[-87.651141,41.873824],[-87.65122,41.873839]]]}},{"type":"Feature","properties":{"name":null},"geometry":{"type":"Polygon","coordinates":[[[-87.651131,41.873746],[-87.651126,41.873517],[-87.651201,41.873731],[-87.651131,41.873746]]]}},{"type":"Feature","properties":{"name":null},"geometry":{"type":"Polygon","coordinates":[[[-87.639381,41.882901],[-87.639517,41.883007],[-87.639385,41.88301],[-87.639381,41.882901]]]}},{"type":"Feature","properties":{"name":null},"geometry":{"type":"Polygon","coordinates":[[[-87.639408,41.88218],[-87.639498,41.882067],[-87.639502,41.882179],[-87.639408,41.88218]]]}},{"type":"Feature","properties":{"name":null},"geometry":{"type":"Polygon","coordinates":[[[-87.63887,41.87896],[-87.638663,41.879225],[-87.638594,41.878966],[-87.63887,41.87896]]]}},{"type":"Feature","properties":{"name":null},"geometry":{"type":"Polygon","coordinates":[[[-87.638552,41.879037],[-87.638434,41.8788],[-87.638559,41.878856],[-87.638552,41.879037]]]}},{"type":"Feature","properties":{"name":null},"geometry":{"type":"Polygon","coordinates":[[[-87.639347,41.879126],[-87.639422,41.878932],[-87.639429,41.879212],[-87.639347,41.879126]]]}},{"type":"Feature","properties":{"name":"Grant Pickleball Courts"},"geometry":{"type":"Polygon","coordinates":[[[-87.621989,41.871508],[-87.620939,41.871205],[-87.621982,41.871188],[-87.621989,41.871508]]]}},{"type":"Feature","properties":{"name":"Grant Tennis Courts"},"geometry":{"type":"Polygon","coordinates":[[[-87.620934,41.871161],[-87.621974,41.870823],[-87.621982,41.871147],[-87.620934,41.871161]]]}},{"type":"Feature","properties":{"name":null},"geometry":{"type":"Polygon","coordinates":[[[-87.638964,41.877358],[-87.638923,41.87737],[-87.638762,41.877338],[-87.638756,41.877224],[-87.638964,41.877358]]]}},{"type":"Feature","properties":{"name":null},"geometry":{"type":"Polygon","coordinates":[[[-87.623518,41.882991],[-87.623545,41.883048],[-87.623084,41.883053],[-87.623518,41.882991]]]}},{"type":"Feature","properties":{"name":null},"geometry":{"type":"Polygon","coordinates":[[[-87.623007,41.883053],[-87.623588,41.883155],[-87.623005,41.883144],[-87.623007,41.883053]]]}},{"type":"Feature","properties":{"name":null},"geometry":{"type":"Polygon","coordinates":[[[-87.623754,41.883061],[-87.623617,41.883143],[-87.623615,41.883027],[-87.623754,41.883061]]]}},{"type":"Feature","properties":{"name":null},"geometry":{"type":"Polygon","coordinates":[[[-87.624104,41.883149],[-87.62397,41.882851],[-87.624099,41.882848],[-87.624104,41.883149]]]}},{"type":"Feature","properties":{"name":null},"geometry":{"type":"Polygon","coordinates":[[[-87.623551,41.883321],[-87.62378,41.883408],[-87.623554,41.883436],[-87.623551,41.883321]]]}},{"type":"Feature","properties":{"name":null},"geometry":{"type":"Polygon","coordinates":[[[-87.623482,41.883598],[-87.62362,41.883974],[-87.623495,41.883976],[-87.623482,41.883598]]]}},{"type":"Feature","properties":{"name":null},"geometry":{"type":"Polygon","coordinates":[[[-87.624008,41.883849],[-87.624109,41.883315],[-87.624125,41.883843],[-87.624008,41.883849]]]}},{"type":"Feature","properties":{"name":null},"geometry":{"type":"Polygon","coordinates":[[[-87.623472,41.884024],[-87.624155,41.884264],[-87.623477,41.884209],[-87.623472,41.884024]]]}},{"type":"Feature","properties":{"name":null},"geometry":{"type":"Polygon","coordinates":[[[-87.6234,41.883599],[-87.623248,41.884138],[-87.623246,41.883602],[-87.6234,41.883599]]]}},{"type":"Feature","properties":{"name":null},"geometry":{"type":"Polygon","coordinates":[[[-87.623572,41.884024],[-87.623989,41.88411],[-87.62384,41.884154],[-87.623676,41.884133],[-87.623572,41.884024]]]}},{"type":"Feature","properties":{"name":null},"geometry":{"type":"Polygon","coordinates":[[[-87.62291,41.883348],[-87.622561,41.884195],[-87.622558,41.883332],[-87.62291,41.883348]]]}},{"type":"Feature","properties":{"name":null},"geometry":{"type":"Polygon","coordinates":[[[-87.622158,41.884066],[-87.622359,41.884179],[-87.622161,41.884182],[-87.622158,41.884066]]]}},{"type":"Feature","properties":{"name":null},"geometry":{"type":"Polygon","coordinates":[[[-87.621652,41.884191],[-87.621506,41.884072],[-87.62165,41.88407],[-87.621652,41.884191]]]}},{"type":"Feature","properties":{"name":null},"geometry":{"type":"Polygon","coordinates":[[[-87.62254,41.883159],[-87.622808,41.88274],[-87.622888,41.883157],[-87.62254,41.883159]]]}},{"type":"Feature","properties":{"name":null},"geometry":{"type":"Polygon","coordinates":[[[-87.622519,41.882661],[-87.622853,41.88222],[-87.622806,41.882659],[-87.622519,41.882661]]]}},{"type":"Feature","properties":{"name":null},"geometry":{"type":"Polygon","coordinates":[[[-87.622989,41.882328],[-87.623524,41.882213],[-87.623528,41.882323],[-87.622989,41.882328]]]}},{"type":"Feature","properties":{"name":null},"geometry":{"type":"Polygon","coordinates":[[[-87.623556,41.882564],[-87.623082,41.882385],[-87.623081,41.882328],[-87.623528,41.882323],[-87.623556,41.882564]]]}},{"type":"Feature","properties":{"name":null},"geometry":{"type":"Polygon","coordinates":[[[-87.623598,41.88234],[-87.623719,41.882216],[-87.62374,41.882302],[-87.623598,41.88234]]]}},{"type":"Feature","properties":{"name":null},"geometry":{"type":"Polygon","coordinates":[[[-87.623961,41.882509],[-87.624082,41.882204],[-87.624089,41.882507],[-87.623961,41.882509]]]}},{"type":"Feature","properties":{"name":null},"geometry":{"type":"Polygon","coordinates":[[[-87.623968,41.882814],[-87.62409,41.882536],[-87.624098,41.882813],[-87.623968,41.882814]]]}},{"type":"Feature","properties":{"name":null},"geometry":{"type":"Polygon","coordinates":[[[-87.623799,41.88204],[-87.624076,41.88186],[-87.624079,41.882037],[-87.623799,41.88204]]]}},{"type":"Feature","properties":{"name":null},"geometry":{"type":"Polygon","coordinates":[[[-87.623738,41.882042],[-87.623515,41.881868],[-87.623731,41.881864],[-87.623738,41.882042]]]}},{"type":"Feature","properties":{"name":null},"geometry":{"type":"Polygon","coordinates":[[[-87.623934,41.881787],[-87.624062,41.881175],[-87.624074,41.881785],[-87.623934,41.881787]]]}},{"type":"Feature","properties":{"name":null},"geometry":{"type":"Polygon","coordinates":[[[-87.623512,41.881771],[-87.623484,41.882048],[-87.623419,41.881773],[-87.623512,41.881771]]]}},{"type":"Feature","properties":{"name":null},"geometry":{"type":"Polygon","coordinates":[[[-87.623439,41.881966],[-87.623323,41.882049],[-87.623376,41.881833],[-87.623439,41.881966]]]}},{"type":"Feature","properties":{"name":null},"geometry":{"type":"Polygon","coordinates":[[[-87.62329,41.882049],[-87.622958,41.880966],[-87.623287,41.880966],[-87.62329,41.882049]]]}},{"type":"Feature","properties":{"name":null},"geometry":{"type":"Polygon","coordinates":[[[-87.623402,41.881264],[-87.623494,41.88111],[-87.623465,41.881292],[-87.623402,41.881264]]]}},{"type":"Feature","properties":{"name":null},"geometry":{"type":"Polygon","coordinates":[[[-87.623502,41.881369],[-87.623587,41.881108],[-87.623594,41.881368],[-87.623502,41.881369]]]}},{"type":"Feature","properties":{"name":null},"geometry":{"type":"Polygon","coordinates":[[[-87.623466,41.881111],[-87.623712,41.88096],[-87.623715,41.881107],[-87.623466,41.881111]]]}},{"type":"Feature","properties":{"name":null},"geometry":{"type":"Polygon","coordinates":[[[-87.623773,41.881106],[-87.624058,41.880957],[-87.624061,41.881103],[-87.623773,41.881106]]]}},{"type":"Feature","properties":{"name":null},"geometry":{"type":"Polygon","coordinates":[[[-87.623602,41.881867],[-87.623505,41.881529],[-87.623593,41.881527],[-87.623602,41.881867]]]}},{"type":"Feature","properties":{"name":null},"geometry":{"type":"Polygon","coordinates":[[[-87.622621,41.880972],[-87.622864,41.882041],[-87.622445,41.882061],[-87.622621,41.880972]]]}},{"type":"Feature","properties":{"name":null},"geometry":{"type":"Polygon","coordinates":[[[-87.622573,41.881858],[-87.622444,41.881986],[-87.622442,41.881823],[-87.622573,41.881858]]]}},{"type":"Feature","properties":{"name":null},"geometry":{"type":"Polygon","coordinates":[[[-87.62352,41.883405],[-87.623558,41.883597],[-87.62346,41.883599],[-87.62352,41.883405]]]}},{"type":"Feature","properties":{"name":null},"geometry":{"type":"Polygon","coordinates":[[[-87.622468,41.898829],[-87.622516,41.899075],[-87.622483,41.89912],[-87.622468,41.898829]]]}},{"type":"Feature","properties":{"name":null},"geometry":{"type":"Polygon","coordinates":[[[-87.622218,41.899132],[-87.621981,41.899179],[-87.62198,41.899135],[-87.622218,41.899132]]]}},{"type":"Feature","properties":{"name":null},"geometry":{"type":"Polygon","coordinates":[[[-87.624764,41.896859],[-87.624595,41.897036],[-87.624597,41.896857],[-87.624764,41.896859]]]}},{"type":"Feature","properties":{"name":null},"geometry":{"type":"Polygon","coordinates":[[[-87.624767,41.897469],[-87.624601,41.897286],[-87.624764,41.897222],[-87.624767,41.897469]]]}},{"type":"Feature","properties":{"name":null},"geometry":{"type":"Polygon","coordinates":[[[-87.624533,41.896858],[-87.62435,41.897042],[-87.624419,41.896851],[-87.624533,41.896858]]]}},{"type":"Feature","properties":{"name":null},"geometry":{"type":"Polygon","coordinates":[[[-87.624325,41.897299],[-87.624431,41.897428],[-87.624311,41.897454],[-87.624325,41.897299]]]}},{"type":"Feature","properties":{"name":"Polk Street Pier"},"geometry":{"type":"Polygon","coordinates":[[[-87.634643,41.8721],[-87.63512,41.871979],[-87.635226,41.872183],[-87.634643,41.8721]]]}},{"type":"Feature","properties":{"name":null},"geometry":{"type":"Polygon","coordinates":[[[-87.621388,41.896471],[-87.621443,41.896357],[-87.621423,41.89647],[-87.621388,41.896471]]]}},{"type":"Feature","properties":{"name":null},"geometry":{"type":"Polygon","coordinates":[[[-87.653989,41.889913],[-87.653571,41.889966],[-87.653568,41.889916],[-87.653989,41.889913]]]}},{"type":"Feature","properties":{"name":null},"geometry":{"type":"Polygon","coordinates":[[[-87.654043,41.889912],[-87.654483,41.889955],[-87.654043,41.889958],[-87.654043,41.889912]]]}},{"type":"Feature","properties":{"name":null},"geometry":{"type":"Polygon","coordinates":[[[-87.647441,41.888621],[-87.647259,41.888505],[-87.647441,41.888514],[-87.647441,41.888621]]]}},{"type":"Feature","properties":{"name":null},"geometry":{"type":"Polygon","coordinates":[[[-87.646247,41.887564],[-87.64642,41.887503],[-87.64642,41.887561],[-87.646247,41.887564]]]}},{"type":"Feature","properties":{"name":null},"geometry":{"type":"Polygon","coordinates":[[[-87.615023,41.893902],[-87.614828,41.893495],[-87.615067,41.893886],[-87.615023,41.893902]]]}},{"type":"Feature","properties":{"name":null},"geometry":{"type":"Polygon","coordinates":[[[-87.617406,41.897471],[-87.618051,41.898386],[-87.618043,41.898424],[-87.617406,41.897471]]]}},{"type":"Feature","properties":{"name":null},"geometry":{"type":"Polygon","coordinates":[[[-87.649444,41.872967],[-87.649309,41.873091],[-87.649304,41.872885],[-87.649444,41.872967]]]}},{"type":"Feature","properties":{"name":null},"geometry":{"type":"Polygon","coordinates":[[[-87.647319,41.875861],[-87.647649,41.875869],[-87.64732,41.875884],[-87.647319,41.875861]]]}},{"type":"Feature","properties":{"name":null},"geometry":{"type":"Polygon","coordinates":[[[-87.624113,41.869444],[-87.624162,41.87009],[-87.624141,41.87009],[-87.624113,41.869444]]]}},{"type":"Feature","properties":{"name":null},"geometry":{"type":"Polygon","coordinates":[[[-87.624143,41.870705],[-87.624188,41.871138],[-87.624153,41.87114],[-87.624143,41.870705]]]}},{"type":"Feature","properties":{"name":null},"geometry":{"type":"Polygon","coordinates":[[[-87.624185,41.872408],[-87.624207,41.871988],[-87.624216,41.872407],[-87.624185,41.872408]]]}},{"type":"Feature","properties":{"name":null},"geometry":{"type":"Polygon","coordinates":[[[-87.624109,41.868516],[-87.624154,41.868267],[-87.624153,41.86856],[-87.624109,41.868516]]]}},{"type":"Feature","properties":{"name":null},"geometry":{"type":"Polygon","coordinates":[[[-87.632547,41.867547],[-87.632634,41.867742],[-87.632623,41.867758],[-87.632547,41.867547]]]}},{"type":"Feature","properties":{"name":null},"geometry":{"type":"Polygon","coordinates":[[[-87.648843,41.888261],[-87.65093,41.888533],[-87.652103,41.888579],[-87.648843,41.888261]]]}},{"type":"Feature","properties":{"name":null},"geometry":{"type":"Polygon","coordinates":[[[-87.65535,41.872669],[-87.65527,41.872902],[-87.655265,41.872664],[-87.65535,41.872669]]]}},{"type":"Feature","properties":{"name":null},"geometry":{"type":"Polygon","coordinates":[[[-87.651691,41.871911],[-87.651327,41.871819],[-87.651691,41.871817],[-87.651691,41.871911]]]}},{"type":"Feature","properties":{"name":"Big City Pickle"},"geometry":{"type":"Polygon","coordinates":[[[-87.649666,41.884896],[-87.648756,41.885545],[-87.648739,41.884813],[-87.649666,41.884896]]]}},{"type":"Feature","properties":{"name":null},"geometry":{"type":"Polygon","coordinates":[[[-87.621859,41.881027],[-87.621466,41.880992],[-87.621876,41.880983],[-87.621859,41.881027]]]}},{"type":"Feature","properties":{"name":null},"geometry":{"type":"Polygon","coordinates":[[[-87.624996,41.87079],[-87.624423,41.871019],[-87.624413,41.870802],[-87.624996,41.87079]]]}},{"type":"Feature","properties":{"name":null},"geometry":{"type":"Polygon","coordinates":[[[-87.627563,41.873529],[-87.627634,41.874221],[-87.627606,41.874221],[-87.627563,41.873529]]]}},{"type":"Feature","properties":{"name":null},"geometry":{"type":"Polygon","coordinates":[[[-87.628459,41.870551],[-87.627749,41.870542],[-87.628458,41.87053],[-87.628459,41.870551]]]}},{"type":"Feature","properties":{"name":null},"geometry":{"type":"Polygon","coordinates":[[[-87.638668,41.889214],[-87.638241,41.889294],[-87.638239,41.889218],[-87.638668,41.889214]]]}},{"type":"Feature","properties":{"name":null},"geometry":{"type":"Polygon","coordinates":[[[-87.640091,41.891282],[-87.640291,41.89138],[-87.640062,41.891394],[-87.640091,41.891282]]]}},{"type":"Feature","properties":{"name":null},"geometry":{"type":"Polygon","coordinates":[[[-87.640515,41.89136],[-87.640733,41.891302],[-87.640671,41.891364],[-87.640515,41.89136]]]}},{"type":"Feature","properties":{"name":null},"geometry":{"type":"Polygon","coordinates":[[[-87.641402,41.892656],[-87.641724,41.892637],[-87.641814,41.892706],[-87.641402,41.892656]]]}},{"type":"Feature","properties":{"name":null},"geometry":{"type":"Polygon","coordinates":[[[-87.642046,41.893026],[-87.641959,41.893012],[-87.64173,41.892706],[-87.642046,41.893026]]]}},{"type":"Feature","properties":{"name":null},"geometry":{"type":"Polygon","coordinates":[[[-87.642571,41.893337],[-87.64233,41.893233],[-87.642264,41.893079],[-87.642571,41.893337]]]}},{"type":"Feature","properties":{"name":null},"geometry":{"type":"Polygon","coordinates":[[[-87.646645,41.901],[-87.646344,41.900635],[-87.646733,41.901],[-87.646645,41.901]]]}},{"type":"Feature","properties":{"name":null},"geometry":{"type":"Polygon","coordinates":[[[-87.656529,41.900656],[-87.654954,41.900317],[-87.65306,41.899942],[-87.654243,41.899994],[-87.656529,41.900656]]]}},{"type":"Feature","properties":{"name":null},"geometry":{"type":"Polygon","coordinates":[[[-87.652651,41.899308],[-87.652806,41.899473],[-87.652441,41.899661],[-87.652651,41.899308]]]}},{"type":"Feature","properties":{"name":null},"geometry":{"type":"Polygon","coordinates":[[[-87.64798,41.898542],[-87.648235,41.898322],[-87.648242,41.898534],[-87.64798,41.898542]]]}},{"type":"Feature","properties":{"name":null},"geometry":{"type":"Polygon","coordinates":[[[-87.649537,41.898745],[-87.647984,41.89821],[-87.64868,41.898242],[-87.649537,41.898745]]]}},{"type":"Feature","properties":{"name":null},"geometry":{"type":"Polygon","coordinates":[[[-87.648688,41.898296],[-87.648566,41.898368],[-87.648534,41.898311],[-87.648688,41.898296]]]}},{"type":"Feature","properties":{"name":null},"geometry":{"type":"Polygon","coordinates":[[[-87.648377,41.89826],[-87.648474,41.898495],[-87.648273,41.898361],[-87.648377,41.89826]]]}},{"type":"Feature","properties":{"name":null},"geometry":{"type":"Polygon","coordinates":[[[-87.648595,41.898499],[-87.648745,41.898425],[-87.648649,41.898541],[-87.648595,41.898499]]]}},{"type":"Feature","properties":{"name":null},"geometry":{"type":"Polygon","coordinates":[[[-87.650915,41.899736],[-87.650942,41.899875],[-87.650773,41.899871],[-87.650915,41.899736]]]}},{"type":"Feature","properties":{"name":null},"geometry":{"type":"Polygon","coordinates":[[[-87.652515,41.900375],[-87.651771,41.90022],[-87.652529,41.900328],[-87.652515,41.900375]]]}},{"type":"Feature","properties":{"name":null},"geometry":{"type":"Polygon","coordinates":[[[-87.652198,41.89987],[-87.652186,41.899904],[-87.651589,41.899603],[-87.652198,41.89987]]]}},{"type":"Feature","properties":{"name":null},"geometry":{"type":"Polygon","coordinates":[[[-87.652804,41.899293],[-87.652958,41.898522],[-87.653085,41.898549],[-87.652804,41.899293]]]}},{"type":"Feature","properties":{"name":null},"geometry":{"type":"Polygon","coordinates":[[[-87.655234,41.901],[-87.652541,41.900418],[-87.652515,41.900375],[-87.65424,41.900644],[-87.655234,41.901]]]}},{"type":"Feature","properties":{"name":null},"geometry":{"type":"Polygon","coordinates":[[[-87.6396,41.871387],[-87.64039,41.871407],[-87.639602,41.871433],[-87.6396,41.871387]]]}},{"type":"Feature","properties":{"name":null},"geometry":{"type":"Polygon","coordinates":[[[-87.629505,41.873539],[-87.629384,41.873483],[-87.629502,41.873476],[-87.629505,41.873539]]]}},{"type":"Feature","properties":{"name":"Eckhart Park Community Garden"},"geometry":{"type":"Polygon","coordinates":[[[-87.66188,41.896739],[-87.662148,41.89679],[-87.661882,41.896795],[-87.66188,41.896739]]]}},{"type":"Feature","properties":{"name":null},"geometry":{"type":"Polygon","coordinates":[[[-87.615401,41.866938],[-87.615243,41.866808],[-87.615393,41.866694],[-87.615401,41.866938]]]}},{"type":"Feature","properties":{"name":null},"geometry":{"type":"Polygon","coordinates":[[[-87.615149,41.866816],[-87.614937,41.866943],[-87.614959,41.866683],[-87.615149,41.866816]]]}},{"type":"Feature","properties":{"name":null},"geometry":{"type":"Polygon","coordinates":[[[-87.607376,41.866044],[-87.606956,41.865989],[-87.607005,41.865856],[-87.607376,41.866044]]]}},{"type":"Feature","properties":{"name":null},"geometry":{"type":"Polygon","coordinates":[[[-87.6214,41.892194],[-87.620992,41.891905],[-87.621389,41.891897],[-87.6214,41.892194]]]}},{"type":"Feature","properties":{"name":null},"geometry":{"type":"Polygon","coordinates":[[[-87.675648,41.87758],[-87.675027,41.877758],[-87.675025,41.877618],[-87.675648,41.87758]]]}},{"type":"Feature","properties":{"name":null},"geometry":{"type":"Polygon","coordinates":[[[-87.67561,41.8777],[-87.675746,41.877578],[-87.676233,41.877608],[-87.67561,41.8777]]]}},{"type":"Feature","properties":{"name":null},"geometry":{"type":"Polygon","coordinates":[[[-87.67352,41.87798],[-87.673561,41.877922],[-87.673733,41.877975],[-87.67352,41.87798]]]}},{"type":"Feature","properties":{"name":null},"geometry":{"type":"Polygon","coordinates":[[[-87.672503,41.877656],[-87.673338,41.877615],[-87.673339,41.877643],[-87.672503,41.877656]]]}},{"type":"Feature","properties":{"name":null},"geometry":{"type":"Polygon","coordinates":[[[-87.633634,41.897264],[-87.633556,41.897114],[-87.633695,41.897174],[-87.633634,41.897264]]]}},{"type":"Feature","properties":{"name":"Medical Sciences Courtyard"},"geometry":{"type":"Polygon","coordinates":[[[-87.67228,41.869984],[-87.673251,41.870234],[-87.672286,41.870629],[-87.67228,41.869984]]]}},{"type":"Feature","properties":{"name":"Atkins Garden"},"geometry":{"type":"Polygon","coordinates":[[[-87.67123,41.87146],[-87.670868,41.871213],[-87.671224,41.871209],[-87.67123,41.87146]]]}},{"type":"Feature","properties":{"name":"Sheridan Park Tennis Courts"},"geometry":{"type":"Polygon","coordinates":[[[-87.655197,41.870278],[-87.65441,41.86997],[-87.655189,41.869959],[-87.655197,41.870278]]]}},{"type":"Feature","properties":{"name":null},"geometry":{"type":"Polygon","coordinates":[[[-87.646349,41.869484],[-87.646187,41.869347],[-87.646334,41.869339],[-87.646349,41.869484]]]}},{"type":"Feature","properties":{"name":null},"geometry":{"type":"Polygon","coordinates":[[[-87.646181,41.869457],[-87.645991,41.869386],[-87.646172,41.869362],[-87.646181,41.869457]]]}},{"type":"Feature","properties":{"name":null},"geometry":{"type":"Polygon","coordinates":[[[-87.64635,41.869055],[-87.646175,41.868905],[-87.64634,41.868899],[-87.64635,41.869055]]]}},{"type":"Feature","properties":{"name":null},"geometry":{"type":"Polygon","coordinates":[[[-87.64585,41.869179],[-87.645707,41.869061],[-87.645849,41.869061],[-87.64585,41.869179]]]}},{"type":"Feature","properties":{"name":"Bridge Sports Chicago"},"geometry":{"type":"Polygon","coordinates":[[[-87.633666,41.8663],[-87.634097,41.865599],[-87.634111,41.8663],[-87.633666,41.8663]]]}},{"type":"Feature","properties":{"name":null},"geometry":{"type":"Polygon","coordinates":[[[-87.662334,41.897898],[-87.662065,41.897903],[-87.662328,41.89772],[-87.662334,41.897898]]]}},{"type":"Feature","properties":{"name":null},"geometry":{"type":"Polygon","coordinates":[[[-87.660015,41.870261],[-87.658466,41.871217],[-87.658434,41.870292],[-87.660015,41.870261]]]}},{"type":"Feature","properties":{"name":"Skinner Park Tranquil Garden"},"geometry":{"type":"Polygon","coordinates":[[[-87.660977,41.88017],[-87.661524,41.879887],[-87.661754,41.880164],[-87.660977,41.88017]]]}},{"type":"Feature","properties":{"name":null},"geometry":{"type":"Polygon","coordinates":[[[-87.659568,41.87027],[-87.658421,41.869495],[-87.659534,41.869474],[-87.659568,41.87027]]]}},{"type":"Feature","properties":{"name":null},"geometry":{"type":"Polygon","coordinates":[[[-87.632812,41.899918],[-87.632823,41.899432],[-87.632837,41.899918],[-87.632812,41.899918]]]}},{"type":"Feature","properties":{"name":null},"geometry":{"type":"Polygon","coordinates":[[[-87.632784,41.899069],[-87.632782,41.898118],[-87.632808,41.899068],[-87.632784,41.899069]]]}},{"type":"Feature","properties":{"name":null},"geometry":{"type":"Polygon","coordinates":[[[-87.632749,41.89778],[-87.632758,41.897291],[-87.632774,41.89778],[-87.632749,41.89778]]]}},{"type":"Feature","properties":{"name":null},"geometry":{"type":"Polygon","coordinates":[[[-87.659039,41.868291],[-87.658098,41.869311],[-87.658069,41.868305],[-87.659039,41.868291]]]}},{"type":"Feature","properties":{"name":null},"geometry":{"type":"Polygon","coordinates":[[[-87.658736,41.868126],[-87.658057,41.86788],[-87.658715,41.867871],[-87.658736,41.868126]]]}},{"type":"Feature","properties":{"name":null},"geometry":{"type":"Polygon","coordinates":[[[-87.659014,41.867411],[-87.658522,41.867129],[-87.659006,41.867109],[-87.659014,41.867411]]]}},{"type":"Feature","properties":{"name":null},"geometry":{"type":"Polygon","coordinates":[[[-87.658044,41.86748],[-87.658713,41.867768],[-87.658052,41.867779],[-87.658044,41.86748]]]}},{"type":"Feature","properties":{"name":null},"geometry":{"type":"Polygon","coordinates":[[[-87.660481,41.867086],[-87.659779,41.867399],[-87.659728,41.867105],[-87.660481,41.867086]]]}},{"type":"Feature","properties":{"name":null},"geometry":{"type":"Polygon","coordinates":[[[-87.659525,41.867455],[-87.659268,41.867717],[-87.659263,41.867458],[-87.659525,41.867455]]]}},{"type":"Feature","properties":{"name":null},"geometry":{"type":"Polygon","coordinates":[[[-87.660617,41.867695],[-87.659935,41.867451],[-87.660607,41.867439],[-87.660617,41.867695]]]}},{"type":"Feature","properties":{"name":null},"geometry":{"type":"Polygon","coordinates":[[[-87.661468,41.867424],[-87.661012,41.867687],[-87.66101,41.86743],[-87.661468,41.867424]]]}},{"type":"Feature","properties":{"name":null},"geometry":{"type":"Polygon","coordinates":[[[-87.66146,41.867367],[-87.660955,41.867084],[-87.661449,41.86707],[-87.66146,41.867367]]]}},{"type":"Feature","properties":{"name":null},"geometry":{"type":"Polygon","coordinates":[[[-87.632523,41.889368],[-87.632579,41.889637],[-87.632559,41.889637],[-87.632523,41.889368]]]}},{"type":"Feature","properties":{"name":null},"geometry":{"type":"Polygon","coordinates":[[[-87.626542,41.890977],[-87.626161,41.890956],[-87.626543,41.890946],[-87.626542,41.890977]]]}},{"type":"Feature","properties":{"name":null},"geometry":{"type":"Polygon","coordinates":[[[-87.63261,41.892253],[-87.632642,41.891764],[-87.63263,41.892263],[-87.63261,41.892253]]]}},{"type":"Feature","properties":{"name":null},"geometry":{"type":"Polygon","coordinates":[[[-87.648631,41.870833],[-87.648405,41.871186],[-87.647732,41.870854],[-87.648631,41.870833]]]}},{"type":"Feature","properties":{"name":null},"geometry":{"type":"Polygon","coordinates":[[[-87.648879,41.870848],[-87.648714,41.871142],[-87.648707,41.870875],[-87.648879,41.870848]]]}},{"type":"Feature","properties":{"name":"Snowberry Park"},"geometry":{"type":"Polygon","coordinates":[[[-87.674342,41.893791],[-87.674093,41.894057],[-87.674085,41.893713],[-87.674342,41.893791]]]}},{"type":"Feature","properties":{"name":null},"geometry":{"type":"Polygon","coordinates":[[[-87.622415,41.880291],[-87.622458,41.879934],[-87.622468,41.88029],[-87.622415,41.880291]]]}},{"type":"Feature","properties":{"name":null},"geometry":{"type":"Polygon","coordinates":[[[-87.637729,41.87614],[-87.637966,41.876396],[-87.637976,41.876533],[-87.637729,41.87614]]]}},{"type":"Feature","properties":{"name":null},"geometry":{"type":"Polygon","coordinates":[[[-87.65102,41.871193],[-87.650722,41.87099],[-87.650901,41.870883],[-87.65102,41.871193]]]}},{"type":"Feature","properties":{"name":null},"geometry":{"type":"Polygon","coordinates":[[[-87.613942,41.884324],[-87.614268,41.883924],[-87.614338,41.883963],[-87.613942,41.884324]]]}},{"type":"Feature","properties":{"name":null},"geometry":{"type":"Polygon","coordinates":[[[-87.614325,41.884256],[-87.614453,41.883999],[-87.614525,41.884039],[-87.614325,41.884256]]]}},{"type":"Feature","properties":{"name":null},"geometry":{"type":"Polygon","coordinates":[[[-87.613943,41.883964],[-87.613853,41.884012],[-87.614091,41.883815],[-87.613943,41.883964]]]}},{"type":"Feature","properties":{"name":null},"geometry":{"type":"Polygon","coordinates":[[[-87.618049,41.865061],[-87.61773,41.865148],[-87.61769,41.865104],[-87.618049,41.865061]]]}},{"type":"Feature","properties":{"name":null},"geometry":{"type":"Polygon","coordinates":[[[-87.618542,41.865438],[-87.618261,41.865235],[-87.618259,41.865155],[-87.618555,41.865113],[-87.618542,41.865438]]]}},{"type":"Feature","properties":{"name":null},"geometry":{"type":"Polygon","coordinates":[[[-87.628125,41.869275],[-87.627861,41.868783],[-87.628116,41.86878],[-87.628125,41.869275]]]}},{"type":"Feature","properties":{"name":null},"geometry":{"type":"Polygon","coordinates":[[[-87.627856,41.868346],[-87.628093,41.868009],[-87.628103,41.868331],[-87.627856,41.868346]]]}},{"type":"Feature","properties":{"name":null},"geometry":{"type":"Polygon","coordinates":[[[-87.630013,41.869264],[-87.628899,41.869171],[-87.630014,41.869158],[-87.630013,41.869264]]]}},{"type":"Feature","properties":{"name":null},"geometry":{"type":"Polygon","coordinates":[[[-87.629246,41.869928],[-87.628715,41.869821],[-87.629244,41.869813],[-87.629246,41.869928]]]}},{"type":"Feature","properties":{"name":null},"geometry":{"type":"Polygon","coordinates":[[[-87.63042,41.870581],[-87.629657,41.870393],[-87.630418,41.870457],[-87.63042,41.870581]]]}},{"type":"Feature","properties":{"name":null},"geometry":{"type":"Polygon","coordinates":[[[-87.643797,41.875965],[-87.643771,41.875991],[-87.643649,41.875949],[-87.643797,41.875965]]]}},{"type":"Feature","properties":{"name":null},"geometry":{"type":"Polygon","coordinates":[[[-87.64415,41.877676],[-87.644102,41.877657],[-87.644366,41.877673],[-87.64415,41.877676]]]}},{"type":"Feature","properties":{"name":null},"geometry":{"type":"Polygon","coordinates":[[[-87.644193,41.878522],[-87.644177,41.878553],[-87.644171,41.878468],[-87.644193,41.878522]]]}},{"type":"Feature","properties":{"name":null},"geometry":{"type":"Polygon","coordinates":[[[-87.64498,41.878709],[-87.645073,41.87875],[-87.644989,41.878948],[-87.64498,41.878709]]]}},{"type":"Feature","properties":{"name":null},"geometry":{"type":"Polygon","coordinates":[[[-87.64526,41.878707],[-87.645185,41.878792],[-87.645102,41.878708],[-87.64526,41.878707]]]}},{"type":"Feature","properties":{"name":null},"geometry":{"type":"Polygon","coordinates":[[[-87.644905,41.878714],[-87.644863,41.878759],[-87.644795,41.878715],[-87.644905,41.878714]]]}},{"type":"Feature","properties":{"name":null},"geometry":{"type":"Polygon","coordinates":[[[-87.610248,41.892735],[-87.610272,41.892899],[-87.610479,41.892945],[-87.610232,41.892907],[-87.610248,41.892735]]]}},{"type":"Feature","properties":{"name":null},"geometry":{"type":"Polygon","coordinates":[[[-87.626012,41.866807],[-87.626111,41.867143],[-87.626019,41.867179],[-87.626012,41.866807]]]}},{"type":"Feature","properties":{"name":null},"geometry":{"type":"Polygon","coordinates":[[[-87.626566,41.866817],[-87.626449,41.867048],[-87.626446,41.866804],[-87.626566,41.866817]]]}},{"type":"Feature","properties":{"name":null},"geometry":{"type":"Polygon","coordinates":[[[-87.626712,41.867043],[-87.626834,41.866739],[-87.626846,41.867042],[-87.626712,41.867043]]]}},{"type":"Feature","properties":{"name":null},"geometry":{"type":"Polygon","coordinates":[[[-87.62694,41.867042],[-87.627072,41.86674],[-87.627074,41.867041],[-87.62694,41.867042]]]}},{"type":"Feature","properties":{"name":null},"geometry":{"type":"Polygon","coordinates":[[[-87.627171,41.86713],[-87.627244,41.866734],[-87.627251,41.867129],[-87.627171,41.86713]]]}},{"type":"Feature","properties":{"name":null},"geometry":{"type":"Polygon","coordinates":[[[-87.639229,41.879426],[-87.639206,41.879449],[-87.638897,41.879444],[-87.639229,41.879426]]]}},{"type":"Feature","properties":{"name":null},"geometry":{"type":"Polygon","coordinates":[[[-87.638616,41.879465],[-87.638609,41.879811],[-87.638558,41.879433],[-87.638616,41.879465]]]}},{"type":"Feature","properties":{"name":null},"geometry":{"type":"Polygon","coordinates":[[[-87.632909,41.869961],[-87.633395,41.870623],[-87.632928,41.870627],[-87.632909,41.869961]]]}},{"type":"Feature","properties":{"name":null},"geometry":{"type":"Polygon","coordinates":[[[-87.632615,41.869127],[-87.632768,41.868697],[-87.632776,41.869124],[-87.632615,41.869127]]]}},{"type":"Feature","properties":{"name":null},"geometry":{"type":"Polygon","coordinates":[[[-87.664619,41.88378],[-87.664535,41.883357],[-87.664855,41.883498],[-87.664619,41.88378]]]}},{"type":"Feature","properties":{"name":null},"geometry":{"type":"Polygon","coordinates":[[[-87.635154,41.872184],[-87.635146,41.872496],[-87.635114,41.872184],[-87.635154,41.872184]]]}},{"type":"Feature","properties":{"name":null},"geometry":{"type":"Polygon","coordinates":[[[-87.635248,41.872613],[-87.635273,41.873446],[-87.635119,41.872627],[-87.635248,41.872613]]]}},{"type":"Feature","properties":{"name":null},"geometry":{"type":"Polygon","coordinates":[[[-87.634312,41.872557],[-87.634661,41.872677],[-87.634276,41.873005],[-87.634312,41.872557]]]}},{"type":"Feature","properties":{"name":null},"geometry":{"type":"Polygon","coordinates":[[[-87.635092,41.872864],[-87.635216,41.872864],[-87.635213,41.873134],[-87.635092,41.872864]]]}},{"type":"Feature","properties":{"name":null},"geometry":{"type":"Polygon","coordinates":[[[-87.635391,41.874285],[-87.635248,41.872949],[-87.635501,41.874285],[-87.635391,41.874285]]]}},{"type":"Feature","properties":{"name":null},"geometry":{"type":"Polygon","coordinates":[[[-87.635598,41.874312],[-87.635615,41.874347],[-87.635227,41.874334],[-87.635598,41.874312]]]}},{"type":"Feature","properties":{"name":null},"geometry":{"type":"Polygon","coordinates":[[[-87.650597,41.891477],[-87.650717,41.892018],[-87.650629,41.892207],[-87.650597,41.891477]]]}},{"type":"Feature","properties":{"name":null},"geometry":{"type":"Polygon","coordinates":[[[-87.65096,41.891783],[-87.650597,41.891477],[-87.650573,41.89127],[-87.65096,41.891783]]]}},{"type":"Feature","properties":{"name":null},"geometry":{"type":"Polygon","coordinates":[[[-87.651447,41.891948],[-87.651282,41.891761],[-87.651584,41.891965],[-87.651447,41.891948]]]}},{"type":"Feature","properties":{"name":null},"geometry":{"type":"Polygon","coordinates":[[[-87.651439,41.892292],[-87.651584,41.891965],[-87.651843,41.892252],[-87.651439,41.892292]]]}},{"type":"Feature","properties":{"name":null},"geometry":{"type":"Polygon","coordinates":[[[-87.654439,41.891407],[-87.653109,41.891522],[-87.652386,41.891402],[-87.654439,41.891407]]]}},{"type":"Feature","properties":{"name":null},"geometry":{"type":"Polygon","coordinates":[[[-87.654116,41.892289],[-87.654542,41.892268],[-87.654866,41.892607],[-87.654116,41.892289]]]}},{"type":"Feature","properties":{"name":null},"geometry":{"type":"Polygon","coordinates":[[[-87.655697,41.892769],[-87.655825,41.89343],[-87.655913,41.893584],[-87.655615,41.893276],[-87.655697,41.892769]]]}},{"type":"Feature","properties":{"name":null},"geometry":{"type":"Polygon","coordinates":[[[-87.653031,41.89322],[-87.65353,41.893269],[-87.653624,41.893402],[-87.653031,41.89322]]]}},{"type":"Feature","properties":{"name":null},"geometry":{"type":"Polygon","coordinates":[[[-87.652591,41.892846],[-87.652702,41.892962],[-87.652544,41.892886],[-87.652591,41.892846]]]}},{"type":"Feature","properties":{"name":null},"geometry":{"type":"Polygon","coordinates":[[[-87.65166,41.893177],[-87.650706,41.893071],[-87.650338,41.892831],[-87.65166,41.893177]]]}},{"type":"Feature","properties":{"name":null},"geometry":{"type":"Polygon","coordinates":[[[-87.647807,41.892887],[-87.648188,41.892692],[-87.648945,41.892801],[-87.647807,41.892887]]]}},{"type":"Feature","properties":{"name":null},"geometry":{"type":"Polygon","coordinates":[[[-87.652489,41.891765],[-87.653167,41.89191],[-87.652608,41.891842],[-87.652489,41.891765]]]}},{"type":"Feature","properties":{"name":null},"geometry":{"type":"Polygon","coordinates":[[[-87.657014,41.894728],[-87.656927,41.89456],[-87.657065,41.894724],[-87.657014,41.894728]]]}},{"type":"Feature","properties":{"name":null},"geometry":{"type":"Polygon","coordinates":[[[-87.607782,41.889444],[-87.609516,41.889422],[-87.609516,41.889461],[-87.607782,41.889444]]]}},{"type":"Feature","properties":{"name":"Maggie Daley Tennis Courts"},"geometry":{"type":"Polygon","coordinates":[[[-87.616518,41.884064],[-87.615426,41.883817],[-87.616503,41.883756],[-87.616518,41.884064]]]}},{"type":"Feature","properties":{"name":"Big City Pickle"},"geometry":{"type":"Polygon","coordinates":[[[-87.634097,41.865599],[-87.63364,41.865088],[-87.634084,41.865081],[-87.634097,41.865599]]]}},{"type":"Feature","properties":{"name":null},"geometry":{"type":"Polygon","coordinates":[[[-87.678404,41.885042],[-87.677223,41.885373],[-87.676878,41.885355],[-87.676875,41.885091],[-87.678404,41.885042]]]}},{"type":"Feature","properties":{"name":null},"geometry":{"type":"Polygon","coordinates":[[[-87.677332,41.885308],[-87.678413,41.885353],[-87.677321,41.885368],[-87.677332,41.885308]]]}},{"type":"Feature","properties":{"name":null},"geometry":{"type":"Polygon","coordinates":[[[-87.640127,41.861216],[-87.6392,41.861157],[-87.640126,41.861142],[-87.640127,41.861216]]]}},{"type":"Feature","properties":{"name":null},"geometry":{"type":"Polygon","coordinates":[[[-87.641702,41.882102],[-87.641807,41.881979],[-87.641866,41.882018],[-87.641702,41.882102]]]}},{"type":"Feature","properties":{"name":null},"geometry":{"type":"Polygon","coordinates":[[[-87.67151,41.881533],[-87.67039,41.88152],[-87.671511,41.881499],[-87.67151,41.881533]]]}},{"type":"Feature","properties":{"name":null},"geometry":{"type":"Polygon","coordinates":[[[-87.671621,41.882185],[-87.671661,41.882228],[-87.670601,41.882248],[-87.671621,41.882185]]]}},{"type":"Feature","properties":{"name":null},"geometry":{"type":"Polygon","coordinates":[[[-87.668291,41.875062],[-87.668936,41.875029],[-87.668951,41.875052],[-87.668291,41.875062]]]}},{"type":"Feature","properties":{"name":null},"geometry":{"type":"Polygon","coordinates":[[[-87.669606,41.874968],[-87.669239,41.875051],[-87.66922,41.874917],[-87.669606,41.874968]]]}},{"type":"Feature","properties":{"name":null},"geometry":{"type":"Polygon","coordinates":[[[-87.667887,41.874323],[-87.667568,41.874311],[-87.668146,41.874303],[-87.667887,41.874323]]]}},{"type":"Feature","properties":{"name":null},"geometry":{"type":"Polygon","coordinates":[[[-87.667448,41.874504],[-87.667383,41.874336],[-87.667504,41.874486],[-87.667448,41.874504]]]}},{"type":"Feature","properties":{"name":null},"geometry":{"type":"Polygon","coordinates":[[[-87.668994,41.874372],[-87.668261,41.874319],[-87.668259,41.8743],[-87.668991,41.874288],[-87.668994,41.874372]]]}},{"type":"Feature","properties":{"name":null},"geometry":{"type":"Polygon","coordinates":[[[-87.669578,41.87432],[-87.669163,41.874327],[-87.669578,41.874257],[-87.669578,41.87432]]]}},{"type":"Feature","properties":{"name":null},"geometry":{"type":"Polygon","coordinates":[[[-87.666867,41.874451],[-87.666812,41.874667],[-87.666807,41.874453],[-87.666867,41.874451]]]}},{"type":"Feature","properties":{"name":null},"geometry":{"type":"Polygon","coordinates":[[[-87.666813,41.874688],[-87.667104,41.875082],[-87.666825,41.875077],[-87.666813,41.874688]]]}},{"type":"Feature","properties":{"name":null},"geometry":{"type":"Polygon","coordinates":[[[-87.670935,41.87456],[-87.670876,41.874233],[-87.670926,41.874233],[-87.670935,41.87456]]]}},{"type":"Feature","properties":{"name":"IMD Park"},"geometry":{"type":"Polygon","coordinates":[[[-87.674131,41.874543],[-87.67455,41.87415],[-87.674575,41.874177],[-87.674131,41.874543]]]}},{"type":"Feature","properties":{"name":null},"geometry":{"type":"Polygon","coordinates":[[[-87.676161,41.873143],[-87.676229,41.873959],[-87.67525,41.87391],[-87.676161,41.873143]]]}},{"type":"Feature","properties":{"name":"Global Covid=19 Memorial Park"},"geometry":{"type":"Polygon","coordinates":[[[-87.676519,41.871549],[-87.676597,41.872483],[-87.676536,41.872479],[-87.676519,41.871549]]]}},{"type":"Feature","properties":{"name":null},"geometry":{"type":"Polygon","coordinates":[[[-87.674137,41.874383],[-87.674189,41.874473],[-87.674138,41.874462],[-87.674137,41.874383]]]}},{"type":"Feature","properties":{"name":null},"geometry":{"type":"Polygon","coordinates":[[[-87.674289,41.874728],[-87.674362,41.874984],[-87.674159,41.874974],[-87.674137,41.874854],[-87.674289,41.874728]]]}},{"type":"Feature","properties":{"name":null},"geometry":{"type":"Polygon","coordinates":[[[-87.673383,41.874988],[-87.673908,41.87471],[-87.673585,41.874984],[-87.673383,41.874988]]]}},{"type":"Feature","properties":{"name":null},"geometry":{"type":"Polygon","coordinates":[[[-87.673547,41.874901],[-87.673475,41.874715],[-87.673745,41.874188],[-87.673547,41.874901]]]}},{"type":"Feature","properties":{"name":null},"geometry":{"type":"Polygon","coordinates":[[[-87.672917,41.874256],[-87.673107,41.874201],[-87.673106,41.874367],[-87.672917,41.874256]]]}},{"type":"Feature","properties":{"name":null},"geometry":{"type":"Polygon","coordinates":[[[-87.672786,41.87444],[-87.673203,41.874988],[-87.672741,41.874468],[-87.672786,41.87444]]]}},{"type":"Feature","properties":{"name":null},"geometry":{"type":"Polygon","coordinates":[[[-87.670791,41.873713],[-87.670584,41.873817],[-87.67092,41.873115],[-87.670791,41.873713]]]}},{"type":"Feature","properties":{"name":null},"geometry":{"type":"Polygon","coordinates":[[[-87.670455,41.873596],[-87.670565,41.873345],[-87.670497,41.873617],[-87.670455,41.873596]]]}},{"type":"Feature","properties":{"name":null},"geometry":{"type":"Polygon","coordinates":[[[-87.670489,41.874015],[-87.670455,41.87367],[-87.670472,41.87365],[-87.670489,41.874015]]]}},{"type":"Feature","properties":{"name":null},"geometry":{"type":"Polygon","coordinates":[[[-87.67092,41.873115],[-87.670453,41.872942],[-87.670888,41.872938],[-87.67092,41.873115]]]}},{"type":"Feature","properties":{"name":null},"geometry":{"type":"Polygon","coordinates":[[[-87.670263,41.87202],[-87.670305,41.87249],[-87.670276,41.87249],[-87.670263,41.87202]]]}},{"type":"Feature","properties":{"name":null},"geometry":{"type":"Polygon","coordinates":[[[-87.667399,41.873891],[-87.667341,41.87333],[-87.667381,41.87334],[-87.667399,41.873891]]]}},{"type":"Feature","properties":{"name":null},"geometry":{"type":"Polygon","coordinates":[[[-87.667327,41.873265],[-87.667366,41.872988],[-87.667354,41.873278],[-87.667327,41.873265]]]}},{"type":"Feature","properties":{"name":null},"geometry":{"type":"Polygon","coordinates":[[[-87.666857,41.873986],[-87.666801,41.874018],[-87.666796,41.873861],[-87.666857,41.873986]]]}},{"type":"Feature","properties":{"name":null},"geometry":{"type":"Polygon","coordinates":[[[-87.667171,41.874016],[-87.666814,41.874075],[-87.666801,41.874018],[-87.667171,41.874016]]]}},{"type":"Feature","properties":{"name":null},"geometry":{"type":"Polygon","coordinates":[[[-87.666796,41.873844],[-87.667182,41.872988],[-87.666833,41.873844],[-87.666796,41.873844]]]}},{"type":"Feature","properties":{"name":null},"geometry":{"type":"Polygon","coordinates":[[[-87.666833,41.873844],[-87.667065,41.873035],[-87.666854,41.873844],[-87.666833,41.873844]]]}},{"type":"Feature","properties":{"name":null},"geometry":{"type":"Polygon","coordinates":[[[-87.667481,41.874079],[-87.667785,41.873969],[-87.667813,41.874076],[-87.667481,41.874079]]]}},{"type":"Feature","properties":{"name":null},"geometry":{"type":"Polygon","coordinates":[[[-87.667895,41.873965],[-87.668027,41.874074],[-87.667895,41.874075],[-87.667895,41.873965]]]}},{"type":"Feature","properties":{"name":null},"geometry":{"type":"Polygon","coordinates":[[[-87.668281,41.873964],[-87.668115,41.874072],[-87.668116,41.873963],[-87.668281,41.873964]]]}},{"type":"Feature","properties":{"name":null},"geometry":{"type":"Polygon","coordinates":[[[-87.668939,41.874063],[-87.668946,41.873953],[-87.668978,41.873722],[-87.668939,41.874063]]]}},{"type":"Feature","properties":{"name":null},"geometry":{"type":"Polygon","coordinates":[[[-87.668978,41.873627],[-87.668933,41.873343],[-87.668932,41.873319],[-87.668978,41.873627]]]}},{"type":"Feature","properties":{"name":null},"geometry":{"type":"Polygon","coordinates":[[[-87.668925,41.87296],[-87.668924,41.872989],[-87.668387,41.872971],[-87.668925,41.87296]]]}},{"type":"Feature","properties":{"name":null},"geometry":{"type":"Polygon","coordinates":[[[-87.668263,41.872999],[-87.667725,41.87298],[-87.668263,41.872972],[-87.668263,41.872999]]]}},{"type":"Feature","properties":{"name":null},"geometry":{"type":"Polygon","coordinates":[[[-87.674764,41.873984],[-87.674735,41.873971],[-87.674865,41.873613],[-87.674764,41.873984]]]}},{"type":"Feature","properties":{"name":null},"geometry":{"type":"Polygon","coordinates":[[[-87.674741,41.873589],[-87.67486,41.873237],[-87.674865,41.873591],[-87.674741,41.873589]]]}},{"type":"Feature","properties":{"name":null},"geometry":{"type":"Polygon","coordinates":[[[-87.675698,41.873197],[-87.675694,41.873066],[-87.675784,41.873125],[-87.675698,41.873197]]]}},{"type":"Feature","properties":{"name":null},"geometry":{"type":"Polygon","coordinates":[[[-87.675849,41.873082],[-87.675713,41.872867],[-87.676101,41.872866],[-87.675849,41.873082]]]}},{"type":"Feature","properties":{"name":null},"geometry":{"type":"Polygon","coordinates":[[[-87.675149,41.87337],[-87.675623,41.873268],[-87.675335,41.87351],[-87.675149,41.87337]]]}},{"type":"Feature","properties":{"name":null},"geometry":{"type":"Polygon","coordinates":[[[-87.675061,41.873188],[-87.674921,41.873205],[-87.67492,41.873176],[-87.675061,41.873188]]]}},{"type":"Feature","properties":{"name":null},"geometry":{"type":"Polygon","coordinates":[[[-87.674921,41.873231],[-87.6753,41.87354],[-87.675159,41.873659],[-87.674921,41.873231]]]}},{"type":"Feature","properties":{"name":null},"geometry":{"type":"Polygon","coordinates":[[[-87.675138,41.873676],[-87.674926,41.873549],[-87.674945,41.873549],[-87.675138,41.873676]]]}},{"type":"Feature","properties":{"name":null},"geometry":{"type":"Polygon","coordinates":[[[-87.672482,41.872361],[-87.671819,41.872679],[-87.671811,41.872376],[-87.672482,41.872361]]]}},{"type":"Feature","properties":{"name":null},"geometry":{"type":"Polygon","coordinates":[[[-87.671632,41.872361],[-87.671819,41.872679],[-87.671643,41.872681],[-87.671632,41.872361]]]}},{"type":"Feature","properties":{"name":null},"geometry":{"type":"Polygon","coordinates":[[[-87.671821,41.872748],[-87.671653,41.87312],[-87.671653,41.872749],[-87.671821,41.872748]]]}},{"type":"Feature","properties":{"name":null},"geometry":{"type":"Polygon","coordinates":[[[-87.673787,41.871969],[-87.673528,41.871617],[-87.673774,41.871617],[-87.673787,41.871969]]]}},{"type":"Feature","properties":{"name":null},"geometry":{"type":"Polygon","coordinates":[[[-87.673977,41.871653],[-87.673905,41.871597],[-87.674273,41.871592],[-87.673977,41.871653]]]}},{"type":"Feature","properties":{"name":null},"geometry":{"type":"Polygon","coordinates":[[[-87.674414,41.871647],[-87.674716,41.871589],[-87.674715,41.871641],[-87.674414,41.871647]]]}},{"type":"Feature","properties":{"name":null},"geometry":{"type":"Polygon","coordinates":[[[-87.674931,41.871598],[-87.674854,41.87188],[-87.674846,41.871599],[-87.674931,41.871598]]]}},{"type":"Feature","properties":{"name":null},"geometry":{"type":"Polygon","coordinates":[[[-87.673012,41.871703],[-87.673502,41.871617],[-87.673506,41.871716],[-87.673012,41.871703]]]}},{"type":"Feature","properties":{"name":null},"geometry":{"type":"Polygon","coordinates":[[[-87.672779,41.871718],[-87.672657,41.871632],[-87.672778,41.87163],[-87.672779,41.871718]]]}},{"type":"Feature","properties":{"name":null},"geometry":{"type":"Polygon","coordinates":[[[-87.671824,41.871796],[-87.671594,41.871665],[-87.672399,41.871641],[-87.671824,41.871796]]]}},{"type":"Feature","properties":{"name":null},"geometry":{"type":"Polygon","coordinates":[[[-87.67612,41.872851],[-87.675974,41.872817],[-87.676154,41.872544],[-87.67612,41.872851]]]}},{"type":"Feature","properties":{"name":null},"geometry":{"type":"Polygon","coordinates":[[[-87.676001,41.872527],[-87.676146,41.872173],[-87.676152,41.872525],[-87.676001,41.872527]]]}},{"type":"Feature","properties":{"name":null},"geometry":{"type":"Polygon","coordinates":[[[-87.675993,41.872162],[-87.676138,41.871928],[-87.676144,41.872158],[-87.675993,41.872162]]]}},{"type":"Feature","properties":{"name":null},"geometry":{"type":"Polygon","coordinates":[[[-87.675983,41.871789],[-87.676136,41.871718],[-87.676137,41.871788],[-87.675983,41.871789]]]}},{"type":"Feature","properties":{"name":null},"geometry":{"type":"Polygon","coordinates":[[[-87.648463,41.884454],[-87.647728,41.884449],[-87.648463,41.884438],[-87.648463,41.884454]]]}},{"type":"Feature","properties":{"name":null},"geometry":{"type":"Polygon","coordinates":[[[-87.647724,41.884371],[-87.648461,41.884339],[-87.648462,41.884358],[-87.647724,41.884371]]]}},{"type":"Feature","properties":{"name":null},"geometry":{"type":"Polygon","coordinates":[[[-87.649627,41.884337],[-87.648751,41.884353],[-87.648751,41.884332],[-87.649627,41.884337]]]}},{"type":"Feature","properties":{"name":null},"geometry":{"type":"Polygon","coordinates":[[[-87.669701,41.871227],[-87.669784,41.871276],[-87.669719,41.8715],[-87.669701,41.871227]]]}},{"type":"Feature","properties":{"name":null},"geometry":{"type":"Polygon","coordinates":[[[-87.67126,41.869352],[-87.671294,41.869317],[-87.671297,41.869507],[-87.67126,41.869352]]]}},{"type":"Feature","properties":{"name":null},"geometry":{"type":"Polygon","coordinates":[[[-87.670932,41.869847],[-87.670907,41.869828],[-87.671267,41.869825],[-87.670932,41.869847]]]}},{"type":"Feature","properties":{"name":null},"geometry":{"type":"Polygon","coordinates":[[[-87.669405,41.869679],[-87.669171,41.869945],[-87.669134,41.869962],[-87.669126,41.869633],[-87.669405,41.869679]]]}},{"type":"Feature","properties":{"name":null},"geometry":{"type":"Polygon","coordinates":[[[-87.669459,41.869345],[-87.669138,41.869402],[-87.669134,41.86935],[-87.669459,41.869345]]]}},{"type":"Feature","properties":{"name":null},"geometry":{"type":"Polygon","coordinates":[[[-87.675997,41.861956],[-87.675887,41.861697],[-87.675985,41.86173],[-87.675997,41.861956]]]}},{"type":"Feature","properties":{"name":null},"geometry":{"type":"Polygon","coordinates":[[[-87.676238,41.862118],[-87.676379,41.861871],[-87.676384,41.862116],[-87.676238,41.862118]]]}},{"type":"Feature","properties":{"name":null},"geometry":{"type":"Polygon","coordinates":[[[-87.657561,41.883446],[-87.657533,41.88315],[-87.656764,41.883099],[-87.657552,41.883086],[-87.657561,41.883446]]]}},{"type":"Feature","properties":{"name":null},"geometry":{"type":"Polygon","coordinates":[[[-87.656085,41.884056],[-87.65615,41.884049],[-87.656602,41.883987],[-87.656635,41.884046],[-87.656085,41.884056]]]}},{"type":"Feature","properties":{"name":null},"geometry":{"type":"Polygon","coordinates":[[[-87.672347,41.883677],[-87.67269,41.883265],[-87.672704,41.883672],[-87.672347,41.883677]]]}},{"type":"Feature","properties":{"name":null},"geometry":{"type":"Polygon","coordinates":[[[-87.671155,41.88242],[-87.670691,41.88263],[-87.670688,41.882427],[-87.671155,41.88242]]]}},{"type":"Feature","properties":{"name":null},"geometry":{"type":"Polygon","coordinates":[[[-87.671356,41.882486],[-87.671193,41.882419],[-87.671354,41.882417],[-87.671356,41.882486]]]}},{"type":"Feature","properties":{"name":null},"geometry":{"type":"Polygon","coordinates":[[[-87.670894,41.88288],[-87.671354,41.882417],[-87.671501,41.882863],[-87.670894,41.88288]]]}},{"type":"Feature","properties":{"name":null},"geometry":{"type":"Polygon","coordinates":[[[-87.671648,41.882958],[-87.671657,41.882438],[-87.671671,41.882958],[-87.671648,41.882958]]]}},{"type":"Feature","properties":{"name":null},"geometry":{"type":"Polygon","coordinates":[[[-87.67156,41.883074],[-87.670706,41.883155],[-87.670705,41.883128],[-87.67156,41.883074]]]}},{"type":"Feature","properties":{"name":null},"geometry":{"type":"Polygon","coordinates":[[[-87.670701,41.883195],[-87.670701,41.88318],[-87.671676,41.883176],[-87.670701,41.883195]]]}},{"type":"Feature","properties":{"name":null},"geometry":{"type":"Polygon","coordinates":[[[-87.669809,41.883388],[-87.669485,41.883354],[-87.669809,41.883367],[-87.669809,41.883388]]]}},{"type":"Feature","properties":{"name":null},"geometry":{"type":"Polygon","coordinates":[[[-87.669505,41.883964],[-87.669492,41.88351],[-87.669559,41.883572],[-87.669505,41.883964]]]}},{"type":"Feature","properties":{"name":null},"geometry":{"type":"Polygon","coordinates":[[[-87.67001,41.883719],[-87.669776,41.883552],[-87.669999,41.883345],[-87.67001,41.883719]]]}},{"type":"Feature","properties":{"name":null},"geometry":{"type":"Polygon","coordinates":[[[-87.654162,41.875993],[-87.652016,41.875952],[-87.65197,41.875855],[-87.654162,41.875993]]]}},{"type":"Feature","properties":{"name":null},"geometry":{"type":"Polygon","coordinates":[[[-87.614564,41.866994],[-87.614408,41.867105],[-87.614532,41.866924],[-87.614564,41.866994]]]}},{"type":"Feature","properties":{"name":null},"geometry":{"type":"Polygon","coordinates":[[[-87.614812,41.86698],[-87.614621,41.866972],[-87.614552,41.866857],[-87.614812,41.86698]]]}},{"type":"Feature","properties":{"name":null},"geometry":{"type":"Polygon","coordinates":[[[-87.652302,41.872113],[-87.652357,41.871949],[-87.652363,41.872205],[-87.652302,41.872113]]]}},{"type":"Feature","properties":{"name":null},"geometry":{"type":"Polygon","coordinates":[[[-87.665335,41.86345],[-87.665371,41.863719],[-87.665352,41.864144],[-87.665335,41.86345]]]}},{"type":"Feature","properties":{"name":null},"geometry":{"type":"Polygon","coordinates":[[[-87.664526,41.86449],[-87.662757,41.864645],[-87.662751,41.864518],[-87.664526,41.86449]]]}},{"type":"Feature","properties":{"name":null},"geometry":{"type":"Polygon","coordinates":[[[-87.664194,41.862497],[-87.664278,41.862482],[-87.66503,41.862492],[-87.664194,41.862497]]]}},{"type":"Feature","properties":{"name":null},"geometry":{"type":"Polygon","coordinates":[[[-87.665541,41.862448],[-87.664284,41.862018],[-87.665553,41.862002],[-87.665541,41.862448]]]}},{"type":"Feature","properties":{"name":null},"geometry":{"type":"Polygon","coordinates":[[[-87.665568,41.862467],[-87.665483,41.863203],[-87.665462,41.862465],[-87.665568,41.862467]]]}},{"type":"Feature","properties":{"name":null},"geometry":{"type":"Polygon","coordinates":[[[-87.665239,41.863135],[-87.665438,41.862465],[-87.665456,41.863131],[-87.665239,41.863135]]]}},{"type":"Feature","properties":{"name":null},"geometry":{"type":"Polygon","coordinates":[[[-87.66508,41.863101],[-87.665128,41.8626],[-87.665143,41.863101],[-87.66508,41.863101]]]}},{"type":"Feature","properties":{"name":null},"geometry":{"type":"Polygon","coordinates":[[[-87.665035,41.862561],[-87.664669,41.862639],[-87.664666,41.862589],[-87.665035,41.862561]]]}},{"type":"Feature","properties":{"name":null},"geometry":{"type":"Polygon","coordinates":[[[-87.664795,41.862656],[-87.66505,41.863008],[-87.664806,41.863012],[-87.664795,41.862656]]]}},{"type":"Feature","properties":{"name":null},"geometry":{"type":"Polygon","coordinates":[[[-87.664599,41.862641],[-87.664405,41.862569],[-87.664598,41.862592],[-87.664599,41.862641]]]}},{"type":"Feature","properties":{"name":null},"geometry":{"type":"Polygon","coordinates":[[[-87.664253,41.862672],[-87.664098,41.862557],[-87.664254,41.862587],[-87.664253,41.862672]]]}},{"type":"Feature","properties":{"name":null},"geometry":{"type":"Polygon","coordinates":[[[-87.662729,41.865928],[-87.665635,41.865819],[-87.665638,41.865886],[-87.662729,41.865928]]]}},{"type":"Feature","properties":{"name":null},"geometry":{"type":"Polygon","coordinates":[[[-87.670028,41.864227],[-87.67117,41.864534],[-87.670038,41.864552],[-87.670028,41.864227]]]}},{"type":"Feature","properties":{"name":null},"geometry":{"type":"Polygon","coordinates":[[[-87.655007,41.887932],[-87.654665,41.887826],[-87.655576,41.887834],[-87.655007,41.887932]]]}},{"type":"Feature","properties":{"name":null},"geometry":{"type":"Polygon","coordinates":[[[-87.645247,41.884628],[-87.645323,41.88559],[-87.64526,41.885592],[-87.645247,41.884628]]]}},{"type":"Feature","properties":{"name":null},"geometry":{"type":"Polygon","coordinates":[[[-87.65882,41.891594],[-87.658893,41.891746],[-87.658695,41.891749],[-87.65882,41.891594]]]}},{"type":"Feature","properties":{"name":null},"geometry":{"type":"Polygon","coordinates":[[[-87.634735,41.898525],[-87.635281,41.89888],[-87.634725,41.898891],[-87.634735,41.898525]]]}},{"type":"Feature","properties":{"name":null},"geometry":{"type":"Polygon","coordinates":[[[-87.63075,41.867558],[-87.631361,41.867524],[-87.631362,41.867549],[-87.63075,41.867558]]]}},{"type":"Feature","properties":{"name":null},"geometry":{"type":"Polygon","coordinates":[[[-87.630268,41.867945],[-87.629675,41.867623],[-87.63026,41.867616],[-87.630268,41.867945]]]}},{"type":"Feature","properties":{"name":null},"geometry":{"type":"Polygon","coordinates":[[[-87.664493,41.863363],[-87.662649,41.86449],[-87.661685,41.863401],[-87.664493,41.863363]]]}},{"type":"Feature","properties":{"name":null},"geometry":{"type":"Polygon","coordinates":[[[-87.662723,41.865828],[-87.66457,41.864701],[-87.664599,41.865801],[-87.662723,41.865828]]]}},{"type":"Feature","properties":{"name":null},"geometry":{"type":"Polygon","coordinates":[[[-87.664647,41.865786],[-87.665566,41.8647],[-87.665589,41.865773],[-87.664647,41.865786]]]}},{"type":"Feature","properties":{"name":null},"geometry":{"type":"Polygon","coordinates":[[[-87.659535,41.890954],[-87.659393,41.890899],[-87.659526,41.890758],[-87.659535,41.890954]]]}},{"type":"Feature","properties":{"name":null},"geometry":{"type":"Polygon","coordinates":[[[-87.619843,41.883942],[-87.620245,41.88399],[-87.620082,41.884091],[-87.619843,41.883942]]]}},{"type":"Feature","properties":{"name":null},"geometry":{"type":"Polygon","coordinates":[[[-87.619788,41.884097],[-87.619435,41.88412],[-87.619279,41.88403],[-87.619788,41.884097]]]}},{"type":"Feature","properties":{"name":null},"geometry":{"type":"Polygon","coordinates":[[[-87.618965,41.884034],[-87.618662,41.884157],[-87.61837,41.884092],[-87.618965,41.884034]]]}},{"type":"Feature","properties":{"name":null},"geometry":{"type":"Polygon","coordinates":[[[-87.620189,41.883032],[-87.620032,41.883122],[-87.619891,41.883115],[-87.620189,41.883032]]]}},{"type":"Feature","properties":{"name":null},"geometry":{"type":"Polygon","coordinates":[[[-87.619773,41.882603],[-87.61944,41.882826],[-87.619447,41.882542],[-87.619773,41.882603]]]}},{"type":"Feature","properties":{"name":null},"geometry":{"type":"Polygon","coordinates":[[[-87.650407,41.870161],[-87.649919,41.869873],[-87.650636,41.869907],[-87.650407,41.870161]]]}},{"type":"Feature","properties":{"name":null},"geometry":{"type":"Polygon","coordinates":[[[-87.643533,41.881947],[-87.643853,41.881994],[-87.643533,41.881996],[-87.643533,41.881947]]]}},{"type":"Feature","properties":{"name":null},"geometry":{"type":"Polygon","coordinates":[[[-87.642163,41.881959],[-87.642082,41.882116],[-87.642079,41.881961],[-87.642163,41.881959]]]}},{"type":"Feature","properties":{"name":null},"geometry":{"type":"Polygon","coordinates":[[[-87.654251,41.864583],[-87.653254,41.863941],[-87.654228,41.863922],[-87.654251,41.864583]]]}},{"type":"Feature","properties":{"name":null},"geometry":{"type":"Polygon","coordinates":[[[-87.645398,41.899901],[-87.645538,41.899982],[-87.645497,41.900006],[-87.645398,41.899901]]]}},{"type":"Feature","properties":{"name":null},"geometry":{"type":"Polygon","coordinates":[[[-87.642005,41.896186],[-87.64257,41.896348],[-87.642008,41.896355],[-87.642005,41.896186]]]}},{"type":"Feature","properties":{"name":null},"geometry":{"type":"Polygon","coordinates":[[[-87.656825,41.863171],[-87.657161,41.86333],[-87.65671,41.863336],[-87.656825,41.863171]]]}},{"type":"Feature","properties":{"name":null},"geometry":{"type":"Polygon","coordinates":[[[-87.660707,41.875024],[-87.659848,41.874354],[-87.660693,41.874614],[-87.660707,41.875024]]]}},{"type":"Feature","properties":{"name":null},"geometry":{"type":"Polygon","coordinates":[[[-87.661363,41.87445],[-87.661673,41.874321],[-87.661686,41.874755],[-87.661363,41.87445]]]}},{"type":"Feature","properties":{"name":null},"geometry":{"type":"Polygon","coordinates":[[[-87.661687,41.874777],[-87.661146,41.87519],[-87.661137,41.875182],[-87.661687,41.874777]]]}},{"type":"Feature","properties":{"name":null},"geometry":{"type":"Polygon","coordinates":[[[-87.655358,41.874467],[-87.654776,41.87442],[-87.655356,41.874425],[-87.655358,41.874467]]]}},{"type":"Feature","properties":{"name":null},"geometry":{"type":"Polygon","coordinates":[[[-87.653557,41.874688],[-87.653136,41.874852],[-87.653132,41.874694],[-87.653557,41.874688]]]}}]}